{"type": "FeatureCollection", "features": [{"type": "Feature", "geometry": {"type": "Point", "coordinates": [126.735854, 35.225272]}, "properties": {"addr": "광산구 고봉로 905", "cnt": 2}}, {"type": "Feature", "geometry": {"type": "Point", "coordinates": [126.699911, 35.162851]}, "properties": {"addr": "광산구 삼도로 342", "cnt": 1}}, {"type": "Feature", "geometry": {"type": "Point", "coordinates": [126.699911, 35.162851]}, "properties": {"addr": "광산구 삼도로 342", "cnt": 1}}, {"type": "Feature", "geometry": {"type": "Point", "coordinates": [126.789353, 35.127057]}, "properties": {"addr": "광산구 도산로9번길 58", "cnt": 4}}, {"type": "Feature", "geometry": {"type": "Point", "coordinates": [126.789865, 35.130739]}, "properties": {"addr": "광산구 남동길48번길 25", "cnt": 2}}, {"type": "Feature", "geometry": {"type": "Point", "coordinates": [126.789865, 35.130739]}, "properties": {"addr": "광산구 남동길48번길 25", "cnt": 1}}, {"type": "Feature", "geometry": {"type": "Point", "coordinates": [126.789865, 35.130739]}, "properties": {"addr": "광산구 남동길48번길 25", "cnt": 1}}, {"type": "Feature", "geometry": {"type": "Point", "coordinates": [126.789238, 35.130713]}, "properties": {"addr": "광산구 남동길 42-13", "cnt": 3}}, {"type": "Feature", "geometry": {"type": "Point", "coordinates": [126.79152, 35.129063]}, "properties": {"addr": "광산구 도산로 9", "cnt": 1}}, {"type": "Feature", "geometry": {"type": "Point", "coordinates": [126.79152, 35.129063]}, "properties": {"addr": "광산구 도산로 9", "cnt": 1}}, {"type": "Feature", "geometry": {"type": "Point", "coordinates": [126.79152, 35.129063]}, "properties": {"addr": "광산구 도산로 9", "cnt": 1}}, {"type": "Feature", "geometry": {"type": "Point", "coordinates": [126.798872, 35.131463]}, "properties": {"addr": "광산구 송도로212번길 54", "cnt": 2}}, {"type": "Feature", "geometry": {"type": "Point", "coordinates": [126.793985, 35.12935]}, "properties": {"addr": "광산구 송도로 168-10", "cnt": 1}}, {"type": "Feature", "geometry": {"type": "Point", "coordinates": [126.793985, 35.12935]}, "properties": {"addr": "광산구 송도로 168-10", "cnt": 1}}, {"type": "Feature", "geometry": {"type": "Point", "coordinates": [126.79201, 35.133135]}, "properties": {"addr": "광산구 신도산길 82", "cnt": 2}}, {"type": "Feature", "geometry": {"type": "Point", "coordinates": [126.79201, 35.133135]}, "properties": {"addr": "광산구 신도산길 82", "cnt": 2}}, {"type": "Feature", "geometry": {"type": "Point", "coordinates": [126.813321, 35.209033]}, "properties": {"addr": "광산구 하남산단8번로 165", "cnt": 1}}, {"type": "Feature", "geometry": {"type": "Point", "coordinates": [126.813321, 35.209033]}, "properties": {"addr": "광산구 하남산단8번로 165", "cnt": 3}}, {"type": "Feature", "geometry": {"type": "Point", "coordinates": [126.818338, 35.219585]}, "properties": {"addr": "광산구 비아로62번길 12", "cnt": 1}}, {"type": "Feature", "geometry": {"type": "Point", "coordinates": [126.818338, 35.219585]}, "properties": {"addr": "광산구 비아로62번길 12", "cnt": 1}}, {"type": "Feature", "geometry": {"type": "Point", "coordinates": [126.818338, 35.219585]}, "properties": {"addr": "광산구 비아로62번길 12", "cnt": 1}}, {"type": "Feature", "geometry": {"type": "Point", "coordinates": [126.818338, 35.219585]}, "properties": {"addr": "광산구 비아로62번길 12", "cnt": 1}}, {"type": "Feature", "geometry": {"type": "Point", "coordinates": [126.819645, 35.220059]}, "properties": {"addr": "광산구 비아로45번길 8-2", "cnt": 1}}, {"type": "Feature", "geometry": {"type": "Point", "coordinates": [126.819645, 35.220059]}, "properties": {"addr": "광산구 비아로45번길 8-2", "cnt": 1}}, {"type": "Feature", "geometry": {"type": "Point", "coordinates": [126.819645, 35.220059]}, "properties": {"addr": "광산구 비아로45번길 8-2", "cnt": 1}}, {"type": "Feature", "geometry": {"type": "Point", "coordinates": [126.691227, 35.212452]}, "properties": {"addr": "광산구 동림동 316-5", "cnt": 1}}, {"type": "Feature", "geometry": {"type": "Point", "coordinates": [126.691227, 35.212452]}, "properties": {"addr": "광산구 동림동 316-5", "cnt": 1}}, {"type": "Feature", "geometry": {"type": "Point", "coordinates": [126.722107, 35.12284]}, "properties": {"addr": "광산구 평동로 420", "cnt": 2}}, {"type": "Feature", "geometry": {"type": "Point", "coordinates": [126.738141, 35.159286]}, "properties": {"addr": "광산구 박호동 산169", "cnt": 2}}, {"type": "Feature", "geometry": {"type": "Point", "coordinates": [126.788356, 35.084367]}, "properties": {"addr": "광산구 마곡길 39", "cnt": 2}}, {"type": "Feature", "geometry": {"type": "Point", "coordinates": [126.788356, 35.084367]}, "properties": {"addr": "광산구 마곡길 39", "cnt": 1}}, {"type": "Feature", "geometry": {"type": "Point", "coordinates": [126.82516, 35.223641]}, "properties": {"addr": "광산구 비아로 185", "cnt": 2}}, {"type": "Feature", "geometry": {"type": "Point", "coordinates": [126.82516, 35.223641]}, "properties": {"addr": "광산구 비아로 185", "cnt": 1}}, {"type": "Feature", "geometry": {"type": "Point", "coordinates": [126.82516, 35.223641]}, "properties": {"addr": "광산구 비아로 185", "cnt": 1}}, {"type": "Feature", "geometry": {"type": "Point", "coordinates": [126.82487, 35.220662]}, "properties": {"addr": "광산구 비아중앙로 18-1", "cnt": 1}}, {"type": "Feature", "geometry": {"type": "Point", "coordinates": [126.82487, 35.220662]}, "properties": {"addr": "광산구 비아중앙로 18-1", "cnt": 1}}, {"type": "Feature", "geometry": {"type": "Point", "coordinates": [126.819085, 35.222374]}, "properties": {"addr": "광산구 비아로 136", "cnt": 2}}, {"type": "Feature", "geometry": {"type": "Point", "coordinates": [126.819085, 35.222374]}, "properties": {"addr": "광산구 비아로 136", "cnt": 1}}, {"type": "Feature", "geometry": {"type": "Point", "coordinates": [126.819085, 35.222374]}, "properties": {"addr": "광산구 비아로 136", "cnt": 1}}, {"type": "Feature", "geometry": {"type": "Point", "coordinates": [126.817423, 35.220769]}, "properties": {"addr": "광산구 비아안길 19", "cnt": 2}}, {"type": "Feature", "geometry": {"type": "Point", "coordinates": [126.818957, 35.221648]}, "properties": {"addr": "광산구 비아로62번길 56-24", "cnt": 1}}, {"type": "Feature", "geometry": {"type": "Point", "coordinates": [126.818957, 35.221648]}, "properties": {"addr": "광산구 비아로62번길 56-24", "cnt": 3}}, {"type": "Feature", "geometry": {"type": "Point", "coordinates": [126.818957, 35.221648]}, "properties": {"addr": "광산구 비아로62번길 56-24", "cnt": 2}}, {"type": "Feature", "geometry": {"type": "Point", "coordinates": [126.846412, 35.206351]}, "properties": {"addr": "광산구 첨단봉산안길 2", "cnt": 1}}, {"type": "Feature", "geometry": {"type": "Point", "coordinates": [126.851163, 35.206883]}, "properties": {"addr": "광산구 산월동 880-1", "cnt": 2}}, {"type": "Feature", "geometry": {"type": "Point", "coordinates": [126.851163, 35.206883]}, "properties": {"addr": "광산구 산월동 880-1", "cnt": 2}}, {"type": "Feature", "geometry": {"type": "Point", "coordinates": [126.84746, 35.213291]}, "properties": {"addr": "광산구 산월동 882-8", "cnt": 1}}, {"type": "Feature", "geometry": {"type": "Point", "coordinates": [126.84746, 35.213291]}, "properties": {"addr": "광산구 산월동 882-8", "cnt": 2}}, {"type": "Feature", "geometry": {"type": "Point", "coordinates": [126.847398, 35.208911]}, "properties": {"addr": "광산구 산월로 101", "cnt": 2}}, {"type": "Feature", "geometry": {"type": "Point", "coordinates": [126.798293, 35.172069]}, "properties": {"addr": "광산구 목련로2번길 19", "cnt": 2}}, {"type": "Feature", "geometry": {"type": "Point", "coordinates": [126.800224, 35.170591]}, "properties": {"addr": "광산구 목련로22번길 31", "cnt": 2}}, {"type": "Feature", "geometry": {"type": "Point", "coordinates": [126.800224, 35.170591]}, "properties": {"addr": "광산구 목련로22번길 31", "cnt": 1}}, {"type": "Feature", "geometry": {"type": "Point", "coordinates": [126.799573, 35.16423]}, "properties": {"addr": "광산구 산정동 882-21", "cnt": 1}}, {"type": "Feature", "geometry": {"type": "Point", "coordinates": [126.799573, 35.16423]}, "properties": {"addr": "광산구 산정동 882-21", "cnt": 2}}, {"type": "Feature", "geometry": {"type": "Point", "coordinates": [126.806318, 35.173834]}, "properties": {"addr": "광산구 산정공원로 71", "cnt": 4}}, {"type": "Feature", "geometry": {"type": "Point", "coordinates": [126.803071, 35.168288]}, "properties": {"addr": "광산구 산정로17번길 10", "cnt": 1}}, {"type": "Feature", "geometry": {"type": "Point", "coordinates": [126.803071, 35.168288]}, "properties": {"addr": "광산구 산정로17번길 10", "cnt": 1}}, {"type": "Feature", "geometry": {"type": "Point", "coordinates": [126.804017, 35.16965]}, "properties": {"addr": "광산구 산정로 34", "cnt": 1}}, {"type": "Feature", "geometry": {"type": "Point", "coordinates": [126.804017, 35.16965]}, "properties": {"addr": "광산구 산정로 34", "cnt": 1}}, {"type": "Feature", "geometry": {"type": "Point", "coordinates": [126.804017, 35.16965]}, "properties": {"addr": "광산구 산정로 34", "cnt": 1}}, {"type": "Feature", "geometry": {"type": "Point", "coordinates": [126.804017, 35.16965]}, "properties": {"addr": "광산구 산정로 34", "cnt": 1}}, {"type": "Feature", "geometry": {"type": "Point", "coordinates": [126.674396, 35.163659]}, "properties": {"addr": "광산구 삼거동 438-4", "cnt": 1}}, {"type": "Feature", "geometry": {"type": "Point", "coordinates": [126.674396, 35.163659]}, "properties": {"addr": "광산구 삼거동 438-4", "cnt": 1}}, {"type": "Feature", "geometry": {"type": "Point", "coordinates": [126.773158, 35.146369]}, "properties": {"addr": "광산구 선운로2번길 35", "cnt": 2}}, {"type": "Feature", "geometry": {"type": "Point", "coordinates": [126.773158, 35.146369]}, "properties": {"addr": "광산구 선운로2번길 35", "cnt": 2}}, {"type": "Feature", "geometry": {"type": "Point", "coordinates": [126.769575, 35.148118]}, "properties": {"addr": "광산구 선운로 1", "cnt": 2}}, {"type": "Feature", "geometry": {"type": "Point", "coordinates": [126.769575, 35.148118]}, "properties": {"addr": "광산구 선운로 1", "cnt": 1}}, {"type": "Feature", "geometry": {"type": "Point", "coordinates": [126.781455, 35.144748]}, "properties": {"addr": "광산구 어등대로648번길 146", "cnt": 2}}, {"type": "Feature", "geometry": {"type": "Point", "coordinates": [126.797349, 35.147605]}, "properties": {"addr": "광산구 소촌동 304-2", "cnt": 1}}, {"type": "Feature", "geometry": {"type": "Point", "coordinates": [126.797349, 35.147605]}, "properties": {"addr": "광산구 소촌동 304-2", "cnt": 1}}, {"type": "Feature", "geometry": {"type": "Point", "coordinates": [126.797349, 35.147605]}, "properties": {"addr": "광산구 소촌동 304-2", "cnt": 1}}, {"type": "Feature", "geometry": {"type": "Point", "coordinates": [126.79879, 35.145698]}, "properties": {"addr": "광산구 송정공원로23번길 1", "cnt": 1}}, {"type": "Feature", "geometry": {"type": "Point", "coordinates": [126.79879, 35.145698]}, "properties": {"addr": "광산구 송정공원로23번길 1", "cnt": 1}}, {"type": "Feature", "geometry": {"type": "Point", "coordinates": [126.79879, 35.145698]}, "properties": {"addr": "광산구 송정공원로23번길 1", "cnt": 1}}, {"type": "Feature", "geometry": {"type": "Point", "coordinates": [126.793615, 35.143993]}, "properties": {"addr": "광산구 어등대로647번길 30-15", "cnt": 1}}, {"type": "Feature", "geometry": {"type": "Point", "coordinates": [126.793615, 35.143993]}, "properties": {"addr": "광산구 어등대로647번길 30-15", "cnt": 1}}, {"type": "Feature", "geometry": {"type": "Point", "coordinates": [126.791534, 35.146244]}, "properties": {"addr": "광산구 어등대로665번길 20", "cnt": 1}}, {"type": "Feature", "geometry": {"type": "Point", "coordinates": [126.791534, 35.146244]}, "properties": {"addr": "광산구 어등대로665번길 20", "cnt": 1}}, {"type": "Feature", "geometry": {"type": "Point", "coordinates": [126.791534, 35.146244]}, "properties": {"addr": "광산구 어등대로665번길 20", "cnt": 2}}, {"type": "Feature", "geometry": {"type": "Point", "coordinates": [126.802497, 35.151739]}, "properties": {"addr": "광산구 금봉로 37", "cnt": 1}}, {"type": "Feature", "geometry": {"type": "Point", "coordinates": [126.802497, 35.151739]}, "properties": {"addr": "광산구 금봉로 37", "cnt": 2}}, {"type": "Feature", "geometry": {"type": "Point", "coordinates": [126.798705, 35.150013]}, "properties": {"addr": "광산구 송정공원로 74", "cnt": 1}}, {"type": "Feature", "geometry": {"type": "Point", "coordinates": [126.798705, 35.150013]}, "properties": {"addr": "광산구 송정공원로 74", "cnt": 1}}, {"type": "Feature", "geometry": {"type": "Point", "coordinates": [126.73604, 35.158426]}, "properties": {"addr": "광산구 박호등임로 43-1", "cnt": 2}}, {"type": "Feature", "geometry": {"type": "Point", "coordinates": [126.73604, 35.158426]}, "properties": {"addr": "광산구 박호등임로 43-1", "cnt": 1}}, {"type": "Feature", "geometry": {"type": "Point", "coordinates": [126.73604, 35.158426]}, "properties": {"addr": "광산구 박호등임로 43-1", "cnt": 1}}, {"type": "Feature", "geometry": {"type": "Point", "coordinates": [126.732216, 35.158219]}, "properties": {"addr": "광산구 송산동 256-20", "cnt": 2}}, {"type": "Feature", "geometry": {"type": "Point", "coordinates": [126.732216, 35.158219]}, "properties": {"addr": "광산구 송산동 256-20", "cnt": 1}}, {"type": "Feature", "geometry": {"type": "Point", "coordinates": [126.785956, 35.134942]}, "properties": {"addr": "광산구 송정동 1145-8", "cnt": 2}}, {"type": "Feature", "geometry": {"type": "Point", "coordinates": [126.785956, 35.134942]}, "properties": {"addr": "광산구 송정동 1145-8", "cnt": 2}}, {"type": "Feature", "geometry": {"type": "Point", "coordinates": [126.798462, 35.135095]}, "properties": {"addr": "광산구 송정로65번길 28", "cnt": 1}}, {"type": "Feature", "geometry": {"type": "Point", "coordinates": [126.798462, 35.135095]}, "properties": {"addr": "광산구 송정로65번길 28", "cnt": 1}}, {"type": "Feature", "geometry": {"type": "Point", "coordinates": [126.798462, 35.135095]}, "properties": {"addr": "광산구 송정로65번길 28", "cnt": 1}}, {"type": "Feature", "geometry": {"type": "Point", "coordinates": [126.8013, 35.137559]}, "properties": {"addr": "광산구 송도로270번길 39", "cnt": 3}}, {"type": "Feature", "geometry": {"type": "Point", "coordinates": [126.803049, 35.136939]}, "properties": {"addr": "광산구 용보로27번길 28", "cnt": 1}}, {"type": "Feature", "geometry": {"type": "Point", "coordinates": [126.803049, 35.136939]}, "properties": {"addr": "광산구 용보로27번길 28", "cnt": 1}}, {"type": "Feature", "geometry": {"type": "Point", "coordinates": [126.803049, 35.136939]}, "properties": {"addr": "광산구 용보로27번길 28", "cnt": 1}}, {"type": "Feature", "geometry": {"type": "Point", "coordinates": [126.804825, 35.138998]}, "properties": {"addr": "광산구 송도로304번길 78", "cnt": 1}}, {"type": "Feature", "geometry": {"type": "Point", "coordinates": [126.804825, 35.138998]}, "properties": {"addr": "광산구 송도로304번길 78", "cnt": 2}}, {"type": "Feature", "geometry": {"type": "Point", "coordinates": [126.800701, 35.137057]}, "properties": {"addr": "광산구 용보로 14", "cnt": 1}}, {"type": "Feature", "geometry": {"type": "Point", "coordinates": [126.800701, 35.137057]}, "properties": {"addr": "광산구 용보로 14", "cnt": 1}}, {"type": "Feature", "geometry": {"type": "Point", "coordinates": [126.799022, 35.138816]}, "properties": {"addr": "광산구 내상로33번안길 22", "cnt": 2}}, {"type": "Feature", "geometry": {"type": "Point", "coordinates": [126.799096, 35.140094]}, "properties": {"addr": "광산구 내상로33번길 46", "cnt": 1}}, {"type": "Feature", "geometry": {"type": "Point", "coordinates": [126.799096, 35.140094]}, "properties": {"addr": "광산구 내상로33번길 46", "cnt": 2}}, {"type": "Feature", "geometry": {"type": "Point", "coordinates": [126.799096, 35.140094]}, "properties": {"addr": "광산구 내상로33번길 46", "cnt": 1}}, {"type": "Feature", "geometry": {"type": "Point", "coordinates": [126.797191, 35.140185]}, "properties": {"addr": "광산구 광산로 56-1", "cnt": 2}}, {"type": "Feature", "geometry": {"type": "Point", "coordinates": [126.797191, 35.140185]}, "properties": {"addr": "광산구 광산로 56-1", "cnt": 1}}, {"type": "Feature", "geometry": {"type": "Point", "coordinates": [126.797191, 35.140185]}, "properties": {"addr": "광산구 광산로 56-1", "cnt": 1}}, {"type": "Feature", "geometry": {"type": "Point", "coordinates": [126.800985, 35.140207]}, "properties": {"addr": "광산구 송도로 305", "cnt": 1}}, {"type": "Feature", "geometry": {"type": "Point", "coordinates": [126.800985, 35.140207]}, "properties": {"addr": "광산구 송도로 305", "cnt": 1}}, {"type": "Feature", "geometry": {"type": "Point", "coordinates": [126.805314, 35.139902]}, "properties": {"addr": "광산구 송정동 71-5", "cnt": 1}}, {"type": "Feature", "geometry": {"type": "Point", "coordinates": [126.805314, 35.139902]}, "properties": {"addr": "광산구 송정동 71-5", "cnt": 2}}, {"type": "Feature", "geometry": {"type": "Point", "coordinates": [126.799836, 35.142564]}, "properties": {"addr": "광산구 광산로89번길 15", "cnt": 1}}, {"type": "Feature", "geometry": {"type": "Point", "coordinates": [126.799514, 35.142939]}, "properties": {"addr": "광산구 광산로89번길 15", "cnt": 1}}, {"type": "Feature", "geometry": {"type": "Point", "coordinates": [126.799836, 35.142564]}, "properties": {"addr": "광산구 광산로89번길 15", "cnt": 1}}, {"type": "Feature", "geometry": {"type": "Point", "coordinates": [126.799836, 35.142564]}, "properties": {"addr": "광산구 광산로89번길 15", "cnt": 1}}, {"type": "Feature", "geometry": {"type": "Point", "coordinates": [126.799514, 35.142939]}, "properties": {"addr": "광산구 광산로89번길 15", "cnt": 1}}, {"type": "Feature", "geometry": {"type": "Point", "coordinates": [126.797792, 35.141233]}, "properties": {"addr": "광산구 송정동 763-3", "cnt": 1}}, {"type": "Feature", "geometry": {"type": "Point", "coordinates": [126.797792, 35.141233]}, "properties": {"addr": "광산구 송정동 763-3", "cnt": 1}}, {"type": "Feature", "geometry": {"type": "Point", "coordinates": [126.797792, 35.141233]}, "properties": {"addr": "광산구 송정동 763-3", "cnt": 1}}, {"type": "Feature", "geometry": {"type": "Point", "coordinates": [126.797792, 35.141233]}, "properties": {"addr": "광산구 송정동 763-3", "cnt": 1}}, {"type": "Feature", "geometry": {"type": "Point", "coordinates": [126.797159, 35.138612]}, "properties": {"addr": "광산구 내상로 39", "cnt": 2}}, {"type": "Feature", "geometry": {"type": "Point", "coordinates": [126.794579, 35.137443]}, "properties": {"addr": "광산구 송정동 817-2", "cnt": 2}}, {"type": "Feature", "geometry": {"type": "Point", "coordinates": [126.794579, 35.137443]}, "properties": {"addr": "광산구 송정동 817-2", "cnt": 1}}, {"type": "Feature", "geometry": {"type": "Point", "coordinates": [126.794579, 35.137443]}, "properties": {"addr": "광산구 송정동 817-2", "cnt": 1}}, {"type": "Feature", "geometry": {"type": "Point", "coordinates": [126.793599, 35.135634]}, "properties": {"addr": "광산구 송정로30번길 16", "cnt": 1}}, {"type": "Feature", "geometry": {"type": "Point", "coordinates": [126.793599, 35.135634]}, "properties": {"addr": "광산구 송정로30번길 16", "cnt": 1}}, {"type": "Feature", "geometry": {"type": "Point", "coordinates": [126.793599, 35.135634]}, "properties": {"addr": "광산구 송정로30번길 16", "cnt": 1}}, {"type": "Feature", "geometry": {"type": "Point", "coordinates": [126.793599, 35.135634]}, "properties": {"addr": "광산구 송정로30번길 16", "cnt": 1}}, {"type": "Feature", "geometry": {"type": "Point", "coordinates": [126.796882, 35.135962]}, "properties": {"addr": "광산구 송정로51번길 15", "cnt": 2}}, {"type": "Feature", "geometry": {"type": "Point", "coordinates": [126.796882, 35.135962]}, "properties": {"addr": "광산구 송정로51번길 15", "cnt": 1}}, {"type": "Feature", "geometry": {"type": "Point", "coordinates": [126.796882, 35.135962]}, "properties": {"addr": "광산구 송정로51번길 15", "cnt": 1}}, {"type": "Feature", "geometry": {"type": "Point", "coordinates": [126.791121, 35.135417]}, "properties": {"addr": "광산구 송정로8번길 40", "cnt": 2}}, {"type": "Feature", "geometry": {"type": "Point", "coordinates": [126.791121, 35.135417]}, "properties": {"addr": "광산구 송정로8번길 40", "cnt": 1}}, {"type": "Feature", "geometry": {"type": "Point", "coordinates": [126.791121, 35.135417]}, "properties": {"addr": "광산구 송정로8번길 40", "cnt": 1}}, {"type": "Feature", "geometry": {"type": "Point", "coordinates": [126.823978, 35.189491]}, "properties": {"addr": "광산구 임방울대로 330", "cnt": 1}}, {"type": "Feature", "geometry": {"type": "Point", "coordinates": [126.823978, 35.189491]}, "properties": {"addr": "광산구 임방울대로 330", "cnt": 1}}, {"type": "Feature", "geometry": {"type": "Point", "coordinates": [126.823978, 35.189491]}, "properties": {"addr": "광산구 임방울대로 330", "cnt": 1}}, {"type": "Feature", "geometry": {"type": "Point", "coordinates": [126.82547, 35.202151]}, "properties": {"addr": "광산구 하완길 19", "cnt": 1}}, {"type": "Feature", "geometry": {"type": "Point", "coordinates": [126.82547, 35.202151]}, "properties": {"addr": "광산구 하완길 19", "cnt": 1}}, {"type": "Feature", "geometry": {"type": "Point", "coordinates": [126.837122, 35.184642]}, "properties": {"addr": "광산구 수등로258번길 2", "cnt": 1}}, {"type": "Feature", "geometry": {"type": "Point", "coordinates": [126.837122, 35.184642]}, "properties": {"addr": "광산구 수등로258번길 2", "cnt": 3}}, {"type": "Feature", "geometry": {"type": "Point", "coordinates": [126.83631, 35.181465]}, "properties": {"addr": "광산구 신가동 303-3", "cnt": 1}}, {"type": "Feature", "geometry": {"type": "Point", "coordinates": [126.83631, 35.181465]}, "properties": {"addr": "광산구 신가동 303-3", "cnt": 2}}, {"type": "Feature", "geometry": {"type": "Point", "coordinates": [126.79323, 35.129785]}, "properties": {"addr": "광산구 도산동 777-1", "cnt": 1}}, {"type": "Feature", "geometry": {"type": "Point", "coordinates": [126.79323, 35.129785]}, "properties": {"addr": "광산구 도산동 777-1", "cnt": 1}}, {"type": "Feature", "geometry": {"type": "Point", "coordinates": [126.789244, 35.132168]}, "properties": {"addr": "광산구 신도산길 27-12", "cnt": 1}}, {"type": "Feature", "geometry": {"type": "Point", "coordinates": [126.789244, 35.132168]}, "properties": {"addr": "광산구 신도산길 27-12", "cnt": 1}}, {"type": "Feature", "geometry": {"type": "Point", "coordinates": [126.832025, 35.183393]}, "properties": {"addr": "광산구 목련로397번안길 16", "cnt": 1}}, {"type": "Feature", "geometry": {"type": "Point", "coordinates": [126.832025, 35.183393]}, "properties": {"addr": "광산구 목련로397번안길 16", "cnt": 2}}, {"type": "Feature", "geometry": {"type": "Point", "coordinates": [126.761142, 35.210437]}, "properties": {"addr": "광산구 신룡동 486-4", "cnt": 1}}, {"type": "Feature", "geometry": {"type": "Point", "coordinates": [126.761142, 35.210437]}, "properties": {"addr": "광산구 신룡동 486-4", "cnt": 2}}, {"type": "Feature", "geometry": {"type": "Point", "coordinates": [126.849942, 35.19104]}, "properties": {"addr": "광산구 구촌반촌길 242", "cnt": 3}}, {"type": "Feature", "geometry": {"type": "Point", "coordinates": [126.83839, 35.188358]}, "properties": {"addr": "광산구 신창로36번길 28", "cnt": 2}}, {"type": "Feature", "geometry": {"type": "Point", "coordinates": [126.839703, 35.200211]}, "properties": {"addr": "광산구 신창로161번길 34", "cnt": 2}}, {"type": "Feature", "geometry": {"type": "Point", "coordinates": [126.838514, 35.199331]}, "properties": {"addr": "광산구 신창동 1112", "cnt": 2}}, {"type": "Feature", "geometry": {"type": "Point", "coordinates": [126.838514, 35.199331]}, "properties": {"addr": "광산구 신창동 1112", "cnt": 1}}, {"type": "Feature", "geometry": {"type": "Point", "coordinates": [126.838514, 35.199331]}, "properties": {"addr": "광산구 신창동 1112", "cnt": 1}}, {"type": "Feature", "geometry": {"type": "Point", "coordinates": [126.840743, 35.196013]}, "properties": {"addr": "광산구 신창로138번길 32-3", "cnt": 1}}, {"type": "Feature", "geometry": {"type": "Point", "coordinates": [126.840743, 35.196013]}, "properties": {"addr": "광산구 신창로138번길 32-3", "cnt": 2}}, {"type": "Feature", "geometry": {"type": "Point", "coordinates": [126.84424, 35.197573]}, "properties": {"addr": "광산구 신창로162번길 69", "cnt": 2}}, {"type": "Feature", "geometry": {"type": "Point", "coordinates": [126.84424, 35.197573]}, "properties": {"addr": "광산구 신창로162번길 69", "cnt": 1}}, {"type": "Feature", "geometry": {"type": "Point", "coordinates": [126.842522, 35.197624]}, "properties": {"addr": "광산구 신창로162번길 39-3", "cnt": 1}}, {"type": "Feature", "geometry": {"type": "Point", "coordinates": [126.842522, 35.197624]}, "properties": {"addr": "광산구 신창로162번길 39-3", "cnt": 1}}, {"type": "Feature", "geometry": {"type": "Point", "coordinates": [126.840074, 35.190415]}, "properties": {"addr": "광산구 신창로48번길 53-13", "cnt": 1}}, {"type": "Feature", "geometry": {"type": "Point", "coordinates": [126.840074, 35.190415]}, "properties": {"addr": "광산구 신창로48번길 53-13", "cnt": 1}}, {"type": "Feature", "geometry": {"type": "Point", "coordinates": [126.840074, 35.190415]}, "properties": {"addr": "광산구 신창로48번길 53-13", "cnt": 1}}, {"type": "Feature", "geometry": {"type": "Point", "coordinates": [126.839053, 35.189567]}, "properties": {"addr": "광산구 신창로48번길 36", "cnt": 2}}, {"type": "Feature", "geometry": {"type": "Point", "coordinates": [126.839053, 35.189567]}, "properties": {"addr": "광산구 신창로48번길 36", "cnt": 1}}, {"type": "Feature", "geometry": {"type": "Point", "coordinates": [126.839053, 35.189567]}, "properties": {"addr": "광산구 신창로48번길 36", "cnt": 1}}, {"type": "Feature", "geometry": {"type": "Point", "coordinates": [126.839187, 35.191604]}, "properties": {"addr": "광산구 신창로72번길 10-29", "cnt": 1}}, {"type": "Feature", "geometry": {"type": "Point", "coordinates": [126.839187, 35.191604]}, "properties": {"addr": "광산구 신창로72번길 10-29", "cnt": 1}}, {"type": "Feature", "geometry": {"type": "Point", "coordinates": [126.839187, 35.191604]}, "properties": {"addr": "광산구 신창로72번길 10-29", "cnt": 1}}, {"type": "Feature", "geometry": {"type": "Point", "coordinates": [126.83911, 35.191153]}, "properties": {"addr": "광산구 장신로 261", "cnt": 1}}, {"type": "Feature", "geometry": {"type": "Point", "coordinates": [126.83911, 35.191153]}, "properties": {"addr": "광산구 장신로 261", "cnt": 1}}, {"type": "Feature", "geometry": {"type": "Point", "coordinates": [126.83911, 35.191153]}, "properties": {"addr": "광산구 장신로 261", "cnt": 1}}, {"type": "Feature", "geometry": {"type": "Point", "coordinates": [126.838402, 35.193484]}, "properties": {"addr": "광산구 신창동 1231", "cnt": 2}}, {"type": "Feature", "geometry": {"type": "Point", "coordinates": [126.847084, 35.193839]}, "properties": {"addr": "광산구 신창동 634-4", "cnt": 1}}, {"type": "Feature", "geometry": {"type": "Point", "coordinates": [126.847084, 35.193839]}, "properties": {"addr": "광산구 신창동 634-4", "cnt": 1}}, {"type": "Feature", "geometry": {"type": "Point", "coordinates": [126.847084, 35.193839]}, "properties": {"addr": "광산구 신창동 634-4", "cnt": 1}}, {"type": "Feature", "geometry": {"type": "Point", "coordinates": [126.846565, 35.192632]}, "properties": {"addr": "광산구 북문대로419번길 51", "cnt": 2}}, {"type": "Feature", "geometry": {"type": "Point", "coordinates": [126.846565, 35.192632]}, "properties": {"addr": "광산구 북문대로419번길 51", "cnt": 1}}, {"type": "Feature", "geometry": {"type": "Point", "coordinates": [126.843101, 35.193009]}, "properties": {"addr": "광산구 왕버들로322번길 26", "cnt": 1}}, {"type": "Feature", "geometry": {"type": "Point", "coordinates": [126.843101, 35.193009]}, "properties": {"addr": "광산구 왕버들로322번길 26", "cnt": 1}}, {"type": "Feature", "geometry": {"type": "Point", "coordinates": [126.800499, 35.1455]}, "properties": {"addr": "광산구 신촌동 1075-14", "cnt": 1}}, {"type": "Feature", "geometry": {"type": "Point", "coordinates": [126.800499, 35.1455]}, "properties": {"addr": "광산구 신촌동 1075-14", "cnt": 1}}, {"type": "Feature", "geometry": {"type": "Point", "coordinates": [126.800499, 35.1455]}, "properties": {"addr": "광산구 신촌동 1075-14", "cnt": 1}}, {"type": "Feature", "geometry": {"type": "Point", "coordinates": [126.809629, 35.141621]}, "properties": {"addr": "광산구 신촌동 695-43", "cnt": 1}}, {"type": "Feature", "geometry": {"type": "Point", "coordinates": [126.809629, 35.141621]}, "properties": {"addr": "광산구 신촌동 695-43", "cnt": 1}}, {"type": "Feature", "geometry": {"type": "Point", "coordinates": [126.806636, 35.145958]}, "properties": {"addr": "광산구 사암로27번길 25", "cnt": 1}}, {"type": "Feature", "geometry": {"type": "Point", "coordinates": [126.806636, 35.145958]}, "properties": {"addr": "광산구 사암로27번길 25", "cnt": 2}}, {"type": "Feature", "geometry": {"type": "Point", "coordinates": [126.842257, 35.218136]}, "properties": {"addr": "광산구 첨단중앙로152번길 6-8", "cnt": 2}}, {"type": "Feature", "geometry": {"type": "Point", "coordinates": [126.842257, 35.218136]}, "properties": {"addr": "광산구 첨단중앙로152번길 6-8", "cnt": 2}}, {"type": "Feature", "geometry": {"type": "Point", "coordinates": [126.843203, 35.218916]}, "properties": {"addr": "광산구 첨단중앙로152번길 16", "cnt": 1}}, {"type": "Feature", "geometry": {"type": "Point", "coordinates": [126.843203, 35.218916]}, "properties": {"addr": "광산구 첨단중앙로152번길 16", "cnt": 1}}, {"type": "Feature", "geometry": {"type": "Point", "coordinates": [126.843203, 35.218916]}, "properties": {"addr": "광산구 첨단중앙로152번길 16", "cnt": 1}}, {"type": "Feature", "geometry": {"type": "Point", "coordinates": [126.843779, 35.219648]}, "properties": {"addr": "광산구 첨단중앙로152번길 31-7", "cnt": 1}}, {"type": "Feature", "geometry": {"type": "Point", "coordinates": [126.843779, 35.219648]}, "properties": {"addr": "광산구 첨단중앙로152번길 31-7", "cnt": 1}}, {"type": "Feature", "geometry": {"type": "Point", "coordinates": [126.843779, 35.219648]}, "properties": {"addr": "광산구 첨단중앙로152번길 31-7", "cnt": 1}}, {"type": "Feature", "geometry": {"type": "Point", "coordinates": [126.844017, 35.220583]}, "properties": {"addr": "광산구 첨단중앙로152번길 31-16", "cnt": 2}}, {"type": "Feature", "geometry": {"type": "Point", "coordinates": [126.844017, 35.220583]}, "properties": {"addr": "광산구 첨단중앙로152번길 31-16", "cnt": 1}}, {"type": "Feature", "geometry": {"type": "Point", "coordinates": [126.844017, 35.220583]}, "properties": {"addr": "광산구 첨단중앙로152번길 31-16", "cnt": 1}}, {"type": "Feature", "geometry": {"type": "Point", "coordinates": [126.846148, 35.222008]}, "properties": {"addr": "광산구 첨단중앙로182번길 46", "cnt": 1}}, {"type": "Feature", "geometry": {"type": "Point", "coordinates": [126.846148, 35.222008]}, "properties": {"addr": "광산구 첨단중앙로182번길 46", "cnt": 1}}, {"type": "Feature", "geometry": {"type": "Point", "coordinates": [126.852597, 35.217364]}, "properties": {"addr": "광산구 첨단강변로99번길 22", "cnt": 1}}, {"type": "Feature", "geometry": {"type": "Point", "coordinates": [126.852597, 35.217364]}, "properties": {"addr": "광산구 첨단강변로99번길 22", "cnt": 1}}, {"type": "Feature", "geometry": {"type": "Point", "coordinates": [126.852597, 35.217364]}, "properties": {"addr": "광산구 첨단강변로99번길 22", "cnt": 1}}, {"type": "Feature", "geometry": {"type": "Point", "coordinates": [126.80494, 35.216665]}, "properties": {"addr": "광산구 안청동 275-29", "cnt": 1}}, {"type": "Feature", "geometry": {"type": "Point", "coordinates": [126.80494, 35.216665]}, "properties": {"addr": "광산구 안청동 275-29", "cnt": 1}}, {"type": "Feature", "geometry": {"type": "Point", "coordinates": [126.80494, 35.216665]}, "properties": {"addr": "광산구 안청동 275-29", "cnt": 1}}, {"type": "Feature", "geometry": {"type": "Point", "coordinates": [126.80494, 35.216665]}, "properties": {"addr": "광산구 안청동 275-29", "cnt": 1}}, {"type": "Feature", "geometry": {"type": "Point", "coordinates": [126.813129, 35.213511]}, "properties": {"addr": "광산구 하남산단9번로 153", "cnt": 1}}, {"type": "Feature", "geometry": {"type": "Point", "coordinates": [126.813129, 35.213511]}, "properties": {"addr": "광산구 하남산단9번로 153", "cnt": 1}}, {"type": "Feature", "geometry": {"type": "Point", "coordinates": [126.813129, 35.213511]}, "properties": {"addr": "광산구 하남산단9번로 153", "cnt": 1}}, {"type": "Feature", "geometry": {"type": "Point", "coordinates": [126.804121, 35.202522]}, "properties": {"addr": "광산구 하남산단6번로 79", "cnt": 1}}, {"type": "Feature", "geometry": {"type": "Point", "coordinates": [126.804121, 35.202522]}, "properties": {"addr": "광산구 하남산단6번로 79", "cnt": 1}}, {"type": "Feature", "geometry": {"type": "Point", "coordinates": [126.804121, 35.202522]}, "properties": {"addr": "광산구 하남산단6번로 79", "cnt": 1}}, {"type": "Feature", "geometry": {"type": "Point", "coordinates": [126.795405, 35.202496]}, "properties": {"addr": "광산구 하남산단6번로 5", "cnt": 1}}, {"type": "Feature", "geometry": {"type": "Point", "coordinates": [126.795405, 35.202496]}, "properties": {"addr": "광산구 하남산단6번로 5", "cnt": 1}}, {"type": "Feature", "geometry": {"type": "Point", "coordinates": [126.795405, 35.202496]}, "properties": {"addr": "광산구 하남산단6번로 5", "cnt": 1}}, {"type": "Feature", "geometry": {"type": "Point", "coordinates": [126.81047, 35.202471]}, "properties": {"addr": "광산구 장덕동 505-51", "cnt": 1}}, {"type": "Feature", "geometry": {"type": "Point", "coordinates": [126.81047, 35.202471]}, "properties": {"addr": "광산구 장덕동 505-51", "cnt": 1}}, {"type": "Feature", "geometry": {"type": "Point", "coordinates": [126.81047, 35.202471]}, "properties": {"addr": "광산구 장덕동 505-51", "cnt": 1}}, {"type": "Feature", "geometry": {"type": "Point", "coordinates": [126.763828, 35.124795]}, "properties": {"addr": "광산구 평동로 819", "cnt": 1}}, {"type": "Feature", "geometry": {"type": "Point", "coordinates": [126.763828, 35.124795]}, "properties": {"addr": "광산구 평동로 819", "cnt": 1}}, {"type": "Feature", "geometry": {"type": "Point", "coordinates": [126.763828, 35.124795]}, "properties": {"addr": "광산구 평동로 819", "cnt": 1}}, {"type": "Feature", "geometry": {"type": "Point", "coordinates": [126.762172, 35.126141]}, "properties": {"addr": "광산구 평동로803번길 26", "cnt": 2}}, {"type": "Feature", "geometry": {"type": "Point", "coordinates": [126.762172, 35.126141]}, "properties": {"addr": "광산구 평동로803번길 26", "cnt": 2}}, {"type": "Feature", "geometry": {"type": "Point", "coordinates": [126.75572, 35.133033]}, "properties": {"addr": "광산구 평동산단2번로 58", "cnt": 1}}, {"type": "Feature", "geometry": {"type": "Point", "coordinates": [126.75572, 35.133033]}, "properties": {"addr": "광산구 평동산단2번로 58", "cnt": 1}}, {"type": "Feature", "geometry": {"type": "Point", "coordinates": [126.75572, 35.133033]}, "properties": {"addr": "광산구 평동산단2번로 58", "cnt": 1}}, {"type": "Feature", "geometry": {"type": "Point", "coordinates": [126.813825, 35.154611]}, "properties": {"addr": "광산구 사암로118번길 116", "cnt": 2}}, {"type": "Feature", "geometry": {"type": "Point", "coordinates": [126.813825, 35.154611]}, "properties": {"addr": "광산구 사암로118번길 116", "cnt": 2}}, {"type": "Feature", "geometry": {"type": "Point", "coordinates": [126.811217, 35.152663]}, "properties": {"addr": "광산구 사암로92번길 79-3", "cnt": 2}}, {"type": "Feature", "geometry": {"type": "Point", "coordinates": [126.80928, 35.153612]}, "properties": {"addr": "광산구 사암로92번길 23-46", "cnt": 1}}, {"type": "Feature", "geometry": {"type": "Point", "coordinates": [126.80928, 35.153612]}, "properties": {"addr": "광산구 사암로92번길 23-46", "cnt": 2}}, {"type": "Feature", "geometry": {"type": "Point", "coordinates": [126.80928, 35.153612]}, "properties": {"addr": "광산구 사암로92번길 23-46", "cnt": 1}}, {"type": "Feature", "geometry": {"type": "Point", "coordinates": [126.815408, 35.156185]}, "properties": {"addr": "광산구 우산로 138", "cnt": 1}}, {"type": "Feature", "geometry": {"type": "Point", "coordinates": [126.815408, 35.156185]}, "properties": {"addr": "광산구 우산로 138", "cnt": 1}}, {"type": "Feature", "geometry": {"type": "Point", "coordinates": [126.815408, 35.156185]}, "properties": {"addr": "광산구 우산로 138", "cnt": 1}}, {"type": "Feature", "geometry": {"type": "Point", "coordinates": [126.807784, 35.161239]}, "properties": {"addr": "광산구 우산동 1094", "cnt": 2}}, {"type": "Feature", "geometry": {"type": "Point", "coordinates": [126.826594, 35.143024]}, "properties": {"addr": "광산구 우산동 111-1", "cnt": 1}}, {"type": "Feature", "geometry": {"type": "Point", "coordinates": [126.826594, 35.143024]}, "properties": {"addr": "광산구 우산동 111-1", "cnt": 1}}, {"type": "Feature", "geometry": {"type": "Point", "coordinates": [126.81065, 35.156548]}, "properties": {"addr": "광산구 우산동 1192-2", "cnt": 1}}, {"type": "Feature", "geometry": {"type": "Point", "coordinates": [126.81065, 35.156548]}, "properties": {"addr": "광산구 우산동 1192-2", "cnt": 1}}, {"type": "Feature", "geometry": {"type": "Point", "coordinates": [126.81065, 35.156548]}, "properties": {"addr": "광산구 우산동 1192-2", "cnt": 1}}, {"type": "Feature", "geometry": {"type": "Point", "coordinates": [126.81065, 35.156548]}, "properties": {"addr": "광산구 우산동 1192-2", "cnt": 1}}, {"type": "Feature", "geometry": {"type": "Point", "coordinates": [126.811719, 35.159437]}, "properties": {"addr": "광산구 사암로172번길 70", "cnt": 2}}, {"type": "Feature", "geometry": {"type": "Point", "coordinates": [126.811719, 35.159437]}, "properties": {"addr": "광산구 사암로172번길 70", "cnt": 2}}, {"type": "Feature", "geometry": {"type": "Point", "coordinates": [126.80344, 35.159996]}, "properties": {"addr": "광산구 사암로171번길 78", "cnt": 1}}, {"type": "Feature", "geometry": {"type": "Point", "coordinates": [126.80344, 35.159996]}, "properties": {"addr": "광산구 사암로171번길 78", "cnt": 1}}, {"type": "Feature", "geometry": {"type": "Point", "coordinates": [126.80344, 35.159996]}, "properties": {"addr": "광산구 사암로171번길 78", "cnt": 1}}, {"type": "Feature", "geometry": {"type": "Point", "coordinates": [126.821376, 35.173462]}, "properties": {"addr": "광산구 목련로217번길 22", "cnt": 2}}, {"type": "Feature", "geometry": {"type": "Point", "coordinates": [126.821376, 35.173462]}, "properties": {"addr": "광산구 목련로217번길 22", "cnt": 1}}, {"type": "Feature", "geometry": {"type": "Point", "coordinates": [126.825357, 35.17348]}, "properties": {"addr": "광산구 운남동 761-18", "cnt": 1}}, {"type": "Feature", "geometry": {"type": "Point", "coordinates": [126.825357, 35.17348]}, "properties": {"addr": "광산구 운남동 761-18", "cnt": 3}}, {"type": "Feature", "geometry": {"type": "Point", "coordinates": [126.818573, 35.176299]}, "properties": {"addr": "광산구 목련로273번안길 111", "cnt": 1}}, {"type": "Feature", "geometry": {"type": "Point", "coordinates": [126.818573, 35.176299]}, "properties": {"addr": "광산구 목련로273번안길 111", "cnt": 1}}, {"type": "Feature", "geometry": {"type": "Point", "coordinates": [126.818573, 35.176299]}, "properties": {"addr": "광산구 목련로273번안길 111", "cnt": 1}}, {"type": "Feature", "geometry": {"type": "Point", "coordinates": [126.825509, 35.177009]}, "properties": {"addr": "광산구 목련로273번길 52", "cnt": 1}}, {"type": "Feature", "geometry": {"type": "Point", "coordinates": [126.825509, 35.177009]}, "properties": {"addr": "광산구 목련로273번길 52", "cnt": 2}}, {"type": "Feature", "geometry": {"type": "Point", "coordinates": [126.825509, 35.177009]}, "properties": {"addr": "광산구 목련로273번길 52", "cnt": 1}}, {"type": "Feature", "geometry": {"type": "Point", "coordinates": [126.814459, 35.174697]}, "properties": {"addr": "광산구 목련로153번길 61", "cnt": 2}}, {"type": "Feature", "geometry": {"type": "Point", "coordinates": [126.813797, 35.174047]}, "properties": {"addr": "광산구 운남동 792-19", "cnt": 1}}, {"type": "Feature", "geometry": {"type": "Point", "coordinates": [126.813797, 35.174047]}, "properties": {"addr": "광산구 운남동 792-19", "cnt": 1}}, {"type": "Feature", "geometry": {"type": "Point", "coordinates": [126.813797, 35.174047]}, "properties": {"addr": "광산구 운남동 792-19", "cnt": 1}}, {"type": "Feature", "geometry": {"type": "Point", "coordinates": [126.8946, 35.14393]}, "properties": {"addr": "남구 월광1길 9-2", "cnt": 1}}, {"type": "Feature", "geometry": {"type": "Point", "coordinates": [126.8946, 35.14393]}, "properties": {"addr": "남구 월광1길 9-2", "cnt": 1}}, {"type": "Feature", "geometry": {"type": "Point", "coordinates": [126.784801, 35.152834]}, "properties": {"addr": "광산구 어등대로563번길 12", "cnt": 2}}, {"type": "Feature", "geometry": {"type": "Point", "coordinates": [126.834616, 35.210732]}, "properties": {"addr": "광산구 월계로34번길 40", "cnt": 1}}, {"type": "Feature", "geometry": {"type": "Point", "coordinates": [126.830916, 35.218162]}, "properties": {"addr": "광산구 첨단중앙로181번길 104", "cnt": 3}}, {"type": "Feature", "geometry": {"type": "Point", "coordinates": [126.840983, 35.222924]}, "properties": {"addr": "광산구 월계동 757-9", "cnt": 1}}, {"type": "Feature", "geometry": {"type": "Point", "coordinates": [126.840983, 35.222924]}, "properties": {"addr": "광산구 월계동 757-9", "cnt": 1}}, {"type": "Feature", "geometry": {"type": "Point", "coordinates": [126.840983, 35.222924]}, "properties": {"addr": "광산구 월계동 757-9", "cnt": 1}}, {"type": "Feature", "geometry": {"type": "Point", "coordinates": [126.828723, 35.218453]}, "properties": {"addr": "광산구 월계동 761-2", "cnt": 1}}, {"type": "Feature", "geometry": {"type": "Point", "coordinates": [126.828723, 35.218453]}, "properties": {"addr": "광산구 월계동 761-2", "cnt": 1}}, {"type": "Feature", "geometry": {"type": "Point", "coordinates": [126.811676, 35.176335]}, "properties": {"addr": "광산구 풍영로 47", "cnt": 3}}, {"type": "Feature", "geometry": {"type": "Point", "coordinates": [126.834277, 35.209953]}, "properties": {"addr": "광산구 월계로34번길 22-6", "cnt": 1}}, {"type": "Feature", "geometry": {"type": "Point", "coordinates": [126.834277, 35.209953]}, "properties": {"addr": "광산구 월계로34번길 22-6", "cnt": 1}}, {"type": "Feature", "geometry": {"type": "Point", "coordinates": [126.835484, 35.207276]}, "properties": {"addr": "광산구 첨단내촌로 1", "cnt": 1}}, {"type": "Feature", "geometry": {"type": "Point", "coordinates": [126.835484, 35.207276]}, "properties": {"addr": "광산구 첨단내촌로 1", "cnt": 1}}, {"type": "Feature", "geometry": {"type": "Point", "coordinates": [126.836161, 35.209995]}, "properties": {"addr": "광산구 첨단내촌로35번길 17", "cnt": 1}}, {"type": "Feature", "geometry": {"type": "Point", "coordinates": [126.836161, 35.209995]}, "properties": {"addr": "광산구 첨단내촌로35번길 17", "cnt": 3}}, {"type": "Feature", "geometry": {"type": "Point", "coordinates": [126.840814, 35.213123]}, "properties": {"addr": "광산구 월계로140번길 10", "cnt": 3}}, {"type": "Feature", "geometry": {"type": "Point", "coordinates": [126.840814, 35.213123]}, "properties": {"addr": "광산구 월계로140번길 10", "cnt": 1}}, {"type": "Feature", "geometry": {"type": "Point", "coordinates": [126.842644, 35.211489]}, "properties": {"addr": "광산구 월계동 829-1", "cnt": 4}}, {"type": "Feature", "geometry": {"type": "Point", "coordinates": [126.837612, 35.210137]}, "properties": {"addr": "광산구 산월로3번길 27", "cnt": 2}}, {"type": "Feature", "geometry": {"type": "Point", "coordinates": [126.837612, 35.210137]}, "properties": {"addr": "광산구 산월로3번길 27", "cnt": 2}}, {"type": "Feature", "geometry": {"type": "Point", "coordinates": [126.839663, 35.210022]}, "properties": {"addr": "광산구 산월로21번길 21", "cnt": 1}}, {"type": "Feature", "geometry": {"type": "Point", "coordinates": [126.839663, 35.210022]}, "properties": {"addr": "광산구 산월로21번길 21", "cnt": 2}}, {"type": "Feature", "geometry": {"type": "Point", "coordinates": [126.843963, 35.205336]}, "properties": {"addr": "광산구 산월동 880-3", "cnt": 2}}, {"type": "Feature", "geometry": {"type": "Point", "coordinates": [126.843963, 35.205336]}, "properties": {"addr": "광산구 산월동 880-3", "cnt": 1}}, {"type": "Feature", "geometry": {"type": "Point", "coordinates": [126.837267, 35.20873]}, "properties": {"addr": "광산구 첨단내촌로 16", "cnt": 3}}, {"type": "Feature", "geometry": {"type": "Point", "coordinates": [126.843982, 35.215751]}, "properties": {"addr": "광산구 첨단중앙로116번길 20", "cnt": 1}}, {"type": "Feature", "geometry": {"type": "Point", "coordinates": [126.843982, 35.215751]}, "properties": {"addr": "광산구 첨단중앙로116번길 20", "cnt": 1}}, {"type": "Feature", "geometry": {"type": "Point", "coordinates": [126.843982, 35.215751]}, "properties": {"addr": "광산구 첨단중앙로116번길 20", "cnt": 2}}, {"type": "Feature", "geometry": {"type": "Point", "coordinates": [126.84399, 35.215367]}, "properties": {"addr": "광산구 첨단중앙로106번길 16", "cnt": 1}}, {"type": "Feature", "geometry": {"type": "Point", "coordinates": [126.84399, 35.215367]}, "properties": {"addr": "광산구 첨단중앙로106번길 16", "cnt": 1}}, {"type": "Feature", "geometry": {"type": "Point", "coordinates": [126.84399, 35.215367]}, "properties": {"addr": "광산구 첨단중앙로106번길 16", "cnt": 1}}, {"type": "Feature", "geometry": {"type": "Point", "coordinates": [126.840383, 35.211336]}, "properties": {"addr": "광산구 산월로21번길 26", "cnt": 1}}, {"type": "Feature", "geometry": {"type": "Point", "coordinates": [126.840383, 35.211336]}, "properties": {"addr": "광산구 산월로21번길 26", "cnt": 2}}, {"type": "Feature", "geometry": {"type": "Point", "coordinates": [126.812281, 35.171088]}, "properties": {"addr": "광산구 월곡중앙로54번길 21-7", "cnt": 1}}, {"type": "Feature", "geometry": {"type": "Point", "coordinates": [126.812281, 35.171088]}, "properties": {"addr": "광산구 월곡중앙로54번길 21-7", "cnt": 1}}, {"type": "Feature", "geometry": {"type": "Point", "coordinates": [126.807339, 35.172638]}, "properties": {"addr": "광산구 산정공원로60번길 22", "cnt": 1}}, {"type": "Feature", "geometry": {"type": "Point", "coordinates": [126.807339, 35.172638]}, "properties": {"addr": "광산구 산정공원로60번길 22", "cnt": 3}}, {"type": "Feature", "geometry": {"type": "Point", "coordinates": [126.810701, 35.167476]}, "properties": {"addr": "광산구 월곡중앙로 13", "cnt": 1}}, {"type": "Feature", "geometry": {"type": "Point", "coordinates": [126.810701, 35.167476]}, "properties": {"addr": "광산구 월곡중앙로 13", "cnt": 1}}, {"type": "Feature", "geometry": {"type": "Point", "coordinates": [126.810701, 35.167476]}, "properties": {"addr": "광산구 월곡중앙로 13", "cnt": 1}}, {"type": "Feature", "geometry": {"type": "Point", "coordinates": [126.808035, 35.171169]}, "properties": {"addr": "광산구 산정공원로28번길 45", "cnt": 2}}, {"type": "Feature", "geometry": {"type": "Point", "coordinates": [126.808035, 35.171169]}, "properties": {"addr": "광산구 산정공원로28번길 45", "cnt": 1}}, {"type": "Feature", "geometry": {"type": "Point", "coordinates": [126.816705, 35.168875]}, "properties": {"addr": "광산구 목련로142번길 90", "cnt": 1}}, {"type": "Feature", "geometry": {"type": "Point", "coordinates": [126.816705, 35.168875]}, "properties": {"addr": "광산구 목련로142번길 90", "cnt": 1}}, {"type": "Feature", "geometry": {"type": "Point", "coordinates": [126.816705, 35.168875]}, "properties": {"addr": "광산구 목련로142번길 90", "cnt": 1}}, {"type": "Feature", "geometry": {"type": "Point", "coordinates": [126.815893, 35.167051]}, "properties": {"addr": "광산구 월곡로72번길 17", "cnt": 2}}, {"type": "Feature", "geometry": {"type": "Point", "coordinates": [126.815893, 35.167051]}, "properties": {"addr": "광산구 월곡로72번길 17", "cnt": 1}}, {"type": "Feature", "geometry": {"type": "Point", "coordinates": [126.814142, 35.16694]}, "properties": {"addr": "광산구 월곡반월로16번길 23", "cnt": 1}}, {"type": "Feature", "geometry": {"type": "Point", "coordinates": [126.814142, 35.16694]}, "properties": {"addr": "광산구 월곡반월로16번길 23", "cnt": 1}}, {"type": "Feature", "geometry": {"type": "Point", "coordinates": [126.814142, 35.16694]}, "properties": {"addr": "광산구 월곡반월로16번길 23", "cnt": 1}}, {"type": "Feature", "geometry": {"type": "Point", "coordinates": [126.80742, 35.173831]}, "properties": {"addr": "광산구 월곡동 617", "cnt": 1}}, {"type": "Feature", "geometry": {"type": "Point", "coordinates": [126.80742, 35.173831]}, "properties": {"addr": "광산구 월곡동 617", "cnt": 1}}, {"type": "Feature", "geometry": {"type": "Point", "coordinates": [126.80742, 35.173831]}, "properties": {"addr": "광산구 월곡동 617", "cnt": 1}}, {"type": "Feature", "geometry": {"type": "Point", "coordinates": [126.812626, 35.16873]}, "properties": {"addr": "광산구 월곡동 640", "cnt": 1}}, {"type": "Feature", "geometry": {"type": "Point", "coordinates": [126.812626, 35.16873]}, "properties": {"addr": "광산구 월곡동 640", "cnt": 1}}, {"type": "Feature", "geometry": {"type": "Point", "coordinates": [126.812626, 35.16873]}, "properties": {"addr": "광산구 월곡동 640", "cnt": 1}}, {"type": "Feature", "geometry": {"type": "Point", "coordinates": [126.812607, 35.165758]}, "properties": {"addr": "광산구 월곡동 673", "cnt": 1}}, {"type": "Feature", "geometry": {"type": "Point", "coordinates": [126.812607, 35.165758]}, "properties": {"addr": "광산구 월곡동 673", "cnt": 3}}, {"type": "Feature", "geometry": {"type": "Point", "coordinates": [126.8112, 35.17603]}, "properties": {"addr": "광산구 사암로340번안길 20", "cnt": 1}}, {"type": "Feature", "geometry": {"type": "Point", "coordinates": [126.8112, 35.17603]}, "properties": {"addr": "광산구 사암로340번안길 20", "cnt": 1}}, {"type": "Feature", "geometry": {"type": "Point", "coordinates": [126.810217, 35.175621]}, "properties": {"addr": "광산구 사암로340번안길 6", "cnt": 1}}, {"type": "Feature", "geometry": {"type": "Point", "coordinates": [126.810217, 35.175621]}, "properties": {"addr": "광산구 사암로340번안길 6", "cnt": 3}}, {"type": "Feature", "geometry": {"type": "Point", "coordinates": [126.810223, 35.170097]}, "properties": {"addr": "광산구 월곡중앙로41번길 12", "cnt": 1}}, {"type": "Feature", "geometry": {"type": "Point", "coordinates": [126.810223, 35.170097]}, "properties": {"addr": "광산구 월곡중앙로41번길 12", "cnt": 1}}, {"type": "Feature", "geometry": {"type": "Point", "coordinates": [126.810223, 35.170097]}, "properties": {"addr": "광산구 월곡중앙로41번길 12", "cnt": 1}}, {"type": "Feature", "geometry": {"type": "Point", "coordinates": [126.810945, 35.169594]}, "properties": {"addr": "광산구 월곡중앙로 35", "cnt": 2}}, {"type": "Feature", "geometry": {"type": "Point", "coordinates": [126.810945, 35.169594]}, "properties": {"addr": "광산구 월곡중앙로 35", "cnt": 2}}, {"type": "Feature", "geometry": {"type": "Point", "coordinates": [126.806379, 35.17532]}, "properties": {"addr": "광산구 산정공원로 88", "cnt": 1}}, {"type": "Feature", "geometry": {"type": "Point", "coordinates": [126.806379, 35.17532]}, "properties": {"addr": "광산구 산정공원로 88", "cnt": 1}}, {"type": "Feature", "geometry": {"type": "Point", "coordinates": [126.806379, 35.17532]}, "properties": {"addr": "광산구 산정공원로 88", "cnt": 1}}, {"type": "Feature", "geometry": {"type": "Point", "coordinates": [126.806379, 35.17532]}, "properties": {"addr": "광산구 산정공원로 88", "cnt": 1}}, {"type": "Feature", "geometry": {"type": "Point", "coordinates": [126.805766, 35.17129]}, "properties": {"addr": "광산구 산정로54번길 23", "cnt": 1}}, {"type": "Feature", "geometry": {"type": "Point", "coordinates": [126.805766, 35.17129]}, "properties": {"addr": "광산구 산정로54번길 23", "cnt": 1}}, {"type": "Feature", "geometry": {"type": "Point", "coordinates": [126.795161, 35.192536]}, "properties": {"addr": "광산구 장덕동 1007", "cnt": 1}}, {"type": "Feature", "geometry": {"type": "Point", "coordinates": [126.795161, 35.192536]}, "properties": {"addr": "광산구 장덕동 1007", "cnt": 3}}, {"type": "Feature", "geometry": {"type": "Point", "coordinates": [126.819284, 35.199754]}, "properties": {"addr": "광산구 장덕로96번길 15", "cnt": 1}}, {"type": "Feature", "geometry": {"type": "Point", "coordinates": [126.819284, 35.199754]}, "properties": {"addr": "광산구 장덕로96번길 15", "cnt": 1}}, {"type": "Feature", "geometry": {"type": "Point", "coordinates": [126.819284, 35.199754]}, "properties": {"addr": "광산구 장덕로96번길 15", "cnt": 1}}, {"type": "Feature", "geometry": {"type": "Point", "coordinates": [126.815362, 35.1947]}, "properties": {"addr": "광산구 장덕로 55", "cnt": 1}}, {"type": "Feature", "geometry": {"type": "Point", "coordinates": [126.815362, 35.1947]}, "properties": {"addr": "광산구 장덕로 55", "cnt": 1}}, {"type": "Feature", "geometry": {"type": "Point", "coordinates": [126.815362, 35.1947]}, "properties": {"addr": "광산구 장덕로 55", "cnt": 2}}, {"type": "Feature", "geometry": {"type": "Point", "coordinates": [126.810648, 35.193727]}, "properties": {"addr": "광산구 장덕로6번길 59", "cnt": 1}}, {"type": "Feature", "geometry": {"type": "Point", "coordinates": [126.810648, 35.193727]}, "properties": {"addr": "광산구 장덕로6번길 59", "cnt": 1}}, {"type": "Feature", "geometry": {"type": "Point", "coordinates": [126.813409, 35.193473]}, "properties": {"addr": "광산구 풍영로229번안길 2-16", "cnt": 1}}, {"type": "Feature", "geometry": {"type": "Point", "coordinates": [126.813409, 35.193473]}, "properties": {"addr": "광산구 풍영로229번안길 2-16", "cnt": 1}}, {"type": "Feature", "geometry": {"type": "Point", "coordinates": [126.813409, 35.193473]}, "properties": {"addr": "광산구 풍영로229번안길 2-16", "cnt": 1}}, {"type": "Feature", "geometry": {"type": "Point", "coordinates": [126.812151, 35.186701]}, "properties": {"addr": "광산구 장덕동 1495", "cnt": 1}}, {"type": "Feature", "geometry": {"type": "Point", "coordinates": [126.812151, 35.186701]}, "properties": {"addr": "광산구 장덕동 1495", "cnt": 2}}, {"type": "Feature", "geometry": {"type": "Point", "coordinates": [126.807264, 35.171105]}, "properties": {"addr": "광산구 산정공원로28번길 13-12", "cnt": 2}}, {"type": "Feature", "geometry": {"type": "Point", "coordinates": [126.807264, 35.171105]}, "properties": {"addr": "광산구 산정공원로28번길 13-12", "cnt": 1}}, {"type": "Feature", "geometry": {"type": "Point", "coordinates": [126.808521, 35.190798]}, "properties": {"addr": "광산구 하남산단4번로 172", "cnt": 1}}, {"type": "Feature", "geometry": {"type": "Point", "coordinates": [126.808521, 35.190798]}, "properties": {"addr": "광산구 하남산단4번로 172", "cnt": 1}}, {"type": "Feature", "geometry": {"type": "Point", "coordinates": [126.808521, 35.190798]}, "properties": {"addr": "광산구 하남산단4번로 172", "cnt": 2}}, {"type": "Feature", "geometry": {"type": "Point", "coordinates": [126.781854, 35.135843]}, "properties": {"addr": "광산구 장록동 2-9", "cnt": 3}}, {"type": "Feature", "geometry": {"type": "Point", "coordinates": [126.773179, 35.138853]}, "properties": {"addr": "광산구 송촌길 1", "cnt": 1}}, {"type": "Feature", "geometry": {"type": "Point", "coordinates": [126.773179, 35.138853]}, "properties": {"addr": "광산구 송촌길 1", "cnt": 2}}, {"type": "Feature", "geometry": {"type": "Point", "coordinates": [126.804647, 35.180488]}, "properties": {"addr": "광산구 하남동 740", "cnt": 1}}, {"type": "Feature", "geometry": {"type": "Point", "coordinates": [126.804647, 35.180488]}, "properties": {"addr": "광산구 하남동 740", "cnt": 3}}, {"type": "Feature", "geometry": {"type": "Point", "coordinates": [126.795293, 35.18048]}, "properties": {"addr": "광산구 손재로 170", "cnt": 1}}, {"type": "Feature", "geometry": {"type": "Point", "coordinates": [126.795293, 35.18048]}, "properties": {"addr": "광산구 손재로 170", "cnt": 1}}, {"type": "Feature", "geometry": {"type": "Point", "coordinates": [126.795293, 35.18048]}, "properties": {"addr": "광산구 손재로 170", "cnt": 1}}, {"type": "Feature", "geometry": {"type": "Point", "coordinates": [126.795293, 35.18048]}, "properties": {"addr": "광산구 손재로 170", "cnt": 1}}, {"type": "Feature", "geometry": {"type": "Point", "coordinates": [126.796595, 35.177911]}, "properties": {"addr": "광산구 하남대로54번안길 74", "cnt": 1}}, {"type": "Feature", "geometry": {"type": "Point", "coordinates": [126.796595, 35.177911]}, "properties": {"addr": "광산구 하남대로54번안길 74", "cnt": 1}}, {"type": "Feature", "geometry": {"type": "Point", "coordinates": [126.796595, 35.177911]}, "properties": {"addr": "광산구 하남대로54번안길 74", "cnt": 1}}, {"type": "Feature", "geometry": {"type": "Point", "coordinates": [126.796595, 35.177911]}, "properties": {"addr": "광산구 하남대로54번안길 74", "cnt": 1}}, {"type": "Feature", "geometry": {"type": "Point", "coordinates": [126.858637, 35.150291]}, "properties": {"addr": "서구 상무대로 882", "cnt": 1}}, {"type": "Feature", "geometry": {"type": "Point", "coordinates": [126.858637, 35.150291]}, "properties": {"addr": "서구 상무대로 882", "cnt": 1}}, {"type": "Feature", "geometry": {"type": "Point", "coordinates": [126.858637, 35.150291]}, "properties": {"addr": "서구 상무대로 882", "cnt": 2}}, {"type": "Feature", "geometry": {"type": "Point", "coordinates": [126.800239, 35.177058]}, "properties": {"addr": "광산구 하남대로54번안길 142-6", "cnt": 1}}, {"type": "Feature", "geometry": {"type": "Point", "coordinates": [126.800239, 35.177058]}, "properties": {"addr": "광산구 하남대로54번안길 142-6", "cnt": 1}}, {"type": "Feature", "geometry": {"type": "Point", "coordinates": [126.800239, 35.177058]}, "properties": {"addr": "광산구 하남대로54번안길 142-6", "cnt": 1}}, {"type": "Feature", "geometry": {"type": "Point", "coordinates": [126.898161, 35.177586]}, "properties": {"addr": "북구 설죽로202번길 9", "cnt": 2}}, {"type": "Feature", "geometry": {"type": "Point", "coordinates": [126.898161, 35.177586]}, "properties": {"addr": "북구 설죽로202번길 9", "cnt": 1}}, {"type": "Feature", "geometry": {"type": "Point", "coordinates": [126.774575, 35.099297]}, "properties": {"addr": "광산구 동곡로185번길 13", "cnt": 1}}, {"type": "Feature", "geometry": {"type": "Point", "coordinates": [126.774575, 35.099297]}, "properties": {"addr": "광산구 동곡로185번길 13", "cnt": 1}}, {"type": "Feature", "geometry": {"type": "Point", "coordinates": [126.807958, 35.180173]}, "properties": {"addr": "광산구 흑석동 산59-2", "cnt": 1}}, {"type": "Feature", "geometry": {"type": "Point", "coordinates": [126.807958, 35.180173]}, "properties": {"addr": "광산구 흑석동 산59-2", "cnt": 1}}, {"type": "Feature", "geometry": {"type": "Point", "coordinates": [126.807958, 35.180173]}, "properties": {"addr": "광산구 흑석동 산59-2", "cnt": 1}}, {"type": "Feature", "geometry": {"type": "Point", "coordinates": [126.807958, 35.180173]}, "properties": {"addr": "광산구 흑석동 산59-2", "cnt": 1}}, {"type": "Feature", "geometry": {"type": "Point", "coordinates": [126.909879, 35.146766]}, "properties": {"addr": "남구 중앙로107번길 15", "cnt": 2}}, {"type": "Feature", "geometry": {"type": "Point", "coordinates": [126.910718, 35.144854]}, "properties": {"addr": "남구 중앙로128번길 18", "cnt": 1}}, {"type": "Feature", "geometry": {"type": "Point", "coordinates": [126.811646, 35.053175]}, "properties": {"addr": "남구 구소길 165", "cnt": 2}}, {"type": "Feature", "geometry": {"type": "Point", "coordinates": [126.896935, 35.101599]}, "properties": {"addr": "남구 노대동 670", "cnt": 1}}, {"type": "Feature", "geometry": {"type": "Point", "coordinates": [126.896935, 35.101599]}, "properties": {"addr": "남구 노대동 670", "cnt": 1}}, {"type": "Feature", "geometry": {"type": "Point", "coordinates": [126.903056, 35.110812]}, "properties": {"addr": "남구 효우로60번길 10", "cnt": 1}}, {"type": "Feature", "geometry": {"type": "Point", "coordinates": [126.903056, 35.110812]}, "properties": {"addr": "남구 효우로60번길 10", "cnt": 2}}, {"type": "Feature", "geometry": {"type": "Point", "coordinates": [126.904823, 35.105134]}, "properties": {"addr": "남구 효우로 87", "cnt": 1}}, {"type": "Feature", "geometry": {"type": "Point", "coordinates": [126.904823, 35.105134]}, "properties": {"addr": "남구 효우로 87", "cnt": 1}}, {"type": "Feature", "geometry": {"type": "Point", "coordinates": [126.904823, 35.105134]}, "properties": {"addr": "남구 효우로 87", "cnt": 1}}, {"type": "Feature", "geometry": {"type": "Point", "coordinates": [126.818287, 35.073215]}, "properties": {"addr": "남구 대지동 648-2", "cnt": 1}}, {"type": "Feature", "geometry": {"type": "Point", "coordinates": [126.818287, 35.073215]}, "properties": {"addr": "남구 대지동 648-2", "cnt": 1}}, {"type": "Feature", "geometry": {"type": "Point", "coordinates": [126.818287, 35.073215]}, "properties": {"addr": "남구 대지동 648-2", "cnt": 1}}, {"type": "Feature", "geometry": {"type": "Point", "coordinates": [126.924399, 35.129499]}, "properties": {"addr": "남구 방림동 11-1", "cnt": 2}}, {"type": "Feature", "geometry": {"type": "Point", "coordinates": [126.924399, 35.129499]}, "properties": {"addr": "남구 방림동 11-1", "cnt": 1}}, {"type": "Feature", "geometry": {"type": "Point", "coordinates": [126.914943, 35.131763]}, "properties": {"addr": "남구 방림동 444-14", "cnt": 1}}, {"type": "Feature", "geometry": {"type": "Point", "coordinates": [126.914943, 35.131763]}, "properties": {"addr": "남구 방림동 444-14", "cnt": 2}}, {"type": "Feature", "geometry": {"type": "Point", "coordinates": [126.918083, 35.13143]}, "properties": {"addr": "남구 용대로 170", "cnt": 1}}, {"type": "Feature", "geometry": {"type": "Point", "coordinates": [126.918083, 35.13143]}, "properties": {"addr": "남구 용대로 170", "cnt": 1}}, {"type": "Feature", "geometry": {"type": "Point", "coordinates": [126.918083, 35.13143]}, "properties": {"addr": "남구 용대로 170", "cnt": 1}}, {"type": "Feature", "geometry": {"type": "Point", "coordinates": [126.917822, 35.133486]}, "properties": {"addr": "남구 방림로 1", "cnt": 2}}, {"type": "Feature", "geometry": {"type": "Point", "coordinates": [126.917822, 35.133486]}, "properties": {"addr": "남구 방림로 1", "cnt": 1}}, {"type": "Feature", "geometry": {"type": "Point", "coordinates": [126.922408, 35.130692]}, "properties": {"addr": "남구 천변좌로566번나길 1", "cnt": 1}}, {"type": "Feature", "geometry": {"type": "Point", "coordinates": [126.922408, 35.130692]}, "properties": {"addr": "남구 천변좌로566번나길 1", "cnt": 1}}, {"type": "Feature", "geometry": {"type": "Point", "coordinates": [126.922408, 35.130692]}, "properties": {"addr": "남구 천변좌로566번나길 1", "cnt": 1}}, {"type": "Feature", "geometry": {"type": "Point", "coordinates": [126.907398, 35.134147]}, "properties": {"addr": "남구 백양로51번길 4", "cnt": 2}}, {"type": "Feature", "geometry": {"type": "Point", "coordinates": [126.903786, 35.135508]}, "properties": {"addr": "남구 백양로17번길 18-1", "cnt": 2}}, {"type": "Feature", "geometry": {"type": "Point", "coordinates": [126.903786, 35.135508]}, "properties": {"addr": "남구 백양로17번길 18-1", "cnt": 1}}, {"type": "Feature", "geometry": {"type": "Point", "coordinates": [126.903786, 35.135508]}, "properties": {"addr": "남구 백양로17번길 18-1", "cnt": 1}}, {"type": "Feature", "geometry": {"type": "Point", "coordinates": [126.908388, 35.136983]}, "properties": {"addr": "남구 백운로34번길 6-1", "cnt": 2}}, {"type": "Feature", "geometry": {"type": "Point", "coordinates": [126.908388, 35.136983]}, "properties": {"addr": "남구 백운로34번길 6-1", "cnt": 1}}, {"type": "Feature", "geometry": {"type": "Point", "coordinates": [126.907456, 35.134871]}, "properties": {"addr": "남구 백운로34번길 6-1", "cnt": 2}}, {"type": "Feature", "geometry": {"type": "Point", "coordinates": [126.907456, 35.134871]}, "properties": {"addr": "남구 백운로34번길 6-1", "cnt": 2}}, {"type": "Feature", "geometry": {"type": "Point", "coordinates": [126.909069, 35.135279]}, "properties": {"addr": "남구 백운로 15-1", "cnt": 3}}, {"type": "Feature", "geometry": {"type": "Point", "coordinates": [126.907186, 35.135734]}, "properties": {"addr": "남구 진다리로52번길 10-1", "cnt": 2}}, {"type": "Feature", "geometry": {"type": "Point", "coordinates": [126.907186, 35.135734]}, "properties": {"addr": "남구 진다리로52번길 10-1", "cnt": 2}}, {"type": "Feature", "geometry": {"type": "Point", "coordinates": [126.902104, 35.135526]}, "properties": {"addr": "남구 진다리로6번길 16-1", "cnt": 1}}, {"type": "Feature", "geometry": {"type": "Point", "coordinates": [126.902104, 35.135526]}, "properties": {"addr": "남구 진다리로6번길 16-1", "cnt": 1}}, {"type": "Feature", "geometry": {"type": "Point", "coordinates": [126.902104, 35.135526]}, "properties": {"addr": "남구 진다리로6번길 16-1", "cnt": 2}}, {"type": "Feature", "geometry": {"type": "Point", "coordinates": [126.90392, 35.133818]}, "properties": {"addr": "남구 백양로 19", "cnt": 1}}, {"type": "Feature", "geometry": {"type": "Point", "coordinates": [126.90392, 35.133818]}, "properties": {"addr": "남구 백양로 19", "cnt": 1}}, {"type": "Feature", "geometry": {"type": "Point", "coordinates": [126.90392, 35.133818]}, "properties": {"addr": "남구 백양로 19", "cnt": 1}}, {"type": "Feature", "geometry": {"type": "Point", "coordinates": [126.902767, 35.133936]}, "properties": {"addr": "남구 백양로7번길 2-1", "cnt": 1}}, {"type": "Feature", "geometry": {"type": "Point", "coordinates": [126.902767, 35.133936]}, "properties": {"addr": "남구 백양로7번길 2-1", "cnt": 1}}, {"type": "Feature", "geometry": {"type": "Point", "coordinates": [126.902767, 35.133936]}, "properties": {"addr": "남구 백양로7번길 2-1", "cnt": 1}}, {"type": "Feature", "geometry": {"type": "Point", "coordinates": [126.90499, 35.141923]}, "properties": {"addr": "남구 백운로99번길 9", "cnt": 2}}, {"type": "Feature", "geometry": {"type": "Point", "coordinates": [126.910861, 35.125718]}, "properties": {"addr": "남구 봉선동 473-3", "cnt": 2}}, {"type": "Feature", "geometry": {"type": "Point", "coordinates": [126.910861, 35.125718]}, "properties": {"addr": "남구 봉선동 473-3", "cnt": 1}}, {"type": "Feature", "geometry": {"type": "Point", "coordinates": [126.91326, 35.129699]}, "properties": {"addr": "남구 봉선1로73번길 18", "cnt": 3}}, {"type": "Feature", "geometry": {"type": "Point", "coordinates": [126.914414, 35.127966]}, "properties": {"addr": "남구 봉선1로 84", "cnt": 2}}, {"type": "Feature", "geometry": {"type": "Point", "coordinates": [126.914414, 35.127966]}, "properties": {"addr": "남구 봉선1로 84", "cnt": 1}}, {"type": "Feature", "geometry": {"type": "Point", "coordinates": [126.906983, 35.121531]}, "properties": {"addr": "남구 제석로 79", "cnt": 1}}, {"type": "Feature", "geometry": {"type": "Point", "coordinates": [126.906983, 35.121531]}, "properties": {"addr": "남구 제석로 79", "cnt": 1}}, {"type": "Feature", "geometry": {"type": "Point", "coordinates": [126.906983, 35.121531]}, "properties": {"addr": "남구 제석로 79", "cnt": 1}}, {"type": "Feature", "geometry": {"type": "Point", "coordinates": [126.910904, 35.129061]}, "properties": {"addr": "남구 봉선중앙로 91", "cnt": 2}}, {"type": "Feature", "geometry": {"type": "Point", "coordinates": [126.912009, 35.144304]}, "properties": {"addr": "남구 사직안길 27", "cnt": 2}}, {"type": "Feature", "geometry": {"type": "Point", "coordinates": [126.912009, 35.144304]}, "properties": {"addr": "남구 사직안길 27", "cnt": 1}}, {"type": "Feature", "geometry": {"type": "Point", "coordinates": [126.907438, 35.145911]}, "properties": {"addr": "남구 서오층석탑2길 2", "cnt": 2}}, {"type": "Feature", "geometry": {"type": "Point", "coordinates": [126.907438, 35.145911]}, "properties": {"addr": "남구 서오층석탑2길 2", "cnt": 1}}, {"type": "Feature", "geometry": {"type": "Point", "coordinates": [126.904709, 35.145517]}, "properties": {"addr": "남구 서동로2번안길 16", "cnt": 1}}, {"type": "Feature", "geometry": {"type": "Point", "coordinates": [126.904709, 35.145517]}, "properties": {"addr": "남구 서동로2번안길 16", "cnt": 1}}, {"type": "Feature", "geometry": {"type": "Point", "coordinates": [126.904709, 35.145517]}, "properties": {"addr": "남구 서동로2번안길 16", "cnt": 1}}, {"type": "Feature", "geometry": {"type": "Point", "coordinates": [126.907324, 35.14722]}, "properties": {"addr": "남구 서오층석탑길 36", "cnt": 2}}, {"type": "Feature", "geometry": {"type": "Point", "coordinates": [126.907324, 35.14722]}, "properties": {"addr": "남구 서오층석탑길 36", "cnt": 1}}, {"type": "Feature", "geometry": {"type": "Point", "coordinates": [126.90503, 35.147682]}, "properties": {"addr": "남구 서동로 38", "cnt": 2}}, {"type": "Feature", "geometry": {"type": "Point", "coordinates": [126.90503, 35.147682]}, "properties": {"addr": "남구 서동로 38", "cnt": 1}}, {"type": "Feature", "geometry": {"type": "Point", "coordinates": [126.908959, 35.143791]}, "properties": {"addr": "남구 중앙로110번길 15-1", "cnt": 2}}, {"type": "Feature", "geometry": {"type": "Point", "coordinates": [126.908959, 35.143791]}, "properties": {"addr": "남구 중앙로110번길 15-1", "cnt": 1}}, {"type": "Feature", "geometry": {"type": "Point", "coordinates": [126.906373, 35.143023]}, "properties": {"addr": "남구 백운로 109-1", "cnt": 2}}, {"type": "Feature", "geometry": {"type": "Point", "coordinates": [126.906373, 35.143023]}, "properties": {"addr": "남구 백운로 109-1", "cnt": 1}}, {"type": "Feature", "geometry": {"type": "Point", "coordinates": [126.80911, 35.087427]}, "properties": {"addr": "남구 석정1길 11-11", "cnt": 3}}, {"type": "Feature", "geometry": {"type": "Point", "coordinates": [126.881971, 35.109125]}, "properties": {"addr": "남구 송암로24번길 26", "cnt": 1}}, {"type": "Feature", "geometry": {"type": "Point", "coordinates": [126.881971, 35.109125]}, "properties": {"addr": "남구 송암로24번길 26", "cnt": 1}}, {"type": "Feature", "geometry": {"type": "Point", "coordinates": [126.881971, 35.109125]}, "properties": {"addr": "남구 송암로24번길 26", "cnt": 1}}, {"type": "Feature", "geometry": {"type": "Point", "coordinates": [126.875946, 35.111903]}, "properties": {"addr": "남구 송암로 78", "cnt": 2}}, {"type": "Feature", "geometry": {"type": "Point", "coordinates": [126.877863, 35.113069]}, "properties": {"addr": "남구 송암로24번나길 54", "cnt": 1}}, {"type": "Feature", "geometry": {"type": "Point", "coordinates": [126.877863, 35.113069]}, "properties": {"addr": "남구 송암로24번나길 54", "cnt": 1}}, {"type": "Feature", "geometry": {"type": "Point", "coordinates": [126.877863, 35.113069]}, "properties": {"addr": "남구 송암로24번나길 54", "cnt": 1}}, {"type": "Feature", "geometry": {"type": "Point", "coordinates": [126.876838, 35.107024]}, "properties": {"addr": "남구 입하2길 1", "cnt": 1}}, {"type": "Feature", "geometry": {"type": "Point", "coordinates": [126.876838, 35.107024]}, "properties": {"addr": "남구 입하2길 1", "cnt": 2}}, {"type": "Feature", "geometry": {"type": "Point", "coordinates": [126.782494, 35.055218]}, "properties": {"addr": "남구 포충로 19", "cnt": 2}}, {"type": "Feature", "geometry": {"type": "Point", "coordinates": [126.781193, 35.054344]}, "properties": {"addr": "남구 승촌동 305-1", "cnt": 2}}, {"type": "Feature", "geometry": {"type": "Point", "coordinates": [126.768095, 35.062994]}, "properties": {"addr": "남구 승촌동 634-3", "cnt": 2}}, {"type": "Feature", "geometry": {"type": "Point", "coordinates": [126.768095, 35.062994]}, "properties": {"addr": "남구 승촌동 634-3", "cnt": 1}}, {"type": "Feature", "geometry": {"type": "Point", "coordinates": [126.816411, 35.056422]}, "properties": {"addr": "남구 신장1길 2", "cnt": 1}}, {"type": "Feature", "geometry": {"type": "Point", "coordinates": [126.816411, 35.056422]}, "properties": {"addr": "남구 신장1길 2", "cnt": 2}}, {"type": "Feature", "geometry": {"type": "Point", "coordinates": [126.867336, 35.085626]}, "properties": {"addr": "남구 포충로 937", "cnt": 2}}, {"type": "Feature", "geometry": {"type": "Point", "coordinates": [126.867336, 35.085626]}, "properties": {"addr": "남구 포충로 937", "cnt": 1}}, {"type": "Feature", "geometry": {"type": "Point", "coordinates": [126.911325, 35.137585]}, "properties": {"addr": "남구 백서로 13", "cnt": 1}}, {"type": "Feature", "geometry": {"type": "Point", "coordinates": [126.911325, 35.137585]}, "properties": {"addr": "남구 백서로 13", "cnt": 1}}, {"type": "Feature", "geometry": {"type": "Point", "coordinates": [126.912554, 35.138736]}, "properties": {"addr": "남구 제중로47번길 10", "cnt": 1}}, {"type": "Feature", "geometry": {"type": "Point", "coordinates": [126.912554, 35.138736]}, "properties": {"addr": "남구 제중로47번길 10", "cnt": 1}}, {"type": "Feature", "geometry": {"type": "Point", "coordinates": [126.911639, 35.135125]}, "properties": {"addr": "남구 백양로89번길 6", "cnt": 1}}, {"type": "Feature", "geometry": {"type": "Point", "coordinates": [126.911639, 35.135125]}, "properties": {"addr": "남구 백양로89번길 6", "cnt": 1}}, {"type": "Feature", "geometry": {"type": "Point", "coordinates": [126.889328, 35.144391]}, "properties": {"addr": "남구 군분로130번길 5-2", "cnt": 2}}, {"type": "Feature", "geometry": {"type": "Point", "coordinates": [126.889328, 35.144391]}, "properties": {"addr": "남구 군분로130번길 5-2", "cnt": 1}}, {"type": "Feature", "geometry": {"type": "Point", "coordinates": [126.889328, 35.144391]}, "properties": {"addr": "남구 군분로130번길 5-2", "cnt": 1}}, {"type": "Feature", "geometry": {"type": "Point", "coordinates": [126.892004, 35.140044]}, "properties": {"addr": "남구 군분로 76", "cnt": 1}}, {"type": "Feature", "geometry": {"type": "Point", "coordinates": [126.892004, 35.140044]}, "properties": {"addr": "남구 군분로 76", "cnt": 2}}, {"type": "Feature", "geometry": {"type": "Point", "coordinates": [126.892004, 35.140044]}, "properties": {"addr": "남구 군분로 76", "cnt": 1}}, {"type": "Feature", "geometry": {"type": "Point", "coordinates": [126.890427, 35.14166]}, "properties": {"addr": "남구 군분로 97", "cnt": 2}}, {"type": "Feature", "geometry": {"type": "Point", "coordinates": [126.890427, 35.14166]}, "properties": {"addr": "남구 군분로 97", "cnt": 1}}, {"type": "Feature", "geometry": {"type": "Point", "coordinates": [126.890427, 35.14166]}, "properties": {"addr": "남구 군분로 97", "cnt": 1}}, {"type": "Feature", "geometry": {"type": "Point", "coordinates": [126.895408, 35.141939]}, "properties": {"addr": "남구 수박등로 21", "cnt": 2}}, {"type": "Feature", "geometry": {"type": "Point", "coordinates": [126.893342, 35.140683]}, "properties": {"addr": "남구 금화로422번길 39", "cnt": 1}}, {"type": "Feature", "geometry": {"type": "Point", "coordinates": [126.893342, 35.140683]}, "properties": {"addr": "남구 금화로422번길 39", "cnt": 1}}, {"type": "Feature", "geometry": {"type": "Point", "coordinates": [126.893342, 35.140683]}, "properties": {"addr": "남구 금화로422번길 39", "cnt": 1}}, {"type": "Feature", "geometry": {"type": "Point", "coordinates": [126.89432, 35.139212]}, "properties": {"addr": "남구 군분로62번길 10", "cnt": 2}}, {"type": "Feature", "geometry": {"type": "Point", "coordinates": [126.89432, 35.139212]}, "properties": {"addr": "남구 군분로62번길 10", "cnt": 1}}, {"type": "Feature", "geometry": {"type": "Point", "coordinates": [126.89432, 35.139212]}, "properties": {"addr": "남구 군분로62번길 10", "cnt": 1}}, {"type": "Feature", "geometry": {"type": "Point", "coordinates": [126.894663, 35.136556]}, "properties": {"addr": "남구 군분로 30-1", "cnt": 2}}, {"type": "Feature", "geometry": {"type": "Point", "coordinates": [126.895924, 35.137339]}, "properties": {"addr": "남구 대남대로283번길 6", "cnt": 1}}, {"type": "Feature", "geometry": {"type": "Point", "coordinates": [126.895924, 35.137339]}, "properties": {"addr": "남구 대남대로283번길 6", "cnt": 1}}, {"type": "Feature", "geometry": {"type": "Point", "coordinates": [126.895924, 35.137339]}, "properties": {"addr": "남구 대남대로283번길 6", "cnt": 1}}, {"type": "Feature", "geometry": {"type": "Point", "coordinates": [126.895924, 35.137339]}, "properties": {"addr": "남구 대남대로283번길 6", "cnt": 1}}, {"type": "Feature", "geometry": {"type": "Point", "coordinates": [126.900713, 35.142163]}, "properties": {"addr": "남구 월산동 132-25", "cnt": 2}}, {"type": "Feature", "geometry": {"type": "Point", "coordinates": [126.898377, 35.145125]}, "properties": {"addr": "남구 월산로 79-1", "cnt": 2}}, {"type": "Feature", "geometry": {"type": "Point", "coordinates": [126.901536, 35.145983]}, "properties": {"addr": "남구 덕림남길 35", "cnt": 2}}, {"type": "Feature", "geometry": {"type": "Point", "coordinates": [126.901536, 35.145983]}, "properties": {"addr": "남구 덕림남길 35", "cnt": 1}}, {"type": "Feature", "geometry": {"type": "Point", "coordinates": [126.901536, 35.145983]}, "properties": {"addr": "남구 덕림남길 35", "cnt": 1}}, {"type": "Feature", "geometry": {"type": "Point", "coordinates": [126.902506, 35.148327]}, "properties": {"addr": "남구 구성로76번길 6", "cnt": 1}}, {"type": "Feature", "geometry": {"type": "Point", "coordinates": [126.902506, 35.148327]}, "properties": {"addr": "남구 구성로76번길 6", "cnt": 1}}, {"type": "Feature", "geometry": {"type": "Point", "coordinates": [126.899632, 35.151087]}, "properties": {"addr": "남구 구성로20번길 13", "cnt": 1}}, {"type": "Feature", "geometry": {"type": "Point", "coordinates": [126.899632, 35.151087]}, "properties": {"addr": "남구 구성로20번길 13", "cnt": 1}}, {"type": "Feature", "geometry": {"type": "Point", "coordinates": [126.899632, 35.151087]}, "properties": {"addr": "남구 구성로20번길 13", "cnt": 1}}, {"type": "Feature", "geometry": {"type": "Point", "coordinates": [126.9012, 35.150639]}, "properties": {"addr": "남구 월산동 326-125", "cnt": 1}}, {"type": "Feature", "geometry": {"type": "Point", "coordinates": [126.9012, 35.150639]}, "properties": {"addr": "남구 월산동 326-125", "cnt": 1}}, {"type": "Feature", "geometry": {"type": "Point", "coordinates": [126.9012, 35.150639]}, "properties": {"addr": "남구 월산동 326-125", "cnt": 1}}, {"type": "Feature", "geometry": {"type": "Point", "coordinates": [126.896219, 35.144169]}, "properties": {"addr": "남구 수박등로 47", "cnt": 2}}, {"type": "Feature", "geometry": {"type": "Point", "coordinates": [126.895919, 35.143866]}, "properties": {"addr": "남구 수박등로 44", "cnt": 1}}, {"type": "Feature", "geometry": {"type": "Point", "coordinates": [126.896219, 35.144169]}, "properties": {"addr": "남구 수박등로 47", "cnt": 1}}, {"type": "Feature", "geometry": {"type": "Point", "coordinates": [126.896051, 35.142787]}, "properties": {"addr": "남구 월산동 179-3", "cnt": 2}}, {"type": "Feature", "geometry": {"type": "Point", "coordinates": [126.896051, 35.142787]}, "properties": {"addr": "남구 월산동 179-3", "cnt": 1}}, {"type": "Feature", "geometry": {"type": "Point", "coordinates": [126.898544, 35.143601]}, "properties": {"addr": "남구 수박등로68번길 11", "cnt": 2}}, {"type": "Feature", "geometry": {"type": "Point", "coordinates": [126.893784, 35.149005]}, "properties": {"addr": "남구 월산로151번안길 17", "cnt": 1}}, {"type": "Feature", "geometry": {"type": "Point", "coordinates": [126.893784, 35.149005]}, "properties": {"addr": "남구 월산로151번안길 17", "cnt": 2}}, {"type": "Feature", "geometry": {"type": "Point", "coordinates": [126.893784, 35.149005]}, "properties": {"addr": "남구 월산로151번안길 17", "cnt": 1}}, {"type": "Feature", "geometry": {"type": "Point", "coordinates": [126.887577, 35.145404]}, "properties": {"addr": "남구 군분로 149", "cnt": 2}}, {"type": "Feature", "geometry": {"type": "Point", "coordinates": [126.887592, 35.146425]}, "properties": {"addr": "남구 군분로148번길 3", "cnt": 1}}, {"type": "Feature", "geometry": {"type": "Point", "coordinates": [126.887592, 35.146425]}, "properties": {"addr": "남구 군분로148번길 3", "cnt": 1}}, {"type": "Feature", "geometry": {"type": "Point", "coordinates": [126.887592, 35.146425]}, "properties": {"addr": "남구 군분로148번길 3", "cnt": 2}}, {"type": "Feature", "geometry": {"type": "Point", "coordinates": [126.894918, 35.145684]}, "properties": {"addr": "남구 금화로446번길 31", "cnt": 1}}, {"type": "Feature", "geometry": {"type": "Point", "coordinates": [126.894918, 35.145684]}, "properties": {"addr": "남구 금화로446번길 31", "cnt": 1}}, {"type": "Feature", "geometry": {"type": "Point", "coordinates": [126.894918, 35.145684]}, "properties": {"addr": "남구 금화로446번길 31", "cnt": 1}}, {"type": "Feature", "geometry": {"type": "Point", "coordinates": [126.894918, 35.145684]}, "properties": {"addr": "남구 금화로446번길 31", "cnt": 1}}, {"type": "Feature", "geometry": {"type": "Point", "coordinates": [126.891367, 35.146282]}, "properties": {"addr": "남구 금화로 449", "cnt": 2}}, {"type": "Feature", "geometry": {"type": "Point", "coordinates": [126.887756, 35.143604]}, "properties": {"addr": "남구 금화로393번길 16", "cnt": 1}}, {"type": "Feature", "geometry": {"type": "Point", "coordinates": [126.887756, 35.143604]}, "properties": {"addr": "남구 금화로393번길 16", "cnt": 1}}, {"type": "Feature", "geometry": {"type": "Point", "coordinates": [126.887756, 35.143604]}, "properties": {"addr": "남구 금화로393번길 16", "cnt": 1}}, {"type": "Feature", "geometry": {"type": "Point", "coordinates": [126.887756, 35.143604]}, "properties": {"addr": "남구 금화로393번길 16", "cnt": 1}}, {"type": "Feature", "geometry": {"type": "Point", "coordinates": [126.891973, 35.144596]}, "properties": {"addr": "남구 금화로440번길 10", "cnt": 2}}, {"type": "Feature", "geometry": {"type": "Point", "coordinates": [126.891408, 35.14306]}, "properties": {"addr": "남구 금화로422번길 8 ", "cnt": 1}}, {"type": "Feature", "geometry": {"type": "Point", "coordinates": [126.891408, 35.14306]}, "properties": {"addr": "남구 금화로422번길 8 ", "cnt": 1}}, {"type": "Feature", "geometry": {"type": "Point", "coordinates": [126.891408, 35.14306]}, "properties": {"addr": "남구 금화로422번길 8 ", "cnt": 2}}, {"type": "Feature", "geometry": {"type": "Point", "coordinates": [126.802912, 35.064691]}, "properties": {"addr": "남구 월성동 552-2", "cnt": 1}}, {"type": "Feature", "geometry": {"type": "Point", "coordinates": [126.802912, 35.064691]}, "properties": {"addr": "남구 월성동 552-2", "cnt": 1}}, {"type": "Feature", "geometry": {"type": "Point", "coordinates": [126.802912, 35.064691]}, "properties": {"addr": "남구 월성동 552-2", "cnt": 2}}, {"type": "Feature", "geometry": {"type": "Point", "coordinates": [126.853058, 35.090601]}, "properties": {"addr": "남구 이장동 874-8", "cnt": 2}}, {"type": "Feature", "geometry": {"type": "Point", "coordinates": [126.853058, 35.090601]}, "properties": {"addr": "남구 이장동 874-8", "cnt": 1}}, {"type": "Feature", "geometry": {"type": "Point", "coordinates": [126.85904, 35.095831]}, "properties": {"addr": "남구 이장동 485-3", "cnt": 2}}, {"type": "Feature", "geometry": {"type": "Point", "coordinates": [126.85904, 35.095831]}, "properties": {"addr": "남구 이장동 485-3", "cnt": 1}}, {"type": "Feature", "geometry": {"type": "Point", "coordinates": [126.872576, 35.106463]}, "properties": {"addr": "남구 효천안길 16", "cnt": 1}}, {"type": "Feature", "geometry": {"type": "Point", "coordinates": [126.872576, 35.106463]}, "properties": {"addr": "남구 효천안길 16", "cnt": 1}}, {"type": "Feature", "geometry": {"type": "Point", "coordinates": [126.897682, 35.130177]}, "properties": {"addr": "남구 회서로55번길 11-2", "cnt": 2}}, {"type": "Feature", "geometry": {"type": "Point", "coordinates": [126.902125, 35.128246]}, "properties": {"addr": "남구 주월동 1135-29", "cnt": 2}}, {"type": "Feature", "geometry": {"type": "Point", "coordinates": [126.902125, 35.128246]}, "properties": {"addr": "남구 주월동 1135-29", "cnt": 1}}, {"type": "Feature", "geometry": {"type": "Point", "coordinates": [126.902702, 35.131249]}, "properties": {"addr": "남구 봉선로 22", "cnt": 3}}, {"type": "Feature", "geometry": {"type": "Point", "coordinates": [126.90438, 35.131012]}, "properties": {"addr": "남구 대남대로193번길 24-1", "cnt": 2}}, {"type": "Feature", "geometry": {"type": "Point", "coordinates": [126.90438, 35.131012]}, "properties": {"addr": "남구 대남대로193번길 24-1", "cnt": 2}}, {"type": "Feature", "geometry": {"type": "Point", "coordinates": [126.90683, 35.130063]}, "properties": {"addr": "남구 봉선1로17번길 19-2", "cnt": 1}}, {"type": "Feature", "geometry": {"type": "Point", "coordinates": [126.90683, 35.130063]}, "properties": {"addr": "남구 봉선1로17번길 19-2", "cnt": 1}}, {"type": "Feature", "geometry": {"type": "Point", "coordinates": [126.90683, 35.130063]}, "properties": {"addr": "남구 봉선1로17번길 19-2", "cnt": 1}}, {"type": "Feature", "geometry": {"type": "Point", "coordinates": [126.901048, 35.131723]}, "properties": {"addr": "남구 서문대로824번길 6", "cnt": 2}}, {"type": "Feature", "geometry": {"type": "Point", "coordinates": [126.910113, 35.133014]}, "properties": {"addr": "남구 대남대로139번길 9", "cnt": 2}}, {"type": "Feature", "geometry": {"type": "Point", "coordinates": [126.910113, 35.133014]}, "properties": {"addr": "남구 대남대로139번길 9", "cnt": 1}}, {"type": "Feature", "geometry": {"type": "Point", "coordinates": [126.910113, 35.133014]}, "properties": {"addr": "남구 대남대로139번길 9", "cnt": 1}}, {"type": "Feature", "geometry": {"type": "Point", "coordinates": [126.907696, 35.131913]}, "properties": {"addr": "남구 대남대로159번길 20", "cnt": 2}}, {"type": "Feature", "geometry": {"type": "Point", "coordinates": [126.907696, 35.131913]}, "properties": {"addr": "남구 대남대로159번길 20", "cnt": 1}}, {"type": "Feature", "geometry": {"type": "Point", "coordinates": [126.905389, 35.132054]}, "properties": {"addr": "남구 대남대로181번길 17", "cnt": 2}}, {"type": "Feature", "geometry": {"type": "Point", "coordinates": [126.905389, 35.132054]}, "properties": {"addr": "남구 대남대로181번길 17", "cnt": 1}}, {"type": "Feature", "geometry": {"type": "Point", "coordinates": [126.905389, 35.132054]}, "properties": {"addr": "남구 대남대로181번길 17", "cnt": 1}}, {"type": "Feature", "geometry": {"type": "Point", "coordinates": [126.902882, 35.131907]}, "properties": {"addr": "남구 봉선로 13", "cnt": 2}}, {"type": "Feature", "geometry": {"type": "Point", "coordinates": [126.90374, 35.132058]}, "properties": {"addr": "남구 봉선동 1100-14", "cnt": 2}}, {"type": "Feature", "geometry": {"type": "Point", "coordinates": [126.903943, 35.13243]}, "properties": {"addr": "남구 봉선동 1100-14", "cnt": 1}}, {"type": "Feature", "geometry": {"type": "Point", "coordinates": [126.897824, 35.131208]}, "properties": {"addr": "남구 서문대로801번길 12-2", "cnt": 2}}, {"type": "Feature", "geometry": {"type": "Point", "coordinates": [126.897824, 35.131208]}, "properties": {"addr": "남구 서문대로801번길 12-2", "cnt": 2}}, {"type": "Feature", "geometry": {"type": "Point", "coordinates": [126.896657, 35.129162]}, "properties": {"addr": "남구 회서로 54", "cnt": 2}}, {"type": "Feature", "geometry": {"type": "Point", "coordinates": [126.896657, 35.129162]}, "properties": {"addr": "남구 회서로 54", "cnt": 1}}, {"type": "Feature", "geometry": {"type": "Point", "coordinates": [126.896657, 35.129162]}, "properties": {"addr": "남구 회서로 54", "cnt": 1}}, {"type": "Feature", "geometry": {"type": "Point", "coordinates": [126.894918, 35.125984]}, "properties": {"addr": "남구 서문대로749번길 25", "cnt": 2}}, {"type": "Feature", "geometry": {"type": "Point", "coordinates": [126.894918, 35.125984]}, "properties": {"addr": "남구 서문대로749번길 25", "cnt": 1}}, {"type": "Feature", "geometry": {"type": "Point", "coordinates": [126.894918, 35.125984]}, "properties": {"addr": "남구 서문대로749번길 25", "cnt": 1}}, {"type": "Feature", "geometry": {"type": "Point", "coordinates": [126.896509, 35.126189]}, "properties": {"addr": "남구 서문대로749번길 12", "cnt": 2}}, {"type": "Feature", "geometry": {"type": "Point", "coordinates": [126.896509, 35.126189]}, "properties": {"addr": "남구 서문대로749번길 12", "cnt": 1}}, {"type": "Feature", "geometry": {"type": "Point", "coordinates": [126.896853, 35.125808]}, "properties": {"addr": "남구 서문대로749번길 12", "cnt": 1}}, {"type": "Feature", "geometry": {"type": "Point", "coordinates": [126.895499, 35.128435]}, "properties": {"addr": "남구 서문대로749번나길 25", "cnt": 2}}, {"type": "Feature", "geometry": {"type": "Point", "coordinates": [126.895499, 35.128435]}, "properties": {"addr": "남구 서문대로749번나길 25", "cnt": 1}}, {"type": "Feature", "geometry": {"type": "Point", "coordinates": [126.896542, 35.127679]}, "properties": {"addr": "남구 주월동 434-6", "cnt": 2}}, {"type": "Feature", "geometry": {"type": "Point", "coordinates": [126.895081, 35.130202]}, "properties": {"addr": "남구 주월동 398-76", "cnt": 2}}, {"type": "Feature", "geometry": {"type": "Point", "coordinates": [126.888171, 35.141152]}, "properties": {"addr": "남구 금화로386번길 9", "cnt": 2}}, {"type": "Feature", "geometry": {"type": "Point", "coordinates": [126.888971, 35.139763]}, "properties": {"addr": "남구 군분로89번길 25", "cnt": 1}}, {"type": "Feature", "geometry": {"type": "Point", "coordinates": [126.888971, 35.139763]}, "properties": {"addr": "남구 군분로89번길 25", "cnt": 1}}, {"type": "Feature", "geometry": {"type": "Point", "coordinates": [126.888971, 35.139763]}, "properties": {"addr": "남구 군분로89번길 25", "cnt": 1}}, {"type": "Feature", "geometry": {"type": "Point", "coordinates": [126.890802, 35.137429]}, "properties": {"addr": "남구 봉주5길 13", "cnt": 1}}, {"type": "Feature", "geometry": {"type": "Point", "coordinates": [126.890802, 35.137429]}, "properties": {"addr": "남구 봉주5길 13", "cnt": 1}}, {"type": "Feature", "geometry": {"type": "Point", "coordinates": [126.890802, 35.137429]}, "properties": {"addr": "남구 봉주5길 13", "cnt": 1}}, {"type": "Feature", "geometry": {"type": "Point", "coordinates": [126.890802, 35.137429]}, "properties": {"addr": "남구 봉주5길 13", "cnt": 1}}, {"type": "Feature", "geometry": {"type": "Point", "coordinates": [126.896673, 35.131964]}, "properties": {"addr": "남구 회재로1230번길 19", "cnt": 2}}, {"type": "Feature", "geometry": {"type": "Point", "coordinates": [126.896673, 35.131964]}, "properties": {"addr": "남구 회재로1230번길 19", "cnt": 1}}, {"type": "Feature", "geometry": {"type": "Point", "coordinates": [126.896682, 35.133598]}, "properties": {"addr": "남구 주월동 973-3", "cnt": 2}}, {"type": "Feature", "geometry": {"type": "Point", "coordinates": [126.896682, 35.133598]}, "properties": {"addr": "남구 주월동 973-3", "cnt": 1}}, {"type": "Feature", "geometry": {"type": "Point", "coordinates": [126.896682, 35.133598]}, "properties": {"addr": "남구 주월동 973-3", "cnt": 1}}, {"type": "Feature", "geometry": {"type": "Point", "coordinates": [126.904442, 35.113628]}, "properties": {"addr": "남구 화산로 75", "cnt": 1}}, {"type": "Feature", "geometry": {"type": "Point", "coordinates": [126.904442, 35.113628]}, "properties": {"addr": "남구 화산로 75", "cnt": 1}}, {"type": "Feature", "geometry": {"type": "Point", "coordinates": [126.904124, 35.114841]}, "properties": {"addr": "남구 진월동 187-4", "cnt": 1}}, {"type": "Feature", "geometry": {"type": "Point", "coordinates": [126.904124, 35.114841]}, "properties": {"addr": "남구 진월동 187-4", "cnt": 1}}, {"type": "Feature", "geometry": {"type": "Point", "coordinates": [126.897878, 35.120842]}, "properties": {"addr": "남구 광복마을길 33", "cnt": 1}}, {"type": "Feature", "geometry": {"type": "Point", "coordinates": [126.897878, 35.120842]}, "properties": {"addr": "남구 광복마을길 33", "cnt": 1}}, {"type": "Feature", "geometry": {"type": "Point", "coordinates": [126.897878, 35.120842]}, "properties": {"addr": "남구 광복마을길 33", "cnt": 1}}, {"type": "Feature", "geometry": {"type": "Point", "coordinates": [126.896003, 35.125095]}, "properties": {"addr": "남구 광복마을6길 6", "cnt": 2}}, {"type": "Feature", "geometry": {"type": "Point", "coordinates": [126.896003, 35.125095]}, "properties": {"addr": "남구 광복마을6길 6", "cnt": 1}}, {"type": "Feature", "geometry": {"type": "Point", "coordinates": [126.896003, 35.125095]}, "properties": {"addr": "남구 광복마을6길 6", "cnt": 1}}, {"type": "Feature", "geometry": {"type": "Point", "coordinates": [126.894034, 35.123646]}, "properties": {"addr": "남구 서문대로749번마길 28", "cnt": 1}}, {"type": "Feature", "geometry": {"type": "Point", "coordinates": [126.894034, 35.123646]}, "properties": {"addr": "남구 서문대로749번마길 28", "cnt": 1}}, {"type": "Feature", "geometry": {"type": "Point", "coordinates": [126.894034, 35.123646]}, "properties": {"addr": "남구 서문대로749번마길 28", "cnt": 1}}, {"type": "Feature", "geometry": {"type": "Point", "coordinates": [126.895561, 35.123332]}, "properties": {"addr": "남구 금당로 71-1", "cnt": 2}}, {"type": "Feature", "geometry": {"type": "Point", "coordinates": [126.896297, 35.118326]}, "properties": {"addr": "남구 금당로2길 2", "cnt": 1}}, {"type": "Feature", "geometry": {"type": "Point", "coordinates": [126.89658, 35.117288]}, "properties": {"addr": "남구 진월동 387-31", "cnt": 2}}, {"type": "Feature", "geometry": {"type": "Point", "coordinates": [126.89658, 35.117288]}, "properties": {"addr": "남구 진월동 387-31", "cnt": 1}}, {"type": "Feature", "geometry": {"type": "Point", "coordinates": [126.896916, 35.118682]}, "properties": {"addr": "남구 서문대로663번길 16-1", "cnt": 1}}, {"type": "Feature", "geometry": {"type": "Point", "coordinates": [126.896916, 35.118682]}, "properties": {"addr": "남구 서문대로663번길 16-1", "cnt": 1}}, {"type": "Feature", "geometry": {"type": "Point", "coordinates": [126.896916, 35.118682]}, "properties": {"addr": "남구 서문대로663번길 16-1", "cnt": 1}}, {"type": "Feature", "geometry": {"type": "Point", "coordinates": [126.896983, 35.115522]}, "properties": {"addr": "남구 서문대로627번안길 1", "cnt": 1}}, {"type": "Feature", "geometry": {"type": "Point", "coordinates": [126.896983, 35.115522]}, "properties": {"addr": "남구 서문대로627번안길 1", "cnt": 1}}, {"type": "Feature", "geometry": {"type": "Point", "coordinates": [126.896983, 35.115522]}, "properties": {"addr": "남구 서문대로627번안길 1", "cnt": 1}}, {"type": "Feature", "geometry": {"type": "Point", "coordinates": [126.899729, 35.116366]}, "properties": {"addr": "남구 서문대로650번길 15-2", "cnt": 2}}, {"type": "Feature", "geometry": {"type": "Point", "coordinates": [126.899729, 35.116366]}, "properties": {"addr": "남구 서문대로650번길 15-2", "cnt": 2}}, {"type": "Feature", "geometry": {"type": "Point", "coordinates": [126.900776, 35.113157]}, "properties": {"addr": "남구 화산로31번길 11", "cnt": 1}}, {"type": "Feature", "geometry": {"type": "Point", "coordinates": [126.900776, 35.113157]}, "properties": {"addr": "남구 화산로31번길 11", "cnt": 1}}, {"type": "Feature", "geometry": {"type": "Point", "coordinates": [126.900776, 35.113157]}, "properties": {"addr": "남구 화산로31번길 11", "cnt": 1}}, {"type": "Feature", "geometry": {"type": "Point", "coordinates": [126.835217, 35.069747]}, "properties": {"addr": "남구 칠석길 1", "cnt": 1}}, {"type": "Feature", "geometry": {"type": "Point", "coordinates": [126.835217, 35.069747]}, "properties": {"addr": "남구 칠석길 1", "cnt": 2}}, {"type": "Feature", "geometry": {"type": "Point", "coordinates": [126.939662, 35.093648]}, "properties": {"addr": "동구 동명로69번길 6", "cnt": 1}}, {"type": "Feature", "geometry": {"type": "Point", "coordinates": [126.939662, 35.093648]}, "properties": {"addr": "동구 동명로69번길 6", "cnt": 1}}, {"type": "Feature", "geometry": {"type": "Point", "coordinates": [126.917557, 35.163462]}, "properties": {"addr": "동구 무등로307번길 14-1", "cnt": 2}}, {"type": "Feature", "geometry": {"type": "Point", "coordinates": [126.917557, 35.163462]}, "properties": {"addr": "동구 무등로307번길 14-1", "cnt": 1}}, {"type": "Feature", "geometry": {"type": "Point", "coordinates": [126.795924, 35.144725]}, "properties": {"addr": "광산구 송정공원로11번길 65", "cnt": 2}}, {"type": "Feature", "geometry": {"type": "Point", "coordinates": [126.795924, 35.144725]}, "properties": {"addr": "광산구 송정공원로11번길 65", "cnt": 2}}, {"type": "Feature", "geometry": {"type": "Point", "coordinates": [126.920696, 35.15859]}, "properties": {"addr": "동구 중앙로 300", "cnt": 1}}, {"type": "Feature", "geometry": {"type": "Point", "coordinates": [126.920696, 35.15859]}, "properties": {"addr": "동구 중앙로 300", "cnt": 2}}, {"type": "Feature", "geometry": {"type": "Point", "coordinates": [126.922408, 35.15679]}, "properties": {"addr": "광산구 사암로92번길 136-26", "cnt": 1}}, {"type": "Feature", "geometry": {"type": "Point", "coordinates": [126.922408, 35.15679]}, "properties": {"addr": "광산구 사암로92번길 136-26", "cnt": 2}}, {"type": "Feature", "geometry": {"type": "Point", "coordinates": [126.925413, 35.158258]}, "properties": {"addr": "동구 계림동 24-3", "cnt": 1}}, {"type": "Feature", "geometry": {"type": "Point", "coordinates": [126.925413, 35.158258]}, "properties": {"addr": "동구 계림동 24-3", "cnt": 1}}, {"type": "Feature", "geometry": {"type": "Point", "coordinates": [126.925413, 35.158258]}, "properties": {"addr": "동구 계림동 24-3", "cnt": 1}}, {"type": "Feature", "geometry": {"type": "Point", "coordinates": [126.919888, 35.156737]}, "properties": {"addr": "동구 경양로277번길 20", "cnt": 1}}, {"type": "Feature", "geometry": {"type": "Point", "coordinates": [126.919888, 35.156737]}, "properties": {"addr": "동구 경양로277번길 20", "cnt": 1}}, {"type": "Feature", "geometry": {"type": "Point", "coordinates": [126.919888, 35.156737]}, "properties": {"addr": "동구 경양로277번길 20", "cnt": 2}}, {"type": "Feature", "geometry": {"type": "Point", "coordinates": [126.918555, 35.154962]}, "properties": {"addr": "동구 구성로238번길 17-1", "cnt": 1}}, {"type": "Feature", "geometry": {"type": "Point", "coordinates": [126.918555, 35.154962]}, "properties": {"addr": "동구 구성로238번길 17-1", "cnt": 1}}, {"type": "Feature", "geometry": {"type": "Point", "coordinates": [126.918555, 35.154962]}, "properties": {"addr": "동구 구성로238번길 17-1", "cnt": 1}}, {"type": "Feature", "geometry": {"type": "Point", "coordinates": [126.918555, 35.154962]}, "properties": {"addr": "동구 구성로238번길 17-1", "cnt": 1}}, {"type": "Feature", "geometry": {"type": "Point", "coordinates": [126.918614, 35.157817]}, "properties": {"addr": "동구 경양로247번길 14-3", "cnt": 1}}, {"type": "Feature", "geometry": {"type": "Point", "coordinates": [126.918614, 35.157817]}, "properties": {"addr": "동구 경양로247번길 14-3", "cnt": 3}}, {"type": "Feature", "geometry": {"type": "Point", "coordinates": [126.805158, 35.151661]}, "properties": {"addr": "광산구 금봉로 60", "cnt": 2}}, {"type": "Feature", "geometry": {"type": "Point", "coordinates": [126.805158, 35.151661]}, "properties": {"addr": "광산구 금봉로 60", "cnt": 1}}, {"type": "Feature", "geometry": {"type": "Point", "coordinates": [126.926463, 35.158232]}, "properties": {"addr": "동구 산수길35번길 22", "cnt": 3}}, {"type": "Feature", "geometry": {"type": "Point", "coordinates": [126.926463, 35.158232]}, "properties": {"addr": "동구 산수길35번길 22", "cnt": 1}}, {"type": "Feature", "geometry": {"type": "Point", "coordinates": [126.924589, 35.16028]}, "properties": {"addr": "동구 무등로 386", "cnt": 1}}, {"type": "Feature", "geometry": {"type": "Point", "coordinates": [126.924589, 35.16028]}, "properties": {"addr": "동구 무등로 386", "cnt": 2}}, {"type": "Feature", "geometry": {"type": "Point", "coordinates": [126.923869, 35.161446]}, "properties": {"addr": "동구 계림동 523-35", "cnt": 2}}, {"type": "Feature", "geometry": {"type": "Point", "coordinates": [126.923869, 35.161446]}, "properties": {"addr": "동구 계림동 523-35", "cnt": 1}}, {"type": "Feature", "geometry": {"type": "Point", "coordinates": [126.915764, 35.159611]}, "properties": {"addr": "동구 무등로306번길 29-15", "cnt": 2}}, {"type": "Feature", "geometry": {"type": "Point", "coordinates": [126.915764, 35.159611]}, "properties": {"addr": "동구 무등로306번길 29-15", "cnt": 1}}, {"type": "Feature", "geometry": {"type": "Point", "coordinates": [126.914457, 35.159185]}, "properties": {"addr": "동구 경양로 211", "cnt": 1}}, {"type": "Feature", "geometry": {"type": "Point", "coordinates": [126.914457, 35.159185]}, "properties": {"addr": "동구 경양로 211", "cnt": 2}}, {"type": "Feature", "geometry": {"type": "Point", "coordinates": [126.918459, 35.162663]}, "properties": {"addr": "동구 무등로321번길 10-2", "cnt": 1}}, {"type": "Feature", "geometry": {"type": "Point", "coordinates": [126.918459, 35.162663]}, "properties": {"addr": "동구 무등로321번길 10-2", "cnt": 1}}, {"type": "Feature", "geometry": {"type": "Point", "coordinates": [126.918459, 35.162663]}, "properties": {"addr": "동구 무등로321번길 10-2", "cnt": 2}}, {"type": "Feature", "geometry": {"type": "Point", "coordinates": [126.918622, 35.160286]}, "properties": {"addr": "동구 중흥로227번길 10-2", "cnt": 1}}, {"type": "Feature", "geometry": {"type": "Point", "coordinates": [126.918622, 35.160286]}, "properties": {"addr": "동구 중흥로227번길 10-2", "cnt": 1}}, {"type": "Feature", "geometry": {"type": "Point", "coordinates": [126.918622, 35.160286]}, "properties": {"addr": "동구 중흥로227번길 10-2", "cnt": 1}}, {"type": "Feature", "geometry": {"type": "Point", "coordinates": [126.918622, 35.160286]}, "properties": {"addr": "동구 중흥로227번길 10-2", "cnt": 1}}, {"type": "Feature", "geometry": {"type": "Point", "coordinates": [126.912495, 35.153933]}, "properties": {"addr": "동구 독립로264번길 15", "cnt": 2}}, {"type": "Feature", "geometry": {"type": "Point", "coordinates": [126.912495, 35.153933]}, "properties": {"addr": "동구 독립로264번길 15", "cnt": 2}}, {"type": "Feature", "geometry": {"type": "Point", "coordinates": [126.916206, 35.151302]}, "properties": {"addr": "동구 구성로194번길 24-1", "cnt": 2}}, {"type": "Feature", "geometry": {"type": "Point", "coordinates": [126.918493, 35.142921]}, "properties": {"addr": "동구 백서로125번길 11-1", "cnt": 1}}, {"type": "Feature", "geometry": {"type": "Point", "coordinates": [126.918493, 35.142921]}, "properties": {"addr": "동구 백서로125번길 11-1", "cnt": 2}}, {"type": "Feature", "geometry": {"type": "Point", "coordinates": [126.917161, 35.143009]}, "properties": {"addr": "동구 백서로119번길 21", "cnt": 1}}, {"type": "Feature", "geometry": {"type": "Point", "coordinates": [126.917161, 35.143009]}, "properties": {"addr": "동구 백서로119번길 21", "cnt": 1}}, {"type": "Feature", "geometry": {"type": "Point", "coordinates": [126.915961, 35.143626]}, "properties": {"addr": "동구 문화전당로23번길 35", "cnt": 1}}, {"type": "Feature", "geometry": {"type": "Point", "coordinates": [126.915961, 35.143626]}, "properties": {"addr": "동구 문화전당로23번길 35", "cnt": 2}}, {"type": "Feature", "geometry": {"type": "Point", "coordinates": [126.917537, 35.144037]}, "properties": {"addr": "동구 문화전당로23번길 22", "cnt": 1}}, {"type": "Feature", "geometry": {"type": "Point", "coordinates": [126.917537, 35.144037]}, "properties": {"addr": "동구 문화전당로23번길 22", "cnt": 1}}, {"type": "Feature", "geometry": {"type": "Point", "coordinates": [126.919362, 35.143428]}, "properties": {"addr": "동구 문화전당로23번길 5-24", "cnt": 1}}, {"type": "Feature", "geometry": {"type": "Point", "coordinates": [126.919362, 35.143428]}, "properties": {"addr": "동구 문화전당로23번길 5-24", "cnt": 3}}, {"type": "Feature", "geometry": {"type": "Point", "coordinates": [126.938832, 35.086489]}, "properties": {"addr": "동구 내남동 187-2", "cnt": 1}}, {"type": "Feature", "geometry": {"type": "Point", "coordinates": [126.938832, 35.086489]}, "properties": {"addr": "동구 내남동 187-2", "cnt": 2}}, {"type": "Feature", "geometry": {"type": "Point", "coordinates": [126.938923, 35.09232]}, "properties": {"addr": "동구 남계길 62", "cnt": 2}}, {"type": "Feature", "geometry": {"type": "Point", "coordinates": [126.913659, 35.155684]}, "properties": {"addr": "동구 동계천로6번길 9", "cnt": 1}}, {"type": "Feature", "geometry": {"type": "Point", "coordinates": [126.913659, 35.155684]}, "properties": {"addr": "동구 동계천로6번길 9", "cnt": 2}}, {"type": "Feature", "geometry": {"type": "Point", "coordinates": [126.915051, 35.15459]}, "properties": {"addr": "동구 제봉로212번길 2", "cnt": 1}}, {"type": "Feature", "geometry": {"type": "Point", "coordinates": [126.915051, 35.15459]}, "properties": {"addr": "동구 제봉로212번길 2", "cnt": 1}}, {"type": "Feature", "geometry": {"type": "Point", "coordinates": [126.915051, 35.15459]}, "properties": {"addr": "동구 제봉로212번길 2", "cnt": 1}}, {"type": "Feature", "geometry": {"type": "Point", "coordinates": [126.929933, 35.148201]}, "properties": {"addr": "동구 필문대로253번길 9-2", "cnt": 2}}, {"type": "Feature", "geometry": {"type": "Point", "coordinates": [126.929933, 35.148201]}, "properties": {"addr": "동구 필문대로253번길 9-2", "cnt": 1}}, {"type": "Feature", "geometry": {"type": "Point", "coordinates": [126.926693, 35.147724]}, "properties": {"addr": "동구 백서로224번길 2", "cnt": 1}}, {"type": "Feature", "geometry": {"type": "Point", "coordinates": [126.926693, 35.147724]}, "properties": {"addr": "동구 백서로224번길 2", "cnt": 1}}, {"type": "Feature", "geometry": {"type": "Point", "coordinates": [126.926693, 35.147724]}, "properties": {"addr": "동구 백서로224번길 2", "cnt": 1}}, {"type": "Feature", "geometry": {"type": "Point", "coordinates": [126.925749, 35.152596]}, "properties": {"addr": "동구 동명동 181-5", "cnt": 1}}, {"type": "Feature", "geometry": {"type": "Point", "coordinates": [126.925749, 35.152596]}, "properties": {"addr": "동구 동명동 181-5", "cnt": 1}}, {"type": "Feature", "geometry": {"type": "Point", "coordinates": [126.925749, 35.152596]}, "properties": {"addr": "동구 동명동 181-5", "cnt": 1}}, {"type": "Feature", "geometry": {"type": "Point", "coordinates": [126.922411, 35.152972]}, "properties": {"addr": "동구 동계로9번길 13", "cnt": 1}}, {"type": "Feature", "geometry": {"type": "Point", "coordinates": [126.922411, 35.152972]}, "properties": {"addr": "동구 동계로9번길 13", "cnt": 3}}, {"type": "Feature", "geometry": {"type": "Point", "coordinates": [126.920345, 35.152207]}, "properties": {"addr": "동구 동계천로 85", "cnt": 1}}, {"type": "Feature", "geometry": {"type": "Point", "coordinates": [126.920345, 35.152207]}, "properties": {"addr": "동구 동계천로 85", "cnt": 1}}, {"type": "Feature", "geometry": {"type": "Point", "coordinates": [126.920345, 35.152207]}, "properties": {"addr": "동구 동계천로 85", "cnt": 1}}, {"type": "Feature", "geometry": {"type": "Point", "coordinates": [126.920345, 35.152207]}, "properties": {"addr": "동구 동계천로 85", "cnt": 1}}, {"type": "Feature", "geometry": {"type": "Point", "coordinates": [126.921522, 35.153979]}, "properties": {"addr": "동구 동계천로95번길 31", "cnt": 1}}, {"type": "Feature", "geometry": {"type": "Point", "coordinates": [126.921522, 35.153979]}, "properties": {"addr": "동구 동계천로95번길 31", "cnt": 2}}, {"type": "Feature", "geometry": {"type": "Point", "coordinates": [126.921522, 35.153979]}, "properties": {"addr": "동구 동계천로95번길 31", "cnt": 1}}, {"type": "Feature", "geometry": {"type": "Point", "coordinates": [126.916803, 35.145324]}, "properties": {"addr": "동구 서석로 24", "cnt": 1}}, {"type": "Feature", "geometry": {"type": "Point", "coordinates": [126.916803, 35.145324]}, "properties": {"addr": "동구 서석로 24", "cnt": 1}}, {"type": "Feature", "geometry": {"type": "Point", "coordinates": [126.916803, 35.145324]}, "properties": {"addr": "동구 서석로 24", "cnt": 1}}, {"type": "Feature", "geometry": {"type": "Point", "coordinates": [126.915653, 35.144181]}, "properties": {"addr": "동구 문화전당로35번길 36", "cnt": 1}}, {"type": "Feature", "geometry": {"type": "Point", "coordinates": [126.915653, 35.144181]}, "properties": {"addr": "동구 문화전당로35번길 36", "cnt": 1}}, {"type": "Feature", "geometry": {"type": "Point", "coordinates": [126.915653, 35.144181]}, "properties": {"addr": "동구 문화전당로35번길 36", "cnt": 1}}, {"type": "Feature", "geometry": {"type": "Point", "coordinates": [126.943906, 35.158982]}, "properties": {"addr": "동구 무등로 669", "cnt": 1}}, {"type": "Feature", "geometry": {"type": "Point", "coordinates": [126.943906, 35.158982]}, "properties": {"addr": "동구 무등로 669", "cnt": 1}}, {"type": "Feature", "geometry": {"type": "Point", "coordinates": [126.935446, 35.157994]}, "properties": {"addr": "동구 밤실로 116-1", "cnt": 1}}, {"type": "Feature", "geometry": {"type": "Point", "coordinates": [126.935446, 35.157994]}, "properties": {"addr": "동구 밤실로 116-1", "cnt": 1}}, {"type": "Feature", "geometry": {"type": "Point", "coordinates": [126.935446, 35.157994]}, "properties": {"addr": "동구 밤실로 116-1", "cnt": 1}}, {"type": "Feature", "geometry": {"type": "Point", "coordinates": [126.933108, 35.158592]}, "properties": {"addr": "동구 필문대로137번길 15", "cnt": 1}}, {"type": "Feature", "geometry": {"type": "Point", "coordinates": [126.933108, 35.158592]}, "properties": {"addr": "동구 필문대로137번길 15", "cnt": 1}}, {"type": "Feature", "geometry": {"type": "Point", "coordinates": [126.933108, 35.158592]}, "properties": {"addr": "동구 필문대로137번길 15", "cnt": 1}}, {"type": "Feature", "geometry": {"type": "Point", "coordinates": [126.92352, 35.155653]}, "properties": {"addr": "동구 동계로 41", "cnt": 1}}, {"type": "Feature", "geometry": {"type": "Point", "coordinates": [126.92352, 35.155653]}, "properties": {"addr": "동구 동계로 41", "cnt": 1}}, {"type": "Feature", "geometry": {"type": "Point", "coordinates": [126.92352, 35.155653]}, "properties": {"addr": "동구 동계로 41", "cnt": 1}}, {"type": "Feature", "geometry": {"type": "Point", "coordinates": [126.935653, 35.155289]}, "properties": {"addr": "동구 밤실로89번길 7", "cnt": 2}}, {"type": "Feature", "geometry": {"type": "Point", "coordinates": [126.935653, 35.155289]}, "properties": {"addr": "동구 밤실로89번길 7", "cnt": 1}}, {"type": "Feature", "geometry": {"type": "Point", "coordinates": [126.936068, 35.154684]}, "properties": {"addr": "동구 필문대로191번길 43-24", "cnt": 1}}, {"type": "Feature", "geometry": {"type": "Point", "coordinates": [126.936068, 35.154684]}, "properties": {"addr": "동구 필문대로191번길 43-24", "cnt": 2}}, {"type": "Feature", "geometry": {"type": "Point", "coordinates": [126.933708, 35.157458]}, "properties": {"addr": "동구 산수동 531-20", "cnt": 1}}, {"type": "Feature", "geometry": {"type": "Point", "coordinates": [126.933708, 35.157458]}, "properties": {"addr": "동구 산수동 531-20", "cnt": 2}}, {"type": "Feature", "geometry": {"type": "Point", "coordinates": [126.929176, 35.159561]}, "properties": {"addr": "동구 무등로433번길 25", "cnt": 1}}, {"type": "Feature", "geometry": {"type": "Point", "coordinates": [126.929176, 35.159561]}, "properties": {"addr": "동구 무등로433번길 25", "cnt": 2}}, {"type": "Feature", "geometry": {"type": "Point", "coordinates": [126.929376, 35.157858]}, "properties": {"addr": "동구 무등로449번길 5-52", "cnt": 1}}, {"type": "Feature", "geometry": {"type": "Point", "coordinates": [126.929376, 35.157858]}, "properties": {"addr": "동구 무등로449번길 5-52", "cnt": 1}}, {"type": "Feature", "geometry": {"type": "Point", "coordinates": [126.929376, 35.157858]}, "properties": {"addr": "동구 무등로449번길 5-52", "cnt": 1}}, {"type": "Feature", "geometry": {"type": "Point", "coordinates": [126.929354, 35.154024]}, "properties": {"addr": "동구 경양로 370", "cnt": 1}}, {"type": "Feature", "geometry": {"type": "Point", "coordinates": [126.929354, 35.154024]}, "properties": {"addr": "동구 경양로 370", "cnt": 2}}, {"type": "Feature", "geometry": {"type": "Point", "coordinates": [126.936966, 35.159706]}, "properties": {"addr": "동구 밤실로136번길 15-1", "cnt": 1}}, {"type": "Feature", "geometry": {"type": "Point", "coordinates": [126.936966, 35.159706]}, "properties": {"addr": "동구 밤실로136번길 15-1", "cnt": 1}}, {"type": "Feature", "geometry": {"type": "Point", "coordinates": [126.924336, 35.145143]}, "properties": {"addr": "동구 백서로189번길 5", "cnt": 1}}, {"type": "Feature", "geometry": {"type": "Point", "coordinates": [126.924336, 35.145143]}, "properties": {"addr": "동구 백서로189번길 5", "cnt": 2}}, {"type": "Feature", "geometry": {"type": "Point", "coordinates": [126.924172, 35.143872]}, "properties": {"addr": "동구 백서로 176", "cnt": 1}}, {"type": "Feature", "geometry": {"type": "Point", "coordinates": [126.924172, 35.143872]}, "properties": {"addr": "동구 백서로 176", "cnt": 1}}, {"type": "Feature", "geometry": {"type": "Point", "coordinates": [126.924172, 35.143872]}, "properties": {"addr": "동구 백서로 176", "cnt": 1}}, {"type": "Feature", "geometry": {"type": "Point", "coordinates": [126.923664, 35.143103]}, "properties": {"addr": "동구 서석동 470-31", "cnt": 1}}, {"type": "Feature", "geometry": {"type": "Point", "coordinates": [126.923664, 35.143103]}, "properties": {"addr": "동구 서석동 470-31", "cnt": 1}}, {"type": "Feature", "geometry": {"type": "Point", "coordinates": [126.926124, 35.145355]}, "properties": {"addr": "동구 서남로33번길 14", "cnt": 1}}, {"type": "Feature", "geometry": {"type": "Point", "coordinates": [126.926124, 35.145355]}, "properties": {"addr": "동구 서남로33번길 14", "cnt": 1}}, {"type": "Feature", "geometry": {"type": "Point", "coordinates": [126.948265, 35.088973]}, "properties": {"addr": "동구 선교동 257-2", "cnt": 1}}, {"type": "Feature", "geometry": {"type": "Point", "coordinates": [126.948265, 35.088973]}, "properties": {"addr": "동구 선교동 257-2", "cnt": 1}}, {"type": "Feature", "geometry": {"type": "Point", "coordinates": [126.937929, 35.098515]}, "properties": {"addr": "동구 내남동 352-3", "cnt": 1}}, {"type": "Feature", "geometry": {"type": "Point", "coordinates": [126.937929, 35.098515]}, "properties": {"addr": "동구 내남동 352-3", "cnt": 2}}, {"type": "Feature", "geometry": {"type": "Point", "coordinates": [126.937929, 35.098515]}, "properties": {"addr": "동구 내남동 352-3", "cnt": 1}}, {"type": "Feature", "geometry": {"type": "Point", "coordinates": [126.936469, 35.124983]}, "properties": {"addr": "동구 지원로 35", "cnt": 2}}, {"type": "Feature", "geometry": {"type": "Point", "coordinates": [126.936469, 35.124983]}, "properties": {"addr": "동구 지원로 35", "cnt": 1}}, {"type": "Feature", "geometry": {"type": "Point", "coordinates": [126.934688, 35.126692]}, "properties": {"addr": "동구 학소로76번길 7", "cnt": 2}}, {"type": "Feature", "geometry": {"type": "Point", "coordinates": [126.934688, 35.126692]}, "properties": {"addr": "동구 학소로76번길 7", "cnt": 1}}, {"type": "Feature", "geometry": {"type": "Point", "coordinates": [126.934688, 35.126692]}, "properties": {"addr": "동구 학소로76번길 7", "cnt": 1}}, {"type": "Feature", "geometry": {"type": "Point", "coordinates": [126.933032, 35.127]}, "properties": {"addr": "동구 남문로622번길 18", "cnt": 1}}, {"type": "Feature", "geometry": {"type": "Point", "coordinates": [126.933032, 35.127]}, "properties": {"addr": "동구 남문로622번길 18", "cnt": 2}}, {"type": "Feature", "geometry": {"type": "Point", "coordinates": [126.897898, 35.153167]}, "properties": {"addr": "서구 경열로113번길 6", "cnt": 1}}, {"type": "Feature", "geometry": {"type": "Point", "coordinates": [126.897898, 35.153167]}, "properties": {"addr": "서구 경열로113번길 6", "cnt": 1}}, {"type": "Feature", "geometry": {"type": "Point", "coordinates": [126.897898, 35.153167]}, "properties": {"addr": "서구 경열로113번길 6", "cnt": 1}}, {"type": "Feature", "geometry": {"type": "Point", "coordinates": [126.934362, 35.121692]}, "properties": {"addr": "동구 소태길3번길 10", "cnt": 1}}, {"type": "Feature", "geometry": {"type": "Point", "coordinates": [126.934362, 35.121692]}, "properties": {"addr": "동구 소태길3번길 10", "cnt": 1}}, {"type": "Feature", "geometry": {"type": "Point", "coordinates": [126.934362, 35.121692]}, "properties": {"addr": "동구 소태길3번길 10", "cnt": 1}}, {"type": "Feature", "geometry": {"type": "Point", "coordinates": [126.933613, 35.129371]}, "properties": {"addr": "동구 학소로106번길 5-1", "cnt": 1}}, {"type": "Feature", "geometry": {"type": "Point", "coordinates": [126.933613, 35.129371]}, "properties": {"addr": "동구 학소로106번길 5-1", "cnt": 1}}, {"type": "Feature", "geometry": {"type": "Point", "coordinates": [126.933613, 35.129371]}, "properties": {"addr": "동구 학소로106번길 5-1", "cnt": 1}}, {"type": "Feature", "geometry": {"type": "Point", "coordinates": [126.936837, 35.131168]}, "properties": {"addr": "동구 의재로86번길 7", "cnt": 1}}, {"type": "Feature", "geometry": {"type": "Point", "coordinates": [126.936837, 35.131168]}, "properties": {"addr": "동구 의재로86번길 7", "cnt": 1}}, {"type": "Feature", "geometry": {"type": "Point", "coordinates": [126.936837, 35.131168]}, "properties": {"addr": "동구 의재로86번길 7", "cnt": 1}}, {"type": "Feature", "geometry": {"type": "Point", "coordinates": [126.938117, 35.132048]}, "properties": {"addr": "동구 의재로96번길 1", "cnt": 2}}, {"type": "Feature", "geometry": {"type": "Point", "coordinates": [126.927455, 35.128872]}, "properties": {"addr": "동구 천변좌로 606", "cnt": 1}}, {"type": "Feature", "geometry": {"type": "Point", "coordinates": [126.927455, 35.128872]}, "properties": {"addr": "동구 천변좌로 606", "cnt": 2}}, {"type": "Feature", "geometry": {"type": "Point", "coordinates": [126.910902, 35.150188]}, "properties": {"addr": "동구 구성로 149-1", "cnt": 1}}, {"type": "Feature", "geometry": {"type": "Point", "coordinates": [126.910902, 35.150188]}, "properties": {"addr": "동구 구성로 149-1", "cnt": 2}}, {"type": "Feature", "geometry": {"type": "Point", "coordinates": [126.933066, 35.117561]}, "properties": {"addr": "동구 화산로 318-26", "cnt": 1}}, {"type": "Feature", "geometry": {"type": "Point", "coordinates": [126.933066, 35.117561]}, "properties": {"addr": "동구 화산로 318-26", "cnt": 1}}, {"type": "Feature", "geometry": {"type": "Point", "coordinates": [126.950116, 35.085734]}, "properties": {"addr": "동구 선교동 산146-3", "cnt": 1}}, {"type": "Feature", "geometry": {"type": "Point", "coordinates": [126.950116, 35.085734]}, "properties": {"addr": "동구 선교동 산146-3", "cnt": 1}}, {"type": "Feature", "geometry": {"type": "Point", "coordinates": [126.935301, 35.127633]}, "properties": {"addr": "동구 학소로76번길 20-2", "cnt": 1}}, {"type": "Feature", "geometry": {"type": "Point", "coordinates": [126.935301, 35.127633]}, "properties": {"addr": "동구 학소로76번길 20-2", "cnt": 1}}, {"type": "Feature", "geometry": {"type": "Point", "coordinates": [126.943339, 35.134006]}, "properties": {"addr": "동구 운림길 71", "cnt": 1}}, {"type": "Feature", "geometry": {"type": "Point", "coordinates": [126.943339, 35.134006]}, "properties": {"addr": "동구 운림길 71", "cnt": 1}}, {"type": "Feature", "geometry": {"type": "Point", "coordinates": [126.943339, 35.134006]}, "properties": {"addr": "동구 운림길 71", "cnt": 1}}, {"type": "Feature", "geometry": {"type": "Point", "coordinates": [126.957557, 35.120953]}, "properties": {"addr": "동구 운림동 807", "cnt": 1}}, {"type": "Feature", "geometry": {"type": "Point", "coordinates": [126.957557, 35.120953]}, "properties": {"addr": "동구 운림동 807", "cnt": 1}}, {"type": "Feature", "geometry": {"type": "Point", "coordinates": [126.940952, 35.101935]}, "properties": {"addr": "동구 주남길 16", "cnt": 1}}, {"type": "Feature", "geometry": {"type": "Point", "coordinates": [126.940952, 35.101935]}, "properties": {"addr": "동구 주남길 16", "cnt": 1}}, {"type": "Feature", "geometry": {"type": "Point", "coordinates": [126.940952, 35.101935]}, "properties": {"addr": "동구 주남길 16", "cnt": 1}}, {"type": "Feature", "geometry": {"type": "Point", "coordinates": [126.934142, 35.10568]}, "properties": {"addr": "동구 월남동 267-1", "cnt": 1}}, {"type": "Feature", "geometry": {"type": "Point", "coordinates": [126.934142, 35.10568]}, "properties": {"addr": "동구 월남동 267-1", "cnt": 1}}, {"type": "Feature", "geometry": {"type": "Point", "coordinates": [126.750796, 35.13009]}, "properties": {"addr": "광산구 용동 682-10", "cnt": 1}}, {"type": "Feature", "geometry": {"type": "Point", "coordinates": [126.750796, 35.13009]}, "properties": {"addr": "광산구 용동 682-10", "cnt": 1}}, {"type": "Feature", "geometry": {"type": "Point", "coordinates": [126.750796, 35.13009]}, "properties": {"addr": "광산구 용동 682-10", "cnt": 1}}, {"type": "Feature", "geometry": {"type": "Point", "coordinates": [126.937696, 35.149346]}, "properties": {"addr": "동구 밤실로20번길 7", "cnt": 1}}, {"type": "Feature", "geometry": {"type": "Point", "coordinates": [126.937696, 35.149346]}, "properties": {"addr": "동구 밤실로20번길 7", "cnt": 3}}, {"type": "Feature", "geometry": {"type": "Point", "coordinates": [126.93824, 35.147444]}, "properties": {"addr": "동구 지호로86번길 3", "cnt": 1}}, {"type": "Feature", "geometry": {"type": "Point", "coordinates": [126.93824, 35.147444]}, "properties": {"addr": "동구 지호로86번길 3", "cnt": 1}}, {"type": "Feature", "geometry": {"type": "Point", "coordinates": [126.93824, 35.147444]}, "properties": {"addr": "동구 지호로86번길 3", "cnt": 1}}, {"type": "Feature", "geometry": {"type": "Point", "coordinates": [126.939619, 35.148521]}, "properties": {"addr": "동구 밤실로4번길 31-1", "cnt": 1}}, {"type": "Feature", "geometry": {"type": "Point", "coordinates": [126.939619, 35.148521]}, "properties": {"addr": "동구 밤실로4번길 31-1", "cnt": 1}}, {"type": "Feature", "geometry": {"type": "Point", "coordinates": [126.934214, 35.148611]}, "properties": {"addr": "동구 지산로56번길 18", "cnt": 1}}, {"type": "Feature", "geometry": {"type": "Point", "coordinates": [126.934214, 35.148611]}, "properties": {"addr": "동구 지산로56번길 18", "cnt": 1}}, {"type": "Feature", "geometry": {"type": "Point", "coordinates": [126.934015, 35.1475]}, "properties": {"addr": "동구 지산로38번길 19", "cnt": 1}}, {"type": "Feature", "geometry": {"type": "Point", "coordinates": [126.934015, 35.1475]}, "properties": {"addr": "동구 지산로38번길 19", "cnt": 1}}, {"type": "Feature", "geometry": {"type": "Point", "coordinates": [126.929784, 35.147256]}, "properties": {"addr": "동구 필문대로263번길 15", "cnt": 1}}, {"type": "Feature", "geometry": {"type": "Point", "coordinates": [126.929784, 35.147256]}, "properties": {"addr": "동구 필문대로263번길 15", "cnt": 1}}, {"type": "Feature", "geometry": {"type": "Point", "coordinates": [126.929784, 35.147256]}, "properties": {"addr": "동구 필문대로263번길 15", "cnt": 1}}, {"type": "Feature", "geometry": {"type": "Point", "coordinates": [126.936383, 35.151839]}, "properties": {"addr": "동구 밤실로 47", "cnt": 1}}, {"type": "Feature", "geometry": {"type": "Point", "coordinates": [126.936383, 35.151839]}, "properties": {"addr": "동구 밤실로 47", "cnt": 2}}, {"type": "Feature", "geometry": {"type": "Point", "coordinates": [126.93311, 35.152062]}, "properties": {"addr": "동구 필문대로205번길 19", "cnt": 1}}, {"type": "Feature", "geometry": {"type": "Point", "coordinates": [126.93311, 35.152062]}, "properties": {"addr": "동구 필문대로205번길 19", "cnt": 1}}, {"type": "Feature", "geometry": {"type": "Point", "coordinates": [126.93311, 35.152062]}, "properties": {"addr": "동구 필문대로205번길 19", "cnt": 1}}, {"type": "Feature", "geometry": {"type": "Point", "coordinates": [126.929132, 35.151529]}, "properties": {"addr": "동구 동명로 77-9", "cnt": 3}}, {"type": "Feature", "geometry": {"type": "Point", "coordinates": [126.917181, 35.147593]}, "properties": {"addr": "동구 충장로 94", "cnt": 1}}, {"type": "Feature", "geometry": {"type": "Point", "coordinates": [126.917181, 35.147593]}, "properties": {"addr": "동구 충장로 94", "cnt": 1}}, {"type": "Feature", "geometry": {"type": "Point", "coordinates": [126.917181, 35.147593]}, "properties": {"addr": "동구 충장로 94", "cnt": 1}}, {"type": "Feature", "geometry": {"type": "Point", "coordinates": [126.917181, 35.147593]}, "properties": {"addr": "동구 충장로 94", "cnt": 1}}, {"type": "Feature", "geometry": {"type": "Point", "coordinates": [126.910483, 35.15227]}, "properties": {"addr": "동구 충장로 13-1", "cnt": 1}}, {"type": "Feature", "geometry": {"type": "Point", "coordinates": [126.910483, 35.15227]}, "properties": {"addr": "동구 충장로 13-1", "cnt": 3}}, {"type": "Feature", "geometry": {"type": "Point", "coordinates": [126.912982, 35.150473]}, "properties": {"addr": "동구 충장로 43", "cnt": 1}}, {"type": "Feature", "geometry": {"type": "Point", "coordinates": [126.912982, 35.150473]}, "properties": {"addr": "동구 충장로 43", "cnt": 1}}, {"type": "Feature", "geometry": {"type": "Point", "coordinates": [126.912388, 35.150789]}, "properties": {"addr": "동구 충장로 38-1", "cnt": 2}}, {"type": "Feature", "geometry": {"type": "Point", "coordinates": [126.912388, 35.150789]}, "properties": {"addr": "동구 충장로 38-1", "cnt": 1}}, {"type": "Feature", "geometry": {"type": "Point", "coordinates": [126.911969, 35.151135]}, "properties": {"addr": "동구 구성로 166", "cnt": 1}}, {"type": "Feature", "geometry": {"type": "Point", "coordinates": [126.911969, 35.151135]}, "properties": {"addr": "동구 구성로 166", "cnt": 1}}, {"type": "Feature", "geometry": {"type": "Point", "coordinates": [126.909579, 35.151349]}, "properties": {"addr": "동구 독립로226번길 13-2", "cnt": 2}}, {"type": "Feature", "geometry": {"type": "Point", "coordinates": [126.909579, 35.151349]}, "properties": {"addr": "동구 독립로226번길 13-2", "cnt": 2}}, {"type": "Feature", "geometry": {"type": "Point", "coordinates": [126.91355, 35.15109]}, "properties": {"addr": "동구 충장로 39-12", "cnt": 1}}, {"type": "Feature", "geometry": {"type": "Point", "coordinates": [126.91355, 35.15109]}, "properties": {"addr": "동구 충장로 39-12", "cnt": 1}}, {"type": "Feature", "geometry": {"type": "Point", "coordinates": [126.913072, 35.150315]}, "properties": {"addr": "동구 충장로46번길 1", "cnt": 1}}, {"type": "Feature", "geometry": {"type": "Point", "coordinates": [126.913072, 35.150315]}, "properties": {"addr": "동구 충장로46번길 1", "cnt": 1}}, {"type": "Feature", "geometry": {"type": "Point", "coordinates": [126.925903, 35.131586]}, "properties": {"addr": "동구 학동 1003-8", "cnt": 1}}, {"type": "Feature", "geometry": {"type": "Point", "coordinates": [126.925903, 35.131586]}, "properties": {"addr": "동구 학동 1003-8", "cnt": 2}}, {"type": "Feature", "geometry": {"type": "Point", "coordinates": [126.860896, 35.147595]}, "properties": {"addr": "서구 쌍촌로47번길 41-2", "cnt": 1}}, {"type": "Feature", "geometry": {"type": "Point", "coordinates": [126.860896, 35.147595]}, "properties": {"addr": "서구 쌍촌로47번길 41-2", "cnt": 1}}, {"type": "Feature", "geometry": {"type": "Point", "coordinates": [126.924945, 35.138044]}, "properties": {"addr": "동구 남문로754번길 11", "cnt": 1}}, {"type": "Feature", "geometry": {"type": "Point", "coordinates": [126.924945, 35.138044]}, "properties": {"addr": "동구 남문로754번길 11", "cnt": 1}}, {"type": "Feature", "geometry": {"type": "Point", "coordinates": [126.924945, 35.138044]}, "properties": {"addr": "동구 남문로754번길 11", "cnt": 1}}, {"type": "Feature", "geometry": {"type": "Point", "coordinates": [126.926579, 35.137186]}, "properties": {"addr": "동구 남문로724번길 34-3", "cnt": 1}}, {"type": "Feature", "geometry": {"type": "Point", "coordinates": [126.926579, 35.137186]}, "properties": {"addr": "동구 남문로724번길 34-3", "cnt": 1}}, {"type": "Feature", "geometry": {"type": "Point", "coordinates": [126.926579, 35.137186]}, "properties": {"addr": "동구 남문로724번길 34-3", "cnt": 1}}, {"type": "Feature", "geometry": {"type": "Point", "coordinates": [126.919274, 35.159611]}, "properties": {"addr": "동구 중흥로235번길 5", "cnt": 1}}, {"type": "Feature", "geometry": {"type": "Point", "coordinates": [126.919274, 35.159611]}, "properties": {"addr": "동구 중흥로235번길 5", "cnt": 2}}, {"type": "Feature", "geometry": {"type": "Point", "coordinates": [126.837403, 35.133417]}, "properties": {"addr": "서구 벽진길 59-1", "cnt": 1}}, {"type": "Feature", "geometry": {"type": "Point", "coordinates": [126.837403, 35.133417]}, "properties": {"addr": "서구 벽진길 59-1", "cnt": 1}}, {"type": "Feature", "geometry": {"type": "Point", "coordinates": [126.931469, 35.132554]}, "properties": {"addr": "동구 의재로 36", "cnt": 1}}, {"type": "Feature", "geometry": {"type": "Point", "coordinates": [126.931469, 35.132554]}, "properties": {"addr": "동구 의재로 36", "cnt": 2}}, {"type": "Feature", "geometry": {"type": "Point", "coordinates": [126.933318, 35.131018]}, "properties": {"addr": "동구 학동 813-5", "cnt": 1}}, {"type": "Feature", "geometry": {"type": "Point", "coordinates": [126.933318, 35.131018]}, "properties": {"addr": "동구 학동 813-5", "cnt": 1}}, {"type": "Feature", "geometry": {"type": "Point", "coordinates": [126.933318, 35.131018]}, "properties": {"addr": "동구 학동 813-5", "cnt": 2}}, {"type": "Feature", "geometry": {"type": "Point", "coordinates": [126.913199, 35.147019]}, "properties": {"addr": "동구 중앙로 150-16", "cnt": 1}}, {"type": "Feature", "geometry": {"type": "Point", "coordinates": [126.913199, 35.147019]}, "properties": {"addr": "동구 중앙로 150-16", "cnt": 1}}, {"type": "Feature", "geometry": {"type": "Point", "coordinates": [126.913199, 35.147019]}, "properties": {"addr": "동구 중앙로 150-16", "cnt": 1}}, {"type": "Feature", "geometry": {"type": "Point", "coordinates": [126.91485, 35.147321]}, "properties": {"addr": "동구 중앙로160번길 15-3", "cnt": 1}}, {"type": "Feature", "geometry": {"type": "Point", "coordinates": [126.91485, 35.147321]}, "properties": {"addr": "동구 중앙로160번길 15-3", "cnt": 1}}, {"type": "Feature", "geometry": {"type": "Point", "coordinates": [126.91485, 35.147321]}, "properties": {"addr": "동구 중앙로160번길 15-3", "cnt": 1}}, {"type": "Feature", "geometry": {"type": "Point", "coordinates": [126.91485, 35.147321]}, "properties": {"addr": "동구 중앙로160번길 15-3", "cnt": 1}}, {"type": "Feature", "geometry": {"type": "Point", "coordinates": [126.916734, 35.147415]}, "properties": {"addr": "동구 중앙로160번길 31-37", "cnt": 1}}, {"type": "Feature", "geometry": {"type": "Point", "coordinates": [126.916734, 35.147415]}, "properties": {"addr": "동구 중앙로160번길 31-37", "cnt": 1}}, {"type": "Feature", "geometry": {"type": "Point", "coordinates": [126.938547, 35.180239]}, "properties": {"addr": "북구 각화동 149-8", "cnt": 2}}, {"type": "Feature", "geometry": {"type": "Point", "coordinates": [126.935711, 35.183077]}, "properties": {"addr": "북구 동문대로248번길 38", "cnt": 2}}, {"type": "Feature", "geometry": {"type": "Point", "coordinates": [126.935711, 35.183077]}, "properties": {"addr": "북구 동문대로248번길 38", "cnt": 2}}, {"type": "Feature", "geometry": {"type": "Point", "coordinates": [126.933086, 35.180334]}, "properties": {"addr": "북구 군왕로207번길 57-1", "cnt": 2}}, {"type": "Feature", "geometry": {"type": "Point", "coordinates": [126.933086, 35.180334]}, "properties": {"addr": "북구 군왕로207번길 57-1", "cnt": 2}}, {"type": "Feature", "geometry": {"type": "Point", "coordinates": [126.945421, 35.179616]}, "properties": {"addr": "북구 각화대로 103-39", "cnt": 1}}, {"type": "Feature", "geometry": {"type": "Point", "coordinates": [126.945421, 35.179616]}, "properties": {"addr": "북구 각화대로 103-39", "cnt": 1}}, {"type": "Feature", "geometry": {"type": "Point", "coordinates": [126.880692, 35.215098]}, "properties": {"addr": "북구 본촌동 2990", "cnt": 2}}, {"type": "Feature", "geometry": {"type": "Point", "coordinates": [126.999021, 35.169438]}, "properties": {"addr": "북구 금곡동 275-12", "cnt": 1}}, {"type": "Feature", "geometry": {"type": "Point", "coordinates": [126.999021, 35.169438]}, "properties": {"addr": "북구 금곡동 275-12", "cnt": 1}}, {"type": "Feature", "geometry": {"type": "Point", "coordinates": [126.999021, 35.169438]}, "properties": {"addr": "북구 금곡동 275-12", "cnt": 1}}, {"type": "Feature", "geometry": {"type": "Point", "coordinates": [126.987386, 35.148129]}, "properties": {"addr": "북구 금곡동 848-1", "cnt": 1}}, {"type": "Feature", "geometry": {"type": "Point", "coordinates": [126.987386, 35.148129]}, "properties": {"addr": "북구 금곡동 848-1", "cnt": 1}}, {"type": "Feature", "geometry": {"type": "Point", "coordinates": [126.979646, 35.164794]}, "properties": {"addr": "북구 금곡동 902-3", "cnt": 2}}, {"type": "Feature", "geometry": {"type": "Point", "coordinates": [126.906511, 35.154822]}, "properties": {"addr": "북구 천변우로283번길 36", "cnt": 2}}, {"type": "Feature", "geometry": {"type": "Point", "coordinates": [126.906511, 35.154822]}, "properties": {"addr": "북구 천변우로283번길 36", "cnt": 2}}, {"type": "Feature", "geometry": {"type": "Point", "coordinates": [126.864104, 35.174759]}, "properties": {"addr": "북구 유림로 140", "cnt": 1}}, {"type": "Feature", "geometry": {"type": "Point", "coordinates": [126.864104, 35.174759]}, "properties": {"addr": "북구 유림로 140", "cnt": 3}}, {"type": "Feature", "geometry": {"type": "Point", "coordinates": [126.889292, 35.171078]}, "properties": {"addr": "북구 운신남길 272", "cnt": 1}}, {"type": "Feature", "geometry": {"type": "Point", "coordinates": [126.889292, 35.171078]}, "properties": {"addr": "북구 운신남길 272", "cnt": 2}}, {"type": "Feature", "geometry": {"type": "Point", "coordinates": [126.858125, 35.174993]}, "properties": {"addr": "북구 동림동 915-31", "cnt": 2}}, {"type": "Feature", "geometry": {"type": "Point", "coordinates": [126.935374, 35.166931]}, "properties": {"addr": "북구 탁영로 21", "cnt": 1}}, {"type": "Feature", "geometry": {"type": "Point", "coordinates": [126.935374, 35.166931]}, "properties": {"addr": "북구 탁영로 21", "cnt": 2}}, {"type": "Feature", "geometry": {"type": "Point", "coordinates": [126.936834, 35.177482]}, "properties": {"addr": "북구 월동로 70-1", "cnt": 2}}, {"type": "Feature", "geometry": {"type": "Point", "coordinates": [126.936834, 35.177482]}, "properties": {"addr": "북구 월동로 70-1", "cnt": 2}}, {"type": "Feature", "geometry": {"type": "Point", "coordinates": [126.933098, 35.165481]}, "properties": {"addr": "북구 밤실로 207", "cnt": 2}}, {"type": "Feature", "geometry": {"type": "Point", "coordinates": [126.933098, 35.165481]}, "properties": {"addr": "북구 밤실로 207", "cnt": 1}}, {"type": "Feature", "geometry": {"type": "Point", "coordinates": [126.933098, 35.165481]}, "properties": {"addr": "북구 밤실로 207", "cnt": 1}}, {"type": "Feature", "geometry": {"type": "Point", "coordinates": [126.930726, 35.165632]}, "properties": {"addr": "북구 두방길 89-1", "cnt": 1}}, {"type": "Feature", "geometry": {"type": "Point", "coordinates": [126.930726, 35.165632]}, "properties": {"addr": "북구 두방길 89-1", "cnt": 1}}, {"type": "Feature", "geometry": {"type": "Point", "coordinates": [126.934973, 35.174641]}, "properties": {"addr": "북구 면앙로 214-1", "cnt": 2}}, {"type": "Feature", "geometry": {"type": "Point", "coordinates": [126.934973, 35.174641]}, "properties": {"addr": "북구 면앙로 214-1", "cnt": 1}}, {"type": "Feature", "geometry": {"type": "Point", "coordinates": [126.928237, 35.181021]}, "properties": {"addr": "북구 문화소통로302번길 49", "cnt": 1}}, {"type": "Feature", "geometry": {"type": "Point", "coordinates": [126.928237, 35.181021]}, "properties": {"addr": "북구 문화소통로302번길 49", "cnt": 1}}, {"type": "Feature", "geometry": {"type": "Point", "coordinates": [126.928237, 35.181021]}, "properties": {"addr": "북구 문화소통로302번길 49", "cnt": 1}}, {"type": "Feature", "geometry": {"type": "Point", "coordinates": [126.930193, 35.176944]}, "properties": {"addr": "북구 동문대로168번길 26", "cnt": 2}}, {"type": "Feature", "geometry": {"type": "Point", "coordinates": [126.930193, 35.176944]}, "properties": {"addr": "북구 동문대로168번길 26", "cnt": 2}}, {"type": "Feature", "geometry": {"type": "Point", "coordinates": [126.929596, 35.177813]}, "properties": {"addr": "북구 면앙로155번길 35", "cnt": 1}}, {"type": "Feature", "geometry": {"type": "Point", "coordinates": [126.929596, 35.177813]}, "properties": {"addr": "북구 면앙로155번길 35", "cnt": 1}}, {"type": "Feature", "geometry": {"type": "Point", "coordinates": [126.931115, 35.175775]}, "properties": {"addr": "북구 면앙로 177", "cnt": 2}}, {"type": "Feature", "geometry": {"type": "Point", "coordinates": [126.9321, 35.17818]}, "properties": {"addr": "북구 두리봉길 26", "cnt": 1}}, {"type": "Feature", "geometry": {"type": "Point", "coordinates": [126.9321, 35.17818]}, "properties": {"addr": "북구 두리봉길 26", "cnt": 2}}, {"type": "Feature", "geometry": {"type": "Point", "coordinates": [126.9321, 35.17818]}, "properties": {"addr": "북구 두리봉길 26", "cnt": 1}}, {"type": "Feature", "geometry": {"type": "Point", "coordinates": [126.933254, 35.177161]}, "properties": {"addr": "북구 군왕로171번길 10-7", "cnt": 3}}, {"type": "Feature", "geometry": {"type": "Point", "coordinates": [126.933819, 35.17853]}, "properties": {"addr": "북구 군왕로193번길 13-2", "cnt": 1}}, {"type": "Feature", "geometry": {"type": "Point", "coordinates": [126.933819, 35.17853]}, "properties": {"addr": "북구 군왕로193번길 13-2", "cnt": 1}}, {"type": "Feature", "geometry": {"type": "Point", "coordinates": [126.933819, 35.17853]}, "properties": {"addr": "북구 군왕로193번길 13-2", "cnt": 1}}, {"type": "Feature", "geometry": {"type": "Point", "coordinates": [126.930601, 35.17271]}, "properties": {"addr": "북구 금녕길 42", "cnt": 1}}, {"type": "Feature", "geometry": {"type": "Point", "coordinates": [126.930601, 35.17271]}, "properties": {"addr": "북구 금녕길 42", "cnt": 1}}, {"type": "Feature", "geometry": {"type": "Point", "coordinates": [126.930601, 35.17271]}, "properties": {"addr": "북구 금녕길 42", "cnt": 1}}, {"type": "Feature", "geometry": {"type": "Point", "coordinates": [126.930601, 35.17271]}, "properties": {"addr": "북구 금녕길 42", "cnt": 1}}, {"type": "Feature", "geometry": {"type": "Point", "coordinates": [126.930837, 35.17412]}, "properties": {"addr": "북구 금녕길 56", "cnt": 2}}, {"type": "Feature", "geometry": {"type": "Point", "coordinates": [126.930125, 35.174778]}, "properties": {"addr": "북구 동문대로112번길 94", "cnt": 2}}, {"type": "Feature", "geometry": {"type": "Point", "coordinates": [126.930125, 35.174778]}, "properties": {"addr": "북구 동문대로112번길 94", "cnt": 1}}, {"type": "Feature", "geometry": {"type": "Point", "coordinates": [126.926685, 35.173539]}, "properties": {"addr": "북구 동문대로112번길 27", "cnt": 2}}, {"type": "Feature", "geometry": {"type": "Point", "coordinates": [126.926685, 35.173539]}, "properties": {"addr": "북구 동문대로112번길 27", "cnt": 2}}, {"type": "Feature", "geometry": {"type": "Point", "coordinates": [126.931869, 35.170718]}, "properties": {"addr": "북구 서방로181번길 39", "cnt": 1}}, {"type": "Feature", "geometry": {"type": "Point", "coordinates": [126.931869, 35.170718]}, "properties": {"addr": "북구 서방로181번길 39", "cnt": 1}}, {"type": "Feature", "geometry": {"type": "Point", "coordinates": [126.931869, 35.170718]}, "properties": {"addr": "북구 서방로181번길 39", "cnt": 1}}, {"type": "Feature", "geometry": {"type": "Point", "coordinates": [126.931869, 35.170718]}, "properties": {"addr": "북구 서방로181번길 39", "cnt": 1}}, {"type": "Feature", "geometry": {"type": "Point", "coordinates": [126.937365, 35.171419]}, "properties": {"addr": "북구 삼정로 106-1", "cnt": 2}}, {"type": "Feature", "geometry": {"type": "Point", "coordinates": [126.937365, 35.171419]}, "properties": {"addr": "북구 삼정로 106-1", "cnt": 2}}, {"type": "Feature", "geometry": {"type": "Point", "coordinates": [126.928681, 35.170549]}, "properties": {"addr": "북구 금녕길 13-1", "cnt": 3}}, {"type": "Feature", "geometry": {"type": "Point", "coordinates": [126.928681, 35.170549]}, "properties": {"addr": "북구 금녕길 13-1", "cnt": 1}}, {"type": "Feature", "geometry": {"type": "Point", "coordinates": [126.927995, 35.169073]}, "properties": {"addr": "북구 서방로148번길 9-1", "cnt": 2}}, {"type": "Feature", "geometry": {"type": "Point", "coordinates": [126.927995, 35.169073]}, "properties": {"addr": "북구 서방로148번길 9-1", "cnt": 1}}, {"type": "Feature", "geometry": {"type": "Point", "coordinates": [126.927995, 35.169073]}, "properties": {"addr": "북구 서방로148번길 9-1", "cnt": 1}}, {"type": "Feature", "geometry": {"type": "Point", "coordinates": [126.930289, 35.167107]}, "properties": {"addr": "북구 군왕로51번길 40", "cnt": 1}}, {"type": "Feature", "geometry": {"type": "Point", "coordinates": [126.930289, 35.167107]}, "properties": {"addr": "북구 군왕로51번길 40", "cnt": 1}}, {"type": "Feature", "geometry": {"type": "Point", "coordinates": [126.930289, 35.167107]}, "properties": {"addr": "북구 군왕로51번길 40", "cnt": 1}}, {"type": "Feature", "geometry": {"type": "Point", "coordinates": [126.930289, 35.167107]}, "properties": {"addr": "북구 군왕로51번길 40", "cnt": 1}}, {"type": "Feature", "geometry": {"type": "Point", "coordinates": [126.939246, 35.161654]}, "properties": {"addr": "북구 무진성길32번길 34", "cnt": 1}}, {"type": "Feature", "geometry": {"type": "Point", "coordinates": [126.939246, 35.161654]}, "properties": {"addr": "북구 무진성길32번길 34", "cnt": 1}}, {"type": "Feature", "geometry": {"type": "Point", "coordinates": [126.935377, 35.162243]}, "properties": {"addr": "북구 밤실로 162", "cnt": 1}}, {"type": "Feature", "geometry": {"type": "Point", "coordinates": [126.935377, 35.162243]}, "properties": {"addr": "북구 밤실로 162", "cnt": 1}}, {"type": "Feature", "geometry": {"type": "Point", "coordinates": [126.935852, 35.1737]}, "properties": {"addr": "북구 두암동 산60", "cnt": 1}}, {"type": "Feature", "geometry": {"type": "Point", "coordinates": [126.935852, 35.1737]}, "properties": {"addr": "북구 두암동 산60", "cnt": 1}}, {"type": "Feature", "geometry": {"type": "Point", "coordinates": [126.953572, 35.1975]}, "properties": {"addr": "북구 석곡로 422", "cnt": 2}}, {"type": "Feature", "geometry": {"type": "Point", "coordinates": [126.892825, 35.19444]}, "properties": {"addr": "북구 매곡로86번길 32", "cnt": 1}}, {"type": "Feature", "geometry": {"type": "Point", "coordinates": [126.892825, 35.19444]}, "properties": {"addr": "북구 매곡로86번길 32", "cnt": 1}}, {"type": "Feature", "geometry": {"type": "Point", "coordinates": [126.892825, 35.19444]}, "properties": {"addr": "북구 매곡로86번길 32", "cnt": 1}}, {"type": "Feature", "geometry": {"type": "Point", "coordinates": [126.890835, 35.19143]}, "properties": {"addr": "북구 하서로 110", "cnt": 2}}, {"type": "Feature", "geometry": {"type": "Point", "coordinates": [126.922892, 35.190864]}, "properties": {"addr": "북구 대천로157번길 96-1", "cnt": 1}}, {"type": "Feature", "geometry": {"type": "Point", "coordinates": [126.922892, 35.190864]}, "properties": {"addr": "북구 대천로157번길 96-1", "cnt": 1}}, {"type": "Feature", "geometry": {"type": "Point", "coordinates": [126.921736, 35.185683]}, "properties": {"addr": "북구 서하로 380", "cnt": 1}}, {"type": "Feature", "geometry": {"type": "Point", "coordinates": [126.921736, 35.185683]}, "properties": {"addr": "북구 서하로 380", "cnt": 3}}, {"type": "Feature", "geometry": {"type": "Point", "coordinates": [126.919917, 35.185638]}, "properties": {"addr": "북구 대천로 121", "cnt": 2}}, {"type": "Feature", "geometry": {"type": "Point", "coordinates": [126.918424, 35.186277]}, "properties": {"addr": "북구 능안로12번길 23", "cnt": 1}}, {"type": "Feature", "geometry": {"type": "Point", "coordinates": [126.918424, 35.186277]}, "properties": {"addr": "북구 능안로12번길 23", "cnt": 1}}, {"type": "Feature", "geometry": {"type": "Point", "coordinates": [126.918424, 35.186277]}, "properties": {"addr": "북구 능안로12번길 23", "cnt": 1}}, {"type": "Feature", "geometry": {"type": "Point", "coordinates": [126.918424, 35.186277]}, "properties": {"addr": "북구 능안로12번길 23", "cnt": 1}}, {"type": "Feature", "geometry": {"type": "Point", "coordinates": [126.925894, 35.183048]}, "properties": {"addr": "북구 천지인로 241", "cnt": 1}}, {"type": "Feature", "geometry": {"type": "Point", "coordinates": [126.925894, 35.183048]}, "properties": {"addr": "북구 천지인로 241", "cnt": 1}}, {"type": "Feature", "geometry": {"type": "Point", "coordinates": [126.916927, 35.177533]}, "properties": {"addr": "북구 면앙로44번길 39", "cnt": 1}}, {"type": "Feature", "geometry": {"type": "Point", "coordinates": [126.916927, 35.177533]}, "properties": {"addr": "북구 면앙로44번길 39", "cnt": 3}}, {"type": "Feature", "geometry": {"type": "Point", "coordinates": [126.917963, 35.177245]}, "properties": {"addr": "북구 호동로 63", "cnt": 1}}, {"type": "Feature", "geometry": {"type": "Point", "coordinates": [126.917963, 35.177245]}, "properties": {"addr": "북구 호동로 63", "cnt": 1}}, {"type": "Feature", "geometry": {"type": "Point", "coordinates": [126.917963, 35.177245]}, "properties": {"addr": "북구 호동로 63", "cnt": 1}}, {"type": "Feature", "geometry": {"type": "Point", "coordinates": [126.927015, 35.181789]}, "properties": {"addr": "북구 문화소통로302번길 17", "cnt": 1}}, {"type": "Feature", "geometry": {"type": "Point", "coordinates": [126.927015, 35.181789]}, "properties": {"addr": "북구 문화소통로302번길 17", "cnt": 1}}, {"type": "Feature", "geometry": {"type": "Point", "coordinates": [126.925497, 35.181001]}, "properties": {"addr": "북구 문흥동 920-1 앞", "cnt": 3}}, {"type": "Feature", "geometry": {"type": "Point", "coordinates": [126.925595, 35.180019]}, "properties": {"addr": "북구 평교로30번길 6-2", "cnt": 1}}, {"type": "Feature", "geometry": {"type": "Point", "coordinates": [126.925595, 35.180019]}, "properties": {"addr": "북구 평교로30번길 6-2", "cnt": 1}}, {"type": "Feature", "geometry": {"type": "Point", "coordinates": [126.925595, 35.180019]}, "properties": {"addr": "북구 평교로30번길 6-2", "cnt": 1}}, {"type": "Feature", "geometry": {"type": "Point", "coordinates": [126.924569, 35.17955]}, "properties": {"addr": "북구 중문로84번길 67-25", "cnt": 1}}, {"type": "Feature", "geometry": {"type": "Point", "coordinates": [126.924569, 35.17955]}, "properties": {"addr": "북구 중문로84번길 67-25", "cnt": 1}}, {"type": "Feature", "geometry": {"type": "Point", "coordinates": [126.924569, 35.17955]}, "properties": {"addr": "북구 중문로84번길 67-25", "cnt": 1}}, {"type": "Feature", "geometry": {"type": "Point", "coordinates": [126.924788, 35.179161]}, "properties": {"addr": "북구 평교로 17", "cnt": 2}}, {"type": "Feature", "geometry": {"type": "Point", "coordinates": [126.924788, 35.179161]}, "properties": {"addr": "북구 평교로 17", "cnt": 2}}, {"type": "Feature", "geometry": {"type": "Point", "coordinates": [126.922893, 35.1806]}, "properties": {"addr": "북구 면앙로89번길 58", "cnt": 1}}, {"type": "Feature", "geometry": {"type": "Point", "coordinates": [126.922893, 35.1806]}, "properties": {"addr": "북구 면앙로89번길 58", "cnt": 1}}, {"type": "Feature", "geometry": {"type": "Point", "coordinates": [126.922893, 35.1806]}, "properties": {"addr": "북구 면앙로89번길 58", "cnt": 1}}, {"type": "Feature", "geometry": {"type": "Point", "coordinates": [126.921438, 35.188465]}, "properties": {"addr": "북구 대천로157번길 6", "cnt": 2}}, {"type": "Feature", "geometry": {"type": "Point", "coordinates": [126.921438, 35.188465]}, "properties": {"addr": "북구 대천로157번길 6", "cnt": 2}}, {"type": "Feature", "geometry": {"type": "Point", "coordinates": [126.92125, 35.189742]}, "properties": {"addr": "북구 대천로157번길 56", "cnt": 2}}, {"type": "Feature", "geometry": {"type": "Point", "coordinates": [126.92125, 35.189742]}, "properties": {"addr": "북구 대천로157번길 56", "cnt": 1}}, {"type": "Feature", "geometry": {"type": "Point", "coordinates": [126.926738, 35.189307]}, "properties": {"addr": "북구 부남길15번길 46", "cnt": 2}}, {"type": "Feature", "geometry": {"type": "Point", "coordinates": [126.926738, 35.189307]}, "properties": {"addr": "북구 부남길15번길 46", "cnt": 1}}, {"type": "Feature", "geometry": {"type": "Point", "coordinates": [126.927181, 35.188648]}, "properties": {"addr": "북구 부남길 30", "cnt": 2}}, {"type": "Feature", "geometry": {"type": "Point", "coordinates": [126.927181, 35.188648]}, "properties": {"addr": "북구 부남길 30", "cnt": 2}}, {"type": "Feature", "geometry": {"type": "Point", "coordinates": [126.8799, 35.220667]}, "properties": {"addr": "북구 본촌동 772-2", "cnt": 1}}, {"type": "Feature", "geometry": {"type": "Point", "coordinates": [126.8799, 35.220667]}, "properties": {"addr": "북구 본촌동 772-2", "cnt": 1}}, {"type": "Feature", "geometry": {"type": "Point", "coordinates": [126.8799, 35.220667]}, "properties": {"addr": "북구 본촌동 772-2", "cnt": 1}}, {"type": "Feature", "geometry": {"type": "Point", "coordinates": [126.912162, 35.155541]}, "properties": {"addr": "북구 북동 25-18", "cnt": 1}}, {"type": "Feature", "geometry": {"type": "Point", "coordinates": [126.912162, 35.155541]}, "properties": {"addr": "북구 북동 25-18", "cnt": 1}}, {"type": "Feature", "geometry": {"type": "Point", "coordinates": [126.912162, 35.155541]}, "properties": {"addr": "북구 북동 25-18", "cnt": 1}}, {"type": "Feature", "geometry": {"type": "Point", "coordinates": [126.909859, 35.157387]}, "properties": {"addr": "북구 금재로73번길 38", "cnt": 2}}, {"type": "Feature", "geometry": {"type": "Point", "coordinates": [126.909859, 35.157387]}, "properties": {"addr": "북구 금재로73번길 38", "cnt": 1}}, {"type": "Feature", "geometry": {"type": "Point", "coordinates": [126.908531, 35.156366]}, "properties": {"addr": "북구 금재로36번길 19", "cnt": 3}}, {"type": "Feature", "geometry": {"type": "Point", "coordinates": [126.908531, 35.156366]}, "properties": {"addr": "북구 금재로36번길 19", "cnt": 1}}, {"type": "Feature", "geometry": {"type": "Point", "coordinates": [126.898077, 35.194906]}, "properties": {"addr": "북구 삼각동 546-2", "cnt": 1}}, {"type": "Feature", "geometry": {"type": "Point", "coordinates": [126.898077, 35.194906]}, "properties": {"addr": "북구 삼각동 546-2", "cnt": 1}}, {"type": "Feature", "geometry": {"type": "Point", "coordinates": [126.902203, 35.193834]}, "properties": {"addr": "북구 설죽로370번길 33", "cnt": 2}}, {"type": "Feature", "geometry": {"type": "Point", "coordinates": [126.902203, 35.193834]}, "properties": {"addr": "북구 설죽로370번길 33", "cnt": 1}}, {"type": "Feature", "geometry": {"type": "Point", "coordinates": [126.902726, 35.198701]}, "properties": {"addr": "북구 우치로383번길 6", "cnt": 2}}, {"type": "Feature", "geometry": {"type": "Point", "coordinates": [126.902726, 35.198701]}, "properties": {"addr": "북구 우치로383번길 6", "cnt": 1}}, {"type": "Feature", "geometry": {"type": "Point", "coordinates": [126.91921, 35.24594]}, "properties": {"addr": "북구 수곡동 521-22", "cnt": 2}}, {"type": "Feature", "geometry": {"type": "Point", "coordinates": [126.91921, 35.24594]}, "properties": {"addr": "북구 수곡동 521-22", "cnt": 1}}, {"type": "Feature", "geometry": {"type": "Point", "coordinates": [126.899636, 35.168666]}, "properties": {"addr": "북구 들재매길 101", "cnt": 2}}, {"type": "Feature", "geometry": {"type": "Point", "coordinates": [126.899636, 35.168666]}, "properties": {"addr": "북구 들재매길 101", "cnt": 1}}, {"type": "Feature", "geometry": {"type": "Point", "coordinates": [126.899636, 35.168666]}, "properties": {"addr": "북구 들재매길 101", "cnt": 1}}, {"type": "Feature", "geometry": {"type": "Point", "coordinates": [126.904796, 35.167609]}, "properties": {"addr": "북구 서암대로208번길 34", "cnt": 1}}, {"type": "Feature", "geometry": {"type": "Point", "coordinates": [126.904796, 35.167609]}, "properties": {"addr": "북구 서암대로208번길 34", "cnt": 1}}, {"type": "Feature", "geometry": {"type": "Point", "coordinates": [126.904796, 35.167609]}, "properties": {"addr": "북구 서암대로208번길 34", "cnt": 1}}, {"type": "Feature", "geometry": {"type": "Point", "coordinates": [126.899277, 35.166202]}, "properties": {"addr": "북구 신임로32번길 11", "cnt": 2}}, {"type": "Feature", "geometry": {"type": "Point", "coordinates": [126.899277, 35.166202]}, "properties": {"addr": "북구 신임로32번길 11", "cnt": 1}}, {"type": "Feature", "geometry": {"type": "Point", "coordinates": [126.903078, 35.171124]}, "properties": {"addr": "북구 서양로 16", "cnt": 1}}, {"type": "Feature", "geometry": {"type": "Point", "coordinates": [126.903078, 35.171124]}, "properties": {"addr": "북구 서양로 16", "cnt": 1}}, {"type": "Feature", "geometry": {"type": "Point", "coordinates": [126.901805, 35.169913]}, "properties": {"addr": "북구 서암대로159번길 9", "cnt": 2}}, {"type": "Feature", "geometry": {"type": "Point", "coordinates": [126.897829, 35.171137]}, "properties": {"addr": "북구 설죽로126번길 26", "cnt": 2}}, {"type": "Feature", "geometry": {"type": "Point", "coordinates": [126.897829, 35.171137]}, "properties": {"addr": "북구 설죽로126번길 26", "cnt": 1}}, {"type": "Feature", "geometry": {"type": "Point", "coordinates": [126.897829, 35.171137]}, "properties": {"addr": "북구 설죽로126번길 26", "cnt": 1}}, {"type": "Feature", "geometry": {"type": "Point", "coordinates": [126.896496, 35.168125]}, "properties": {"addr": "북구 무등로111번길 7", "cnt": 2}}, {"type": "Feature", "geometry": {"type": "Point", "coordinates": [126.896496, 35.168125]}, "properties": {"addr": "북구 무등로111번길 7", "cnt": 1}}, {"type": "Feature", "geometry": {"type": "Point", "coordinates": [126.904888, 35.161628]}, "properties": {"addr": "북구 유동 117-1", "cnt": 2}}, {"type": "Feature", "geometry": {"type": "Point", "coordinates": [126.893381, 35.169117]}, "properties": {"addr": "북구 무등로81번길 14", "cnt": 2}}, {"type": "Feature", "geometry": {"type": "Point", "coordinates": [126.893381, 35.169117]}, "properties": {"addr": "북구 무등로81번길 14", "cnt": 1}}, {"type": "Feature", "geometry": {"type": "Point", "coordinates": [126.880367, 35.20604]}, "properties": {"addr": "북구 연양로117번길 1", "cnt": 1}}, {"type": "Feature", "geometry": {"type": "Point", "coordinates": [126.880367, 35.20604]}, "properties": {"addr": "북구 연양로117번길 1", "cnt": 1}}, {"type": "Feature", "geometry": {"type": "Point", "coordinates": [126.880367, 35.20604]}, "properties": {"addr": "북구 연양로117번길 1", "cnt": 1}}, {"type": "Feature", "geometry": {"type": "Point", "coordinates": [126.876376, 35.212015]}, "properties": {"addr": "북구 상촌로 16", "cnt": 1}}, {"type": "Feature", "geometry": {"type": "Point", "coordinates": [126.876376, 35.212015]}, "properties": {"addr": "북구 상촌로 16", "cnt": 2}}, {"type": "Feature", "geometry": {"type": "Point", "coordinates": [126.870701, 35.210156]}, "properties": {"addr": "북구 임방울대로1042번길 19", "cnt": 1}}, {"type": "Feature", "geometry": {"type": "Point", "coordinates": [126.870701, 35.210156]}, "properties": {"addr": "북구 임방울대로1042번길 19", "cnt": 1}}, {"type": "Feature", "geometry": {"type": "Point", "coordinates": [126.870701, 35.210156]}, "properties": {"addr": "북구 임방울대로1042번길 19", "cnt": 1}}, {"type": "Feature", "geometry": {"type": "Point", "coordinates": [126.871921, 35.207937]}, "properties": {"addr": "북구 효열로 29", "cnt": 1}}, {"type": "Feature", "geometry": {"type": "Point", "coordinates": [126.871921, 35.207937]}, "properties": {"addr": "북구 효열로 29", "cnt": 1}}, {"type": "Feature", "geometry": {"type": "Point", "coordinates": [126.871921, 35.207937]}, "properties": {"addr": "북구 효열로 29", "cnt": 1}}, {"type": "Feature", "geometry": {"type": "Point", "coordinates": [126.871921, 35.207937]}, "properties": {"addr": "북구 효열로 29", "cnt": 1}}, {"type": "Feature", "geometry": {"type": "Point", "coordinates": [126.873274, 35.197681]}, "properties": {"addr": "북구 양일로 78", "cnt": 1}}, {"type": "Feature", "geometry": {"type": "Point", "coordinates": [126.873274, 35.197681]}, "properties": {"addr": "북구 양일로 78", "cnt": 1}}, {"type": "Feature", "geometry": {"type": "Point", "coordinates": [126.873552, 35.198242]}, "properties": {"addr": "북구 양산신촌길 24", "cnt": 1}}, {"type": "Feature", "geometry": {"type": "Point", "coordinates": [126.873552, 35.198242]}, "properties": {"addr": "북구 양산신촌길 24", "cnt": 1}}, {"type": "Feature", "geometry": {"type": "Point", "coordinates": [126.876511, 35.207747]}, "properties": {"addr": "북구 양산동 984", "cnt": 1}}, {"type": "Feature", "geometry": {"type": "Point", "coordinates": [126.876511, 35.207747]}, "properties": {"addr": "북구 양산동 984", "cnt": 3}}, {"type": "Feature", "geometry": {"type": "Point", "coordinates": [126.872847, 35.205405]}, "properties": {"addr": "북구 하서로339번길 7", "cnt": 2}}, {"type": "Feature", "geometry": {"type": "Point", "coordinates": [126.870488, 35.204419]}, "properties": {"addr": "북구 양산제로137번길 22", "cnt": 1}}, {"type": "Feature", "geometry": {"type": "Point", "coordinates": [126.870488, 35.204419]}, "properties": {"addr": "북구 양산제로137번길 22", "cnt": 2}}, {"type": "Feature", "geometry": {"type": "Point", "coordinates": [126.870488, 35.204419]}, "properties": {"addr": "북구 양산제로137번길 22", "cnt": 1}}, {"type": "Feature", "geometry": {"type": "Point", "coordinates": [126.859047, 35.220683]}, "properties": {"addr": "북구 임방울대로 877", "cnt": 1}}, {"type": "Feature", "geometry": {"type": "Point", "coordinates": [126.859047, 35.220683]}, "properties": {"addr": "북구 임방울대로 877", "cnt": 1}}, {"type": "Feature", "geometry": {"type": "Point", "coordinates": [126.901519, 35.186764]}, "properties": {"addr": "북구 서하로194번길 2", "cnt": 1}}, {"type": "Feature", "geometry": {"type": "Point", "coordinates": [126.901519, 35.186764]}, "properties": {"addr": "북구 서하로194번길 2", "cnt": 1}}, {"type": "Feature", "geometry": {"type": "Point", "coordinates": [126.901519, 35.186764]}, "properties": {"addr": "북구 서하로194번길 2", "cnt": 1}}, {"type": "Feature", "geometry": {"type": "Point", "coordinates": [126.914113, 35.18891]}, "properties": {"addr": "북구 송월로58번길 7-1", "cnt": 1}}, {"type": "Feature", "geometry": {"type": "Point", "coordinates": [126.914113, 35.18891]}, "properties": {"addr": "북구 송월로58번길 7-1", "cnt": 2}}, {"type": "Feature", "geometry": {"type": "Point", "coordinates": [126.916978, 35.187235]}, "properties": {"addr": "북구 능안로 21", "cnt": 1}}, {"type": "Feature", "geometry": {"type": "Point", "coordinates": [126.916978, 35.187235]}, "properties": {"addr": "북구 능안로 21", "cnt": 1}}, {"type": "Feature", "geometry": {"type": "Point", "coordinates": [126.916978, 35.187235]}, "properties": {"addr": "북구 능안로 21", "cnt": 1}}, {"type": "Feature", "geometry": {"type": "Point", "coordinates": [126.915016, 35.187452]}, "properties": {"addr": "북구 송월로40번길 33", "cnt": 2}}, {"type": "Feature", "geometry": {"type": "Point", "coordinates": [126.9008, 35.189505]}, "properties": {"addr": "북구 오치동 862-37", "cnt": 2}}, {"type": "Feature", "geometry": {"type": "Point", "coordinates": [126.9008, 35.189505]}, "properties": {"addr": "북구 오치동 862-37", "cnt": 1}}, {"type": "Feature", "geometry": {"type": "Point", "coordinates": [126.901972, 35.190456]}, "properties": {"addr": "북구 안산로 33", "cnt": 1}}, {"type": "Feature", "geometry": {"type": "Point", "coordinates": [126.901972, 35.190456]}, "properties": {"addr": "북구 안산로 33", "cnt": 1}}, {"type": "Feature", "geometry": {"type": "Point", "coordinates": [126.901972, 35.190456]}, "properties": {"addr": "북구 안산로 33", "cnt": 1}}, {"type": "Feature", "geometry": {"type": "Point", "coordinates": [126.903901, 35.18454]}, "properties": {"addr": "북구 천지인로 47-3", "cnt": 1}}, {"type": "Feature", "geometry": {"type": "Point", "coordinates": [126.903901, 35.18454]}, "properties": {"addr": "북구 천지인로 47-3", "cnt": 1}}, {"type": "Feature", "geometry": {"type": "Point", "coordinates": [126.907687, 35.189439]}, "properties": {"addr": "북구 오치동 927-1", "cnt": 3}}, {"type": "Feature", "geometry": {"type": "Point", "coordinates": [126.909375, 35.187758]}, "properties": {"addr": "북구 서하로257번길 18", "cnt": 1}}, {"type": "Feature", "geometry": {"type": "Point", "coordinates": [126.909375, 35.187758]}, "properties": {"addr": "북구 서하로257번길 18", "cnt": 1}}, {"type": "Feature", "geometry": {"type": "Point", "coordinates": [126.909375, 35.187758]}, "properties": {"addr": "북구 서하로257번길 18", "cnt": 1}}, {"type": "Feature", "geometry": {"type": "Point", "coordinates": [126.910717, 35.18827]}, "properties": {"addr": "북구 서하로273번길 22", "cnt": 1}}, {"type": "Feature", "geometry": {"type": "Point", "coordinates": [126.910717, 35.18827]}, "properties": {"addr": "북구 서하로273번길 22", "cnt": 1}}, {"type": "Feature", "geometry": {"type": "Point", "coordinates": [126.910717, 35.18827]}, "properties": {"addr": "북구 서하로273번길 22", "cnt": 1}}, {"type": "Feature", "geometry": {"type": "Point", "coordinates": [126.910248, 35.186489]}, "properties": {"addr": "북구 서하로274번길 10", "cnt": 2}}, {"type": "Feature", "geometry": {"type": "Point", "coordinates": [126.910248, 35.186489]}, "properties": {"addr": "북구 서하로274번길 10", "cnt": 2}}, {"type": "Feature", "geometry": {"type": "Point", "coordinates": [126.905745, 35.186268]}, "properties": {"addr": "북구 우치로238번길 10", "cnt": 2}}, {"type": "Feature", "geometry": {"type": "Point", "coordinates": [126.905745, 35.186268]}, "properties": {"addr": "북구 우치로238번길 10", "cnt": 1}}, {"type": "Feature", "geometry": {"type": "Point", "coordinates": [126.911325, 35.184036]}, "properties": {"addr": "북구 천지인로115번길 1", "cnt": 1}}, {"type": "Feature", "geometry": {"type": "Point", "coordinates": [126.911325, 35.184036]}, "properties": {"addr": "북구 천지인로115번길 1", "cnt": 1}}, {"type": "Feature", "geometry": {"type": "Point", "coordinates": [126.911325, 35.184036]}, "properties": {"addr": "북구 천지인로115번길 1", "cnt": 1}}, {"type": "Feature", "geometry": {"type": "Point", "coordinates": [126.907671, 35.18166]}, "properties": {"addr": "북구 문화소통로108번길 65", "cnt": 2}}, {"type": "Feature", "geometry": {"type": "Point", "coordinates": [126.907671, 35.18166]}, "properties": {"addr": "북구 문화소통로108번길 65", "cnt": 1}}, {"type": "Feature", "geometry": {"type": "Point", "coordinates": [126.873804, 35.212863]}, "properties": {"addr": "북구 하서로423번길 16", "cnt": 2}}, {"type": "Feature", "geometry": {"type": "Point", "coordinates": [126.873238, 35.214287]}, "properties": {"addr": "북구 거진길 15", "cnt": 2}}, {"type": "Feature", "geometry": {"type": "Point", "coordinates": [126.873238, 35.214287]}, "properties": {"addr": "북구 거진길 15", "cnt": 1}}, {"type": "Feature", "geometry": {"type": "Point", "coordinates": [126.90661, 35.182167]}, "properties": {"addr": "북구 용주로40번길 87", "cnt": 2}}, {"type": "Feature", "geometry": {"type": "Point", "coordinates": [126.90661, 35.182167]}, "properties": {"addr": "북구 용주로40번길 87", "cnt": 1}}, {"type": "Feature", "geometry": {"type": "Point", "coordinates": [126.90661, 35.182167]}, "properties": {"addr": "북구 용주로40번길 87", "cnt": 1}}, {"type": "Feature", "geometry": {"type": "Point", "coordinates": [126.901557, 35.181029]}, "properties": {"addr": "북구 용주로30번길 16", "cnt": 2}}, {"type": "Feature", "geometry": {"type": "Point", "coordinates": [126.901557, 35.181029]}, "properties": {"addr": "북구 용주로30번길 16", "cnt": 1}}, {"type": "Feature", "geometry": {"type": "Point", "coordinates": [126.901557, 35.181029]}, "properties": {"addr": "북구 용주로30번길 16", "cnt": 1}}, {"type": "Feature", "geometry": {"type": "Point", "coordinates": [126.900293, 35.180803]}, "properties": {"addr": "북구 반룡로5번길 43", "cnt": 3}}, {"type": "Feature", "geometry": {"type": "Point", "coordinates": [126.900293, 35.180803]}, "properties": {"addr": "북구 반룡로5번길 43", "cnt": 1}}, {"type": "Feature", "geometry": {"type": "Point", "coordinates": [126.900293, 35.180803]}, "properties": {"addr": "북구 반룡로5번길 43", "cnt": 1}}, {"type": "Feature", "geometry": {"type": "Point", "coordinates": [126.89898, 35.180119]}, "properties": {"addr": "북구 반룡로5번길 15", "cnt": 2}}, {"type": "Feature", "geometry": {"type": "Point", "coordinates": [126.902305, 35.178316]}, "properties": {"addr": "북구 설죽로214번길 81", "cnt": 1}}, {"type": "Feature", "geometry": {"type": "Point", "coordinates": [126.902305, 35.178316]}, "properties": {"addr": "북구 설죽로214번길 81", "cnt": 1}}, {"type": "Feature", "geometry": {"type": "Point", "coordinates": [126.900715, 35.178023]}, "properties": {"addr": "북구 설죽로214번길 60", "cnt": 2}}, {"type": "Feature", "geometry": {"type": "Point", "coordinates": [126.900715, 35.178023]}, "properties": {"addr": "북구 설죽로214번길 60", "cnt": 1}}, {"type": "Feature", "geometry": {"type": "Point", "coordinates": [126.900715, 35.178023]}, "properties": {"addr": "북구 설죽로214번길 60", "cnt": 1}}, {"type": "Feature", "geometry": {"type": "Point", "coordinates": [126.902127, 35.177339]}, "properties": {"addr": "북구 용봉동 1253-7", "cnt": 1}}, {"type": "Feature", "geometry": {"type": "Point", "coordinates": [126.902127, 35.177339]}, "properties": {"addr": "북구 용봉동 1253-7", "cnt": 1}}, {"type": "Feature", "geometry": {"type": "Point", "coordinates": [126.902127, 35.177339]}, "properties": {"addr": "북구 용봉동 1253-7", "cnt": 1}}, {"type": "Feature", "geometry": {"type": "Point", "coordinates": [126.89273, 35.176965]}, "properties": {"addr": "북구 청계로 48", "cnt": 1}}, {"type": "Feature", "geometry": {"type": "Point", "coordinates": [126.89273, 35.176965]}, "properties": {"addr": "북구 청계로 48", "cnt": 2}}, {"type": "Feature", "geometry": {"type": "Point", "coordinates": [126.914468, 35.177493]}, "properties": {"addr": "북구 우치로110번길 39", "cnt": 2}}, {"type": "Feature", "geometry": {"type": "Point", "coordinates": [126.914468, 35.177493]}, "properties": {"addr": "북구 우치로110번길 39", "cnt": 1}}, {"type": "Feature", "geometry": {"type": "Point", "coordinates": [126.914468, 35.177493]}, "properties": {"addr": "북구 우치로110번길 39", "cnt": 1}}, {"type": "Feature", "geometry": {"type": "Point", "coordinates": [126.915728, 35.177447]}, "properties": {"addr": "북구 우치로110번길 57", "cnt": 2}}, {"type": "Feature", "geometry": {"type": "Point", "coordinates": [126.915728, 35.177447]}, "properties": {"addr": "북구 우치로110번길 57", "cnt": 1}}, {"type": "Feature", "geometry": {"type": "Point", "coordinates": [126.9144, 35.176128]}, "properties": {"addr": "북구 호동로43번길 38", "cnt": 3}}, {"type": "Feature", "geometry": {"type": "Point", "coordinates": [126.9144, 35.176128]}, "properties": {"addr": "북구 호동로43번길 38", "cnt": 1}}, {"type": "Feature", "geometry": {"type": "Point", "coordinates": [126.902614, 35.177406]}, "properties": {"addr": "북구 설죽로202번길 94", "cnt": 2}}, {"type": "Feature", "geometry": {"type": "Point", "coordinates": [126.91257, 35.181691]}, "properties": {"addr": "북구 효산로 14", "cnt": 2}}, {"type": "Feature", "geometry": {"type": "Point", "coordinates": [126.91257, 35.181691]}, "properties": {"addr": "북구 효산로 14", "cnt": 1}}, {"type": "Feature", "geometry": {"type": "Point", "coordinates": [126.89857, 35.176145]}, "properties": {"addr": "북구 설죽로148번길 88", "cnt": 2}}, {"type": "Feature", "geometry": {"type": "Point", "coordinates": [126.890323, 35.177715]}, "properties": {"addr": "북구 비엔날레로 72", "cnt": 2}}, {"type": "Feature", "geometry": {"type": "Point", "coordinates": [126.894695, 35.182194]}, "properties": {"addr": "북구 설죽로251번길 66", "cnt": 4}}, {"type": "Feature", "geometry": {"type": "Point", "coordinates": [126.892112, 35.183251]}, "properties": {"addr": "북구 용봉동 868-2", "cnt": 1}}, {"type": "Feature", "geometry": {"type": "Point", "coordinates": [126.892112, 35.183251]}, "properties": {"addr": "북구 용봉동 868-2", "cnt": 1}}, {"type": "Feature", "geometry": {"type": "Point", "coordinates": [126.895568, 35.238171]}, "properties": {"addr": "북구 용전동 807-2", "cnt": 2}}, {"type": "Feature", "geometry": {"type": "Point", "coordinates": [126.919747, 35.172485]}, "properties": {"addr": "북구 우산동 172-10", "cnt": 1}}, {"type": "Feature", "geometry": {"type": "Point", "coordinates": [126.921141, 35.172626]}, "properties": {"addr": "북구 서방로73번길 14", "cnt": 1}}, {"type": "Feature", "geometry": {"type": "Point", "coordinates": [126.921523, 35.17401]}, "properties": {"addr": "북구 서방로73번길 42-1", "cnt": 1}}, {"type": "Feature", "geometry": {"type": "Point", "coordinates": [126.921523, 35.17401]}, "properties": {"addr": "북구 서방로73번길 42-1", "cnt": 1}}, {"type": "Feature", "geometry": {"type": "Point", "coordinates": [126.923617, 35.173086]}, "properties": {"addr": "북구 서방로81번길 56", "cnt": 2}}, {"type": "Feature", "geometry": {"type": "Point", "coordinates": [126.924469, 35.174307]}, "properties": {"addr": "북구 서방로81번길 88", "cnt": 2}}, {"type": "Feature", "geometry": {"type": "Point", "coordinates": [126.924655, 35.175282]}, "properties": {"addr": "북구 서방로81번길 102", "cnt": 3}}, {"type": "Feature", "geometry": {"type": "Point", "coordinates": [126.914657, 35.173443]}, "properties": {"addr": "북구 서방로 13", "cnt": 1}}, {"type": "Feature", "geometry": {"type": "Point", "coordinates": [126.914657, 35.173443]}, "properties": {"addr": "북구 서방로 13", "cnt": 1}}, {"type": "Feature", "geometry": {"type": "Point", "coordinates": [126.914657, 35.173443]}, "properties": {"addr": "북구 서방로 13", "cnt": 1}}, {"type": "Feature", "geometry": {"type": "Point", "coordinates": [126.8045, 35.16662]}, "properties": {"addr": "광산구 산정로6번길 21-2", "cnt": 2}}, {"type": "Feature", "geometry": {"type": "Point", "coordinates": [126.8045, 35.16662]}, "properties": {"addr": "광산구 산정로6번길 21-2", "cnt": 2}}, {"type": "Feature", "geometry": {"type": "Point", "coordinates": [126.92155, 35.180247]}, "properties": {"addr": "북구 중문로88번길 11-2", "cnt": 1}}, {"type": "Feature", "geometry": {"type": "Point", "coordinates": [126.92155, 35.180247]}, "properties": {"addr": "북구 중문로88번길 11-2", "cnt": 1}}, {"type": "Feature", "geometry": {"type": "Point", "coordinates": [126.92155, 35.180247]}, "properties": {"addr": "북구 중문로88번길 11-2", "cnt": 1}}, {"type": "Feature", "geometry": {"type": "Point", "coordinates": [126.920938, 35.1797]}, "properties": {"addr": "북구 면앙로79번길 28", "cnt": 1}}, {"type": "Feature", "geometry": {"type": "Point", "coordinates": [126.920938, 35.1797]}, "properties": {"addr": "북구 면앙로79번길 28", "cnt": 1}}, {"type": "Feature", "geometry": {"type": "Point", "coordinates": [126.87033, 35.177184]}, "properties": {"addr": "북구 서강로53번길 48-2", "cnt": 2}}, {"type": "Feature", "geometry": {"type": "Point", "coordinates": [126.87033, 35.177184]}, "properties": {"addr": "북구 서강로53번길 48-2", "cnt": 1}}, {"type": "Feature", "geometry": {"type": "Point", "coordinates": [126.93597, 35.178755]}, "properties": {"addr": "북구 참판로237-1", "cnt": 1}}, {"type": "Feature", "geometry": {"type": "Point", "coordinates": [126.93597, 35.178755]}, "properties": {"addr": "북구 참판로237-1", "cnt": 1}}, {"type": "Feature", "geometry": {"type": "Point", "coordinates": [126.93597, 35.178755]}, "properties": {"addr": "북구 참판로237-1", "cnt": 1}}, {"type": "Feature", "geometry": {"type": "Point", "coordinates": [126.870618, 35.182356]}, "properties": {"addr": "북구 운암동 1038-13", "cnt": 2}}, {"type": "Feature", "geometry": {"type": "Point", "coordinates": [126.870618, 35.182356]}, "properties": {"addr": "북구 운암동 1038-13", "cnt": 2}}, {"type": "Feature", "geometry": {"type": "Point", "coordinates": [126.888452, 35.175224]}, "properties": {"addr": "북구 운용로 19-7", "cnt": 2}}, {"type": "Feature", "geometry": {"type": "Point", "coordinates": [126.877755, 35.172319]}, "properties": {"addr": "북구 하남대로775번길 16", "cnt": 1}}, {"type": "Feature", "geometry": {"type": "Point", "coordinates": [126.877755, 35.172319]}, "properties": {"addr": "북구 하남대로775번길 16", "cnt": 1}}, {"type": "Feature", "geometry": {"type": "Point", "coordinates": [126.877755, 35.172319]}, "properties": {"addr": "북구 하남대로775번길 16", "cnt": 1}}, {"type": "Feature", "geometry": {"type": "Point", "coordinates": [126.877755, 35.172319]}, "properties": {"addr": "북구 하남대로775번길 16", "cnt": 1}}, {"type": "Feature", "geometry": {"type": "Point", "coordinates": [126.879642, 35.17177]}, "properties": {"addr": "북구 하남대로793번길 14", "cnt": 1}}, {"type": "Feature", "geometry": {"type": "Point", "coordinates": [126.879642, 35.17177]}, "properties": {"addr": "북구 하남대로793번길 14", "cnt": 1}}, {"type": "Feature", "geometry": {"type": "Point", "coordinates": [126.879642, 35.17177]}, "properties": {"addr": "북구 하남대로793번길 14", "cnt": 1}}, {"type": "Feature", "geometry": {"type": "Point", "coordinates": [126.879642, 35.17177]}, "properties": {"addr": "북구 하남대로793번길 14", "cnt": 1}}, {"type": "Feature", "geometry": {"type": "Point", "coordinates": [126.879433, 35.180031]}, "properties": {"addr": "북구 하서로49번길 28", "cnt": 2}}, {"type": "Feature", "geometry": {"type": "Point", "coordinates": [126.875604, 35.177829]}, "properties": {"addr": "북구 황계로55번길 8", "cnt": 2}}, {"type": "Feature", "geometry": {"type": "Point", "coordinates": [126.875604, 35.177829]}, "properties": {"addr": "북구 황계로55번길 8", "cnt": 1}}, {"type": "Feature", "geometry": {"type": "Point", "coordinates": [126.886798, 35.171802]}, "properties": {"addr": "북구 운신북길 247", "cnt": 1}}, {"type": "Feature", "geometry": {"type": "Point", "coordinates": [126.886798, 35.171802]}, "properties": {"addr": "북구 운신북길 247", "cnt": 2}}, {"type": "Feature", "geometry": {"type": "Point", "coordinates": [126.886798, 35.171802]}, "properties": {"addr": "북구 운신북길 247", "cnt": 1}}, {"type": "Feature", "geometry": {"type": "Point", "coordinates": [126.88815, 35.172168]}, "properties": {"addr": "북구 서암대로30번길 9", "cnt": 1}}, {"type": "Feature", "geometry": {"type": "Point", "coordinates": [126.88815, 35.172168]}, "properties": {"addr": "북구 서암대로30번길 9", "cnt": 1}}, {"type": "Feature", "geometry": {"type": "Point", "coordinates": [126.88815, 35.172168]}, "properties": {"addr": "북구 서암대로30번길 9", "cnt": 1}}, {"type": "Feature", "geometry": {"type": "Point", "coordinates": [126.88815, 35.172168]}, "properties": {"addr": "북구 서암대로30번길 9", "cnt": 1}}, {"type": "Feature", "geometry": {"type": "Point", "coordinates": [126.891324, 35.170578]}, "properties": {"addr": "북구 운신남길 308-1", "cnt": 1}}, {"type": "Feature", "geometry": {"type": "Point", "coordinates": [126.891324, 35.170578]}, "properties": {"addr": "북구 운신남길 308-1", "cnt": 1}}, {"type": "Feature", "geometry": {"type": "Point", "coordinates": [126.891324, 35.170578]}, "properties": {"addr": "북구 운신남길 308-1", "cnt": 1}}, {"type": "Feature", "geometry": {"type": "Point", "coordinates": [126.883593, 35.172264]}, "properties": {"addr": "북구 대자로106번길 12", "cnt": 2}}, {"type": "Feature", "geometry": {"type": "Point", "coordinates": [126.883873, 35.17214]}, "properties": {"addr": "북구 죽봉대로 211", "cnt": 1}}, {"type": "Feature", "geometry": {"type": "Point", "coordinates": [126.883873, 35.17214]}, "properties": {"addr": "북구 죽봉대로 211", "cnt": 1}}, {"type": "Feature", "geometry": {"type": "Point", "coordinates": [126.883873, 35.17214]}, "properties": {"addr": "북구 죽봉대로 211", "cnt": 1}}, {"type": "Feature", "geometry": {"type": "Point", "coordinates": [126.884383, 35.175535]}, "properties": {"addr": "북구 북문대로20번길 35", "cnt": 2}}, {"type": "Feature", "geometry": {"type": "Point", "coordinates": [126.884383, 35.175535]}, "properties": {"addr": "북구 북문대로20번길 35", "cnt": 1}}, {"type": "Feature", "geometry": {"type": "Point", "coordinates": [126.884383, 35.175535]}, "properties": {"addr": "북구 북문대로20번길 35", "cnt": 1}}, {"type": "Feature", "geometry": {"type": "Point", "coordinates": [126.889279, 35.172852]}, "properties": {"addr": "북구 서암대로 39", "cnt": 1}}, {"type": "Feature", "geometry": {"type": "Point", "coordinates": [126.889279, 35.172852]}, "properties": {"addr": "북구 서암대로 39", "cnt": 1}}, {"type": "Feature", "geometry": {"type": "Point", "coordinates": [126.889279, 35.172852]}, "properties": {"addr": "북구 서암대로 39", "cnt": 1}}, {"type": "Feature", "geometry": {"type": "Point", "coordinates": [126.875943, 35.173587]}, "properties": {"addr": "북구 황계로 9", "cnt": 1}}, {"type": "Feature", "geometry": {"type": "Point", "coordinates": [126.875943, 35.173587]}, "properties": {"addr": "북구 황계로 9", "cnt": 1}}, {"type": "Feature", "geometry": {"type": "Point", "coordinates": [126.875943, 35.173587]}, "properties": {"addr": "북구 황계로 9", "cnt": 1}}, {"type": "Feature", "geometry": {"type": "Point", "coordinates": [126.875943, 35.173587]}, "properties": {"addr": "북구 황계로 9", "cnt": 1}}, {"type": "Feature", "geometry": {"type": "Point", "coordinates": [126.870498, 35.173455]}, "properties": {"addr": "북구 동운로 182", "cnt": 2}}, {"type": "Feature", "geometry": {"type": "Point", "coordinates": [126.870498, 35.173455]}, "properties": {"addr": "북구 동운로 182", "cnt": 2}}, {"type": "Feature", "geometry": {"type": "Point", "coordinates": [126.881027, 35.173282]}, "properties": {"addr": "북구 대자로 77-1", "cnt": 2}}, {"type": "Feature", "geometry": {"type": "Point", "coordinates": [126.881027, 35.173282]}, "properties": {"addr": "북구 대자로 77-1", "cnt": 2}}, {"type": "Feature", "geometry": {"type": "Point", "coordinates": [126.872583, 35.177737]}, "properties": {"addr": "북구 서강로66번길 25", "cnt": 1}}, {"type": "Feature", "geometry": {"type": "Point", "coordinates": [126.872583, 35.177737]}, "properties": {"addr": "북구 서강로66번길 25", "cnt": 1}}, {"type": "Feature", "geometry": {"type": "Point", "coordinates": [126.872583, 35.177737]}, "properties": {"addr": "북구 서강로66번길 25", "cnt": 1}}, {"type": "Feature", "geometry": {"type": "Point", "coordinates": [126.872583, 35.177737]}, "properties": {"addr": "북구 서강로66번길 25", "cnt": 1}}, {"type": "Feature", "geometry": {"type": "Point", "coordinates": [126.873694, 35.178754]}, "properties": {"addr": "북구 대자실로 14", "cnt": 1}}, {"type": "Feature", "geometry": {"type": "Point", "coordinates": [126.873694, 35.178754]}, "properties": {"addr": "북구 대자실로 14", "cnt": 2}}, {"type": "Feature", "geometry": {"type": "Point", "coordinates": [126.873694, 35.178754]}, "properties": {"addr": "북구 대자실로 14", "cnt": 1}}, {"type": "Feature", "geometry": {"type": "Point", "coordinates": [126.945141, 35.226731]}, "properties": {"addr": "북구 운정동 236-1", "cnt": 1}}, {"type": "Feature", "geometry": {"type": "Point", "coordinates": [126.945141, 35.226731]}, "properties": {"addr": "북구 운정동 236-1", "cnt": 1}}, {"type": "Feature", "geometry": {"type": "Point", "coordinates": [126.945141, 35.226731]}, "properties": {"addr": "북구 운정동 236-1", "cnt": 1}}, {"type": "Feature", "geometry": {"type": "Point", "coordinates": [126.94638, 35.22326]}, "properties": {"addr": "북구 운정동 418-1", "cnt": 2}}, {"type": "Feature", "geometry": {"type": "Point", "coordinates": [126.905372, 35.160056]}, "properties": {"addr": "북구 중가로 43", "cnt": 1}}, {"type": "Feature", "geometry": {"type": "Point", "coordinates": [126.905372, 35.160056]}, "properties": {"addr": "북구 중가로 43", "cnt": 1}}, {"type": "Feature", "geometry": {"type": "Point", "coordinates": [126.905372, 35.160056]}, "properties": {"addr": "북구 중가로 43", "cnt": 1}}, {"type": "Feature", "geometry": {"type": "Point", "coordinates": [126.903839, 35.158186]}, "properties": {"addr": "북구 금재로1번길 3", "cnt": 1}}, {"type": "Feature", "geometry": {"type": "Point", "coordinates": [126.903839, 35.158186]}, "properties": {"addr": "북구 금재로1번길 3", "cnt": 1}}, {"type": "Feature", "geometry": {"type": "Point", "coordinates": [126.903839, 35.158186]}, "properties": {"addr": "북구 금재로1번길 3", "cnt": 1}}, {"type": "Feature", "geometry": {"type": "Point", "coordinates": [126.90311, 35.158523]}, "properties": {"addr": "북구 금남로 61", "cnt": 2}}, {"type": "Feature", "geometry": {"type": "Point", "coordinates": [126.881901, 35.204791]}, "properties": {"addr": "북구 일곡동 753-1", "cnt": 1}}, {"type": "Feature", "geometry": {"type": "Point", "coordinates": [126.881901, 35.204791]}, "properties": {"addr": "북구 일곡동 753-1", "cnt": 1}}, {"type": "Feature", "geometry": {"type": "Point", "coordinates": [126.881901, 35.204791]}, "properties": {"addr": "북구 일곡동 753-1", "cnt": 1}}, {"type": "Feature", "geometry": {"type": "Point", "coordinates": [126.899534, 35.205097]}, "properties": {"addr": "북구 송해로 74", "cnt": 1}}, {"type": "Feature", "geometry": {"type": "Point", "coordinates": [126.899534, 35.205097]}, "properties": {"addr": "북구 송해로 74", "cnt": 1}}, {"type": "Feature", "geometry": {"type": "Point", "coordinates": [126.899534, 35.205097]}, "properties": {"addr": "북구 송해로 74", "cnt": 1}}, {"type": "Feature", "geometry": {"type": "Point", "coordinates": [126.894865, 35.207848]}, "properties": {"addr": "북구 일곡택지로 88", "cnt": 1}}, {"type": "Feature", "geometry": {"type": "Point", "coordinates": [126.894865, 35.207848]}, "properties": {"addr": "북구 일곡택지로 88", "cnt": 2}}, {"type": "Feature", "geometry": {"type": "Point", "coordinates": [126.901006, 35.160731]}, "properties": {"addr": "북구 중가로 5", "cnt": 1}}, {"type": "Feature", "geometry": {"type": "Point", "coordinates": [126.901006, 35.160731]}, "properties": {"addr": "북구 중가로 5", "cnt": 1}}, {"type": "Feature", "geometry": {"type": "Point", "coordinates": [126.901006, 35.160731]}, "properties": {"addr": "북구 중가로 5", "cnt": 1}}, {"type": "Feature", "geometry": {"type": "Point", "coordinates": [126.896639, 35.164939]}, "properties": {"addr": "북구 서림로81번길 14", "cnt": 1}}, {"type": "Feature", "geometry": {"type": "Point", "coordinates": [126.896639, 35.164939]}, "properties": {"addr": "북구 서림로81번길 14", "cnt": 1}}, {"type": "Feature", "geometry": {"type": "Point", "coordinates": [126.896639, 35.164939]}, "properties": {"addr": "북구 서림로81번길 14", "cnt": 1}}, {"type": "Feature", "geometry": {"type": "Point", "coordinates": [126.899565, 35.163751]}, "properties": {"addr": "북구 경양로63번길 7", "cnt": 1}}, {"type": "Feature", "geometry": {"type": "Point", "coordinates": [126.899565, 35.163751]}, "properties": {"addr": "북구 경양로63번길 7", "cnt": 1}}, {"type": "Feature", "geometry": {"type": "Point", "coordinates": [126.899565, 35.163751]}, "properties": {"addr": "북구 경양로63번길 7", "cnt": 1}}, {"type": "Feature", "geometry": {"type": "Point", "coordinates": [126.901828, 35.16193]}, "properties": {"addr": "북구 임동 3-12", "cnt": 1}}, {"type": "Feature", "geometry": {"type": "Point", "coordinates": [126.901828, 35.16193]}, "properties": {"addr": "북구 임동 3-12", "cnt": 1}}, {"type": "Feature", "geometry": {"type": "Point", "coordinates": [126.886987, 35.169727]}, "properties": {"addr": "북구 임동 345", "cnt": 1}}, {"type": "Feature", "geometry": {"type": "Point", "coordinates": [126.886987, 35.169727]}, "properties": {"addr": "북구 임동 345", "cnt": 1}}, {"type": "Feature", "geometry": {"type": "Point", "coordinates": [126.863542, 35.155312]}, "properties": {"addr": "서구 상무오월로 40", "cnt": 1}}, {"type": "Feature", "geometry": {"type": "Point", "coordinates": [126.863542, 35.155312]}, "properties": {"addr": "서구 상무오월로 40", "cnt": 1}}, {"type": "Feature", "geometry": {"type": "Point", "coordinates": [126.863542, 35.155312]}, "properties": {"addr": "서구 상무오월로 40", "cnt": 1}}, {"type": "Feature", "geometry": {"type": "Point", "coordinates": [126.894089, 35.16165]}, "properties": {"addr": "북구 임동로 5-1", "cnt": 2}}, {"type": "Feature", "geometry": {"type": "Point", "coordinates": [126.943615, 35.211688]}, "properties": {"addr": "북구 장운길 278", "cnt": 1}}, {"type": "Feature", "geometry": {"type": "Point", "coordinates": [126.943615, 35.211688]}, "properties": {"addr": "북구 장운길 278", "cnt": 1}}, {"type": "Feature", "geometry": {"type": "Point", "coordinates": [126.943615, 35.211688]}, "properties": {"addr": "북구 장운길 278", "cnt": 1}}, {"type": "Feature", "geometry": {"type": "Point", "coordinates": [126.91562, 35.170422]}, "properties": {"addr": "북구 당뫼로50번길 13-3", "cnt": 1}}, {"type": "Feature", "geometry": {"type": "Point", "coordinates": [126.91562, 35.170422]}, "properties": {"addr": "북구 당뫼로50번길 13-3", "cnt": 2}}, {"type": "Feature", "geometry": {"type": "Point", "coordinates": [126.82632, 35.177671]}, "properties": {"addr": "광산구 목련로273번길 76", "cnt": 1}}, {"type": "Feature", "geometry": {"type": "Point", "coordinates": [126.82632, 35.177671]}, "properties": {"addr": "광산구 목련로273번길 76", "cnt": 1}}, {"type": "Feature", "geometry": {"type": "Point", "coordinates": [126.914256, 35.1477]}, "properties": {"addr": "동구 선교동 7-2", "cnt": 1}}, {"type": "Feature", "geometry": {"type": "Point", "coordinates": [126.914256, 35.1477]}, "properties": {"addr": "동구 선교동 7-2", "cnt": 1}}, {"type": "Feature", "geometry": {"type": "Point", "coordinates": [126.914256, 35.1477]}, "properties": {"addr": "동구 선교동 7-2", "cnt": 1}}, {"type": "Feature", "geometry": {"type": "Point", "coordinates": [126.918191, 35.175502]}, "properties": {"addr": "북구 서방로39번길 60", "cnt": 2}}, {"type": "Feature", "geometry": {"type": "Point", "coordinates": [126.918191, 35.175502]}, "properties": {"addr": "북구 서방로39번길 60", "cnt": 1}}, {"type": "Feature", "geometry": {"type": "Point", "coordinates": [126.918191, 35.175502]}, "properties": {"addr": "북구 서방로39번길 60", "cnt": 1}}, {"type": "Feature", "geometry": {"type": "Point", "coordinates": [126.915618, 35.173692]}, "properties": {"addr": "북구 서방로19번길 10-3", "cnt": 2}}, {"type": "Feature", "geometry": {"type": "Point", "coordinates": [126.86941, 35.188384]}, "properties": {"addr": "북구 동림용산로 12", "cnt": 1}}, {"type": "Feature", "geometry": {"type": "Point", "coordinates": [126.86941, 35.188384]}, "properties": {"addr": "북구 동림용산로 12", "cnt": 1}}, {"type": "Feature", "geometry": {"type": "Point", "coordinates": [126.90742, 35.172104]}, "properties": {"addr": "북구 용봉로90번길 16", "cnt": 2}}, {"type": "Feature", "geometry": {"type": "Point", "coordinates": [126.90742, 35.172104]}, "properties": {"addr": "북구 용봉로90번길 16", "cnt": 1}}, {"type": "Feature", "geometry": {"type": "Point", "coordinates": [126.908079, 35.170827]}, "properties": {"addr": "북구 신흥로 32", "cnt": 1}}, {"type": "Feature", "geometry": {"type": "Point", "coordinates": [126.908079, 35.170827]}, "properties": {"addr": "북구 신흥로 32", "cnt": 1}}, {"type": "Feature", "geometry": {"type": "Point", "coordinates": [126.908079, 35.170827]}, "properties": {"addr": "북구 신흥로 32", "cnt": 1}}, {"type": "Feature", "geometry": {"type": "Point", "coordinates": [126.908079, 35.170827]}, "properties": {"addr": "북구 신흥로 32", "cnt": 1}}, {"type": "Feature", "geometry": {"type": "Point", "coordinates": [126.9094, 35.170462]}, "properties": {"addr": "북구 우치로27번길 25", "cnt": 1}}, {"type": "Feature", "geometry": {"type": "Point", "coordinates": [126.9094, 35.170462]}, "properties": {"addr": "북구 우치로27번길 25", "cnt": 1}}, {"type": "Feature", "geometry": {"type": "Point", "coordinates": [126.9094, 35.170462]}, "properties": {"addr": "북구 우치로27번길 25", "cnt": 1}}, {"type": "Feature", "geometry": {"type": "Point", "coordinates": [126.9094, 35.170462]}, "properties": {"addr": "북구 우치로27번길 25", "cnt": 1}}, {"type": "Feature", "geometry": {"type": "Point", "coordinates": [126.912693, 35.172382]}, "properties": {"addr": "북구 우치로 60", "cnt": 2}}, {"type": "Feature", "geometry": {"type": "Point", "coordinates": [126.912693, 35.172382]}, "properties": {"addr": "북구 우치로 60", "cnt": 1}}, {"type": "Feature", "geometry": {"type": "Point", "coordinates": [126.911672, 35.167474]}, "properties": {"addr": "북구 서암대로 253-14", "cnt": 1}}, {"type": "Feature", "geometry": {"type": "Point", "coordinates": [126.911672, 35.167474]}, "properties": {"addr": "북구 서암대로 253-14", "cnt": 1}}, {"type": "Feature", "geometry": {"type": "Point", "coordinates": [126.911672, 35.167474]}, "properties": {"addr": "북구 서암대로 253-14", "cnt": 1}}, {"type": "Feature", "geometry": {"type": "Point", "coordinates": [126.913568, 35.167127]}, "properties": {"addr": "북구 당뫼로 8", "cnt": 1}}, {"type": "Feature", "geometry": {"type": "Point", "coordinates": [126.913568, 35.167127]}, "properties": {"addr": "북구 당뫼로 8", "cnt": 1}}, {"type": "Feature", "geometry": {"type": "Point", "coordinates": [126.913568, 35.167127]}, "properties": {"addr": "북구 당뫼로 8", "cnt": 1}}, {"type": "Feature", "geometry": {"type": "Point", "coordinates": [126.913568, 35.167127]}, "properties": {"addr": "북구 당뫼로 8", "cnt": 1}}, {"type": "Feature", "geometry": {"type": "Point", "coordinates": [126.912169, 35.159253]}, "properties": {"addr": "북구 중가로113번길 36-10", "cnt": 1}}, {"type": "Feature", "geometry": {"type": "Point", "coordinates": [126.912169, 35.159253]}, "properties": {"addr": "북구 중가로113번길 36-10", "cnt": 1}}, {"type": "Feature", "geometry": {"type": "Point", "coordinates": [126.910582, 35.161908]}, "properties": {"addr": "북구 중흥로 152", "cnt": 1}}, {"type": "Feature", "geometry": {"type": "Point", "coordinates": [126.910582, 35.161908]}, "properties": {"addr": "북구 중흥로 152", "cnt": 2}}, {"type": "Feature", "geometry": {"type": "Point", "coordinates": [126.913049, 35.162132]}, "properties": {"addr": "북구 중흥로173번길 15", "cnt": 1}}, {"type": "Feature", "geometry": {"type": "Point", "coordinates": [126.913049, 35.162132]}, "properties": {"addr": "북구 중흥로173번길 15", "cnt": 2}}, {"type": "Feature", "geometry": {"type": "Point", "coordinates": [126.913049, 35.162132]}, "properties": {"addr": "북구 중흥로173번길 15", "cnt": 1}}, {"type": "Feature", "geometry": {"type": "Point", "coordinates": [126.911659, 35.163049]}, "properties": {"addr": "북구 무등로262번길 8", "cnt": 1}}, {"type": "Feature", "geometry": {"type": "Point", "coordinates": [126.911659, 35.163049]}, "properties": {"addr": "북구 무등로262번길 8", "cnt": 3}}, {"type": "Feature", "geometry": {"type": "Point", "coordinates": [126.909836, 35.160295]}, "properties": {"addr": "북구 경양로 166", "cnt": 1}}, {"type": "Feature", "geometry": {"type": "Point", "coordinates": [126.909836, 35.160295]}, "properties": {"addr": "북구 경양로 166", "cnt": 1}}, {"type": "Feature", "geometry": {"type": "Point", "coordinates": [126.90841, 35.159221]}, "properties": {"addr": "북구 중가로75번길 9", "cnt": 1}}, {"type": "Feature", "geometry": {"type": "Point", "coordinates": [126.90841, 35.159221]}, "properties": {"addr": "북구 중가로75번길 9", "cnt": 3}}, {"type": "Feature", "geometry": {"type": "Point", "coordinates": [126.914818, 35.164905]}, "properties": {"addr": "북구 서암대로288번길 18-1", "cnt": 2}}, {"type": "Feature", "geometry": {"type": "Point", "coordinates": [126.914818, 35.164905]}, "properties": {"addr": "북구 서암대로288번길 18-1", "cnt": 1}}, {"type": "Feature", "geometry": {"type": "Point", "coordinates": [126.964829, 35.173105]}, "properties": {"addr": "북구 청풍동 800", "cnt": 1}}, {"type": "Feature", "geometry": {"type": "Point", "coordinates": [126.964829, 35.173105]}, "properties": {"addr": "북구 청풍동 800", "cnt": 1}}, {"type": "Feature", "geometry": {"type": "Point", "coordinates": [126.961961, 35.162008]}, "properties": {"addr": "북구 청풍동 255-4", "cnt": 1}}, {"type": "Feature", "geometry": {"type": "Point", "coordinates": [126.961961, 35.162008]}, "properties": {"addr": "북구 청풍동 255-4", "cnt": 1}}, {"type": "Feature", "geometry": {"type": "Point", "coordinates": [126.961961, 35.162008]}, "properties": {"addr": "북구 청풍동 255-4", "cnt": 1}}, {"type": "Feature", "geometry": {"type": "Point", "coordinates": [127.009408, 35.17476]}, "properties": {"addr": "북구 매봉로 118", "cnt": 1}}, {"type": "Feature", "geometry": {"type": "Point", "coordinates": [127.009408, 35.17476]}, "properties": {"addr": "북구 매봉로 118", "cnt": 1}}, {"type": "Feature", "geometry": {"type": "Point", "coordinates": [126.928433, 35.170152]}, "properties": {"addr": "북구 동문대로86번길 94", "cnt": 1}}, {"type": "Feature", "geometry": {"type": "Point", "coordinates": [126.928433, 35.170152]}, "properties": {"addr": "북구 동문대로86번길 94", "cnt": 1}}, {"type": "Feature", "geometry": {"type": "Point", "coordinates": [126.928433, 35.170152]}, "properties": {"addr": "북구 동문대로86번길 94", "cnt": 1}}, {"type": "Feature", "geometry": {"type": "Point", "coordinates": [126.928433, 35.170152]}, "properties": {"addr": "북구 동문대로86번길 94", "cnt": 1}}, {"type": "Feature", "geometry": {"type": "Point", "coordinates": [126.931652, 35.164161]}, "properties": {"addr": "북구 풍향동 20-16", "cnt": 1}}, {"type": "Feature", "geometry": {"type": "Point", "coordinates": [126.931652, 35.164161]}, "properties": {"addr": "북구 풍향동 20-16", "cnt": 2}}, {"type": "Feature", "geometry": {"type": "Point", "coordinates": [126.931652, 35.164161]}, "properties": {"addr": "북구 풍향동 20-16", "cnt": 1}}, {"type": "Feature", "geometry": {"type": "Point", "coordinates": [126.931579, 35.161834]}, "properties": {"addr": "북구 군왕로18번길 24", "cnt": 1}}, {"type": "Feature", "geometry": {"type": "Point", "coordinates": [126.931579, 35.161834]}, "properties": {"addr": "북구 군왕로18번길 24", "cnt": 1}}, {"type": "Feature", "geometry": {"type": "Point", "coordinates": [126.931579, 35.161834]}, "properties": {"addr": "북구 군왕로18번길 24", "cnt": 1}}, {"type": "Feature", "geometry": {"type": "Point", "coordinates": [126.922556, 35.166754]}, "properties": {"addr": "북구 두방길 14", "cnt": 3}}, {"type": "Feature", "geometry": {"type": "Point", "coordinates": [126.922556, 35.166754]}, "properties": {"addr": "북구 두방길 14", "cnt": 1}}, {"type": "Feature", "geometry": {"type": "Point", "coordinates": [126.922556, 35.166754]}, "properties": {"addr": "북구 두방길 14", "cnt": 1}}, {"type": "Feature", "geometry": {"type": "Point", "coordinates": [126.929794, 35.162382]}, "properties": {"addr": "북구 군왕로8번길 10", "cnt": 3}}, {"type": "Feature", "geometry": {"type": "Point", "coordinates": [126.929794, 35.162382]}, "properties": {"addr": "북구 군왕로8번길 10", "cnt": 1}}, {"type": "Feature", "geometry": {"type": "Point", "coordinates": [126.922979, 35.16493]}, "properties": {"addr": "북구 동문대로10번길 67", "cnt": 2}}, {"type": "Feature", "geometry": {"type": "Point", "coordinates": [126.920991, 35.164612]}, "properties": {"addr": "북구 필문대로 23", "cnt": 2}}, {"type": "Feature", "geometry": {"type": "Point", "coordinates": [126.920991, 35.164612]}, "properties": {"addr": "북구 필문대로 23", "cnt": 1}}, {"type": "Feature", "geometry": {"type": "Point", "coordinates": [126.920832, 35.230282]}, "properties": {"addr": "북구 효령동 산60-6", "cnt": 1}}, {"type": "Feature", "geometry": {"type": "Point", "coordinates": [126.920832, 35.230282]}, "properties": {"addr": "북구 효령동 산60-6", "cnt": 1}}, {"type": "Feature", "geometry": {"type": "Point", "coordinates": [126.920832, 35.230282]}, "properties": {"addr": "북구 효령동 산60-6", "cnt": 1}}, {"type": "Feature", "geometry": {"type": "Point", "coordinates": [126.882263, 35.163411]}, "properties": {"addr": "서구 죽봉대로111번길 11", "cnt": 1}}, {"type": "Feature", "geometry": {"type": "Point", "coordinates": [126.882263, 35.163411]}, "properties": {"addr": "서구 죽봉대로111번길 11", "cnt": 1}}, {"type": "Feature", "geometry": {"type": "Point", "coordinates": [126.881354, 35.1641]}, "properties": {"addr": "서구 광천시장길 10", "cnt": 1}}, {"type": "Feature", "geometry": {"type": "Point", "coordinates": [126.881354, 35.1641]}, "properties": {"addr": "서구 광천시장길 10", "cnt": 1}}, {"type": "Feature", "geometry": {"type": "Point", "coordinates": [126.886006, 35.162211]}, "properties": {"addr": "서구 무진대로963번길 8-1", "cnt": 2}}, {"type": "Feature", "geometry": {"type": "Point", "coordinates": [126.886006, 35.162211]}, "properties": {"addr": "서구 무진대로963번길 8-1", "cnt": 1}}, {"type": "Feature", "geometry": {"type": "Point", "coordinates": [126.886006, 35.162211]}, "properties": {"addr": "서구 무진대로963번길 8-1", "cnt": 1}}, {"type": "Feature", "geometry": {"type": "Point", "coordinates": [126.87941, 35.163336]}, "properties": {"addr": "서구 광천동 223-5", "cnt": 1}}, {"type": "Feature", "geometry": {"type": "Point", "coordinates": [126.87941, 35.163336]}, "properties": {"addr": "서구 광천동 223-5", "cnt": 1}}, {"type": "Feature", "geometry": {"type": "Point", "coordinates": [126.87941, 35.163336]}, "properties": {"addr": "서구 광천동 223-5", "cnt": 1}}, {"type": "Feature", "geometry": {"type": "Point", "coordinates": [126.882388, 35.167776]}, "properties": {"addr": "서구 광천동 571-4", "cnt": 1}}, {"type": "Feature", "geometry": {"type": "Point", "coordinates": [126.882388, 35.167776]}, "properties": {"addr": "서구 광천동 571-4", "cnt": 1}}, {"type": "Feature", "geometry": {"type": "Point", "coordinates": [126.882388, 35.167776]}, "properties": {"addr": "서구 광천동 571-4", "cnt": 1}}, {"type": "Feature", "geometry": {"type": "Point", "coordinates": [126.882447, 35.16568]}, "properties": {"addr": "서구 광천동 634-9", "cnt": 2}}, {"type": "Feature", "geometry": {"type": "Point", "coordinates": [126.880479, 35.165219]}, "properties": {"addr": "서구 화운로304번길 29", "cnt": 1}}, {"type": "Feature", "geometry": {"type": "Point", "coordinates": [126.880479, 35.165219]}, "properties": {"addr": "서구 화운로304번길 29", "cnt": 1}}, {"type": "Feature", "geometry": {"type": "Point", "coordinates": [126.880479, 35.165219]}, "properties": {"addr": "서구 화운로304번길 29", "cnt": 1}}, {"type": "Feature", "geometry": {"type": "Point", "coordinates": [126.880479, 35.165219]}, "properties": {"addr": "서구 화운로304번길 29", "cnt": 1}}, {"type": "Feature", "geometry": {"type": "Point", "coordinates": [126.878825, 35.167053]}, "properties": {"addr": "서구 천변좌하로626번길 26", "cnt": 2}}, {"type": "Feature", "geometry": {"type": "Point", "coordinates": [126.878825, 35.167053]}, "properties": {"addr": "서구 천변좌하로626번길 26", "cnt": 1}}, {"type": "Feature", "geometry": {"type": "Point", "coordinates": [126.876213, 35.168539]}, "properties": {"addr": "서구 화운로333번길 10", "cnt": 3}}, {"type": "Feature", "geometry": {"type": "Point", "coordinates": [126.876213, 35.168539]}, "properties": {"addr": "서구 화운로333번길 10", "cnt": 1}}, {"type": "Feature", "geometry": {"type": "Point", "coordinates": [126.876117, 35.16769]}, "properties": {"addr": "서구 화운로323번길 12", "cnt": 1}}, {"type": "Feature", "geometry": {"type": "Point", "coordinates": [126.876117, 35.16769]}, "properties": {"addr": "서구 화운로323번길 12", "cnt": 1}}, {"type": "Feature", "geometry": {"type": "Point", "coordinates": [126.874547, 35.167219]}, "properties": {"addr": "서구 칠성로153번길 11", "cnt": 1}}, {"type": "Feature", "geometry": {"type": "Point", "coordinates": [126.874547, 35.167219]}, "properties": {"addr": "서구 칠성로153번길 11", "cnt": 2}}, {"type": "Feature", "geometry": {"type": "Point", "coordinates": [126.874547, 35.167219]}, "properties": {"addr": "서구 칠성로153번길 11", "cnt": 1}}, {"type": "Feature", "geometry": {"type": "Point", "coordinates": [126.872821, 35.166603]}, "properties": {"addr": "서구 광천동 714-45", "cnt": 1}}, {"type": "Feature", "geometry": {"type": "Point", "coordinates": [126.872821, 35.166603]}, "properties": {"addr": "서구 광천동 714-45", "cnt": 1}}, {"type": "Feature", "geometry": {"type": "Point", "coordinates": [126.885201, 35.163875]}, "properties": {"addr": "서구 죽봉대로120번길 11", "cnt": 1}}, {"type": "Feature", "geometry": {"type": "Point", "coordinates": [126.885201, 35.163875]}, "properties": {"addr": "서구 죽봉대로120번길 11", "cnt": 2}}, {"type": "Feature", "geometry": {"type": "Point", "coordinates": [126.882412, 35.16458]}, "properties": {"addr": "서구 광천1길 14", "cnt": 1}}, {"type": "Feature", "geometry": {"type": "Point", "coordinates": [126.882412, 35.16458]}, "properties": {"addr": "서구 광천1길 14", "cnt": 1}}, {"type": "Feature", "geometry": {"type": "Point", "coordinates": [126.863405, 35.135574]}, "properties": {"addr": "서구 금호동 산29-1", "cnt": 2}}, {"type": "Feature", "geometry": {"type": "Point", "coordinates": [126.863405, 35.135574]}, "properties": {"addr": "서구 금호동 산29-1", "cnt": 1}}, {"type": "Feature", "geometry": {"type": "Point", "coordinates": [126.856588, 35.135314]}, "properties": {"addr": "서구 금호동 333-2", "cnt": 1}}, {"type": "Feature", "geometry": {"type": "Point", "coordinates": [126.856588, 35.135314]}, "properties": {"addr": "서구 금호동 333-2", "cnt": 2}}, {"type": "Feature", "geometry": {"type": "Point", "coordinates": [126.856588, 35.135314]}, "properties": {"addr": "서구 금호동 333-2", "cnt": 1}}, {"type": "Feature", "geometry": {"type": "Point", "coordinates": [126.905993, 35.207046]}, "properties": {"addr": "북구 삼각동 394-3", "cnt": 1}}, {"type": "Feature", "geometry": {"type": "Point", "coordinates": [126.905993, 35.207046]}, "properties": {"addr": "북구 삼각동 394-3", "cnt": 1}}, {"type": "Feature", "geometry": {"type": "Point", "coordinates": [126.857134, 35.137132]}, "properties": {"addr": "서구 금호동 461-2", "cnt": 1}}, {"type": "Feature", "geometry": {"type": "Point", "coordinates": [126.857134, 35.137132]}, "properties": {"addr": "서구 금호동 461-2", "cnt": 1}}, {"type": "Feature", "geometry": {"type": "Point", "coordinates": [126.857134, 35.137132]}, "properties": {"addr": "서구 금호동 461-2", "cnt": 1}}, {"type": "Feature", "geometry": {"type": "Point", "coordinates": [126.859345, 35.139622]}, "properties": {"addr": "서구 금부로 95", "cnt": 1}}, {"type": "Feature", "geometry": {"type": "Point", "coordinates": [126.859345, 35.139622]}, "properties": {"addr": "서구 금부로 95", "cnt": 2}}, {"type": "Feature", "geometry": {"type": "Point", "coordinates": [126.860696, 35.13789]}, "properties": {"addr": "서구 운천로 54", "cnt": 1}}, {"type": "Feature", "geometry": {"type": "Point", "coordinates": [126.860696, 35.13789]}, "properties": {"addr": "서구 운천로 54", "cnt": 2}}, {"type": "Feature", "geometry": {"type": "Point", "coordinates": [126.860696, 35.13789]}, "properties": {"addr": "서구 운천로 54", "cnt": 1}}, {"type": "Feature", "geometry": {"type": "Point", "coordinates": [126.859887, 35.134265]}, "properties": {"addr": "서구 운천로16번길 3", "cnt": 1}}, {"type": "Feature", "geometry": {"type": "Point", "coordinates": [126.859887, 35.134265]}, "properties": {"addr": "서구 운천로16번길 3", "cnt": 1}}, {"type": "Feature", "geometry": {"type": "Point", "coordinates": [126.859887, 35.134265]}, "properties": {"addr": "서구 운천로16번길 3", "cnt": 2}}, {"type": "Feature", "geometry": {"type": "Point", "coordinates": [126.859241, 35.124083]}, "properties": {"addr": "서구 화개2로20번길 10-4", "cnt": 3}}, {"type": "Feature", "geometry": {"type": "Point", "coordinates": [126.860676, 35.122589]}, "properties": {"addr": "서구 화개2로20번길 32-22", "cnt": 1}}, {"type": "Feature", "geometry": {"type": "Point", "coordinates": [126.860676, 35.122589]}, "properties": {"addr": "서구 화개2로20번길 32-22", "cnt": 1}}, {"type": "Feature", "geometry": {"type": "Point", "coordinates": [126.860676, 35.122589]}, "properties": {"addr": "서구 화개2로20번길 32-22", "cnt": 1}}, {"type": "Feature", "geometry": {"type": "Point", "coordinates": [126.857891, 35.123386]}, "properties": {"addr": "서구 화개2로10번길 2", "cnt": 1}}, {"type": "Feature", "geometry": {"type": "Point", "coordinates": [126.857891, 35.123386]}, "properties": {"addr": "서구 화개2로10번길 2", "cnt": 3}}, {"type": "Feature", "geometry": {"type": "Point", "coordinates": [126.855014, 35.12504]}, "properties": {"addr": "서구 금호운천길 67", "cnt": 1}}, {"type": "Feature", "geometry": {"type": "Point", "coordinates": [126.855014, 35.12504]}, "properties": {"addr": "서구 금호운천길 67", "cnt": 2}}, {"type": "Feature", "geometry": {"type": "Point", "coordinates": [126.854358, 35.124817]}, "properties": {"addr": "서구 화개1로5번길 6", "cnt": 2}}, {"type": "Feature", "geometry": {"type": "Point", "coordinates": [126.854358, 35.124817]}, "properties": {"addr": "서구 화개1로5번길 6", "cnt": 2}}, {"type": "Feature", "geometry": {"type": "Point", "coordinates": [126.87087, 35.154818]}, "properties": {"addr": "서구 월드컵4강로210번길 11", "cnt": 1}}, {"type": "Feature", "geometry": {"type": "Point", "coordinates": [126.87087, 35.154818]}, "properties": {"addr": "서구 월드컵4강로210번길 11", "cnt": 1}}, {"type": "Feature", "geometry": {"type": "Point", "coordinates": [126.87087, 35.154818]}, "properties": {"addr": "서구 월드컵4강로210번길 11", "cnt": 2}}, {"type": "Feature", "geometry": {"type": "Point", "coordinates": [126.871612, 35.156245]}, "properties": {"addr": "서구 월드컵4강로226번길 20-1", "cnt": 1}}, {"type": "Feature", "geometry": {"type": "Point", "coordinates": [126.871612, 35.156245]}, "properties": {"addr": "서구 월드컵4강로226번길 20-1", "cnt": 1}}, {"type": "Feature", "geometry": {"type": "Point", "coordinates": [126.872262, 35.153133]}, "properties": {"addr": "서구 상무대로1005번길 12-5", "cnt": 1}}, {"type": "Feature", "geometry": {"type": "Point", "coordinates": [126.872262, 35.153133]}, "properties": {"addr": "서구 상무대로1005번길 12-5", "cnt": 1}}, {"type": "Feature", "geometry": {"type": "Point", "coordinates": [126.873375, 35.153341]}, "properties": {"addr": "서구 상무대로1019번길 15-1", "cnt": 1}}, {"type": "Feature", "geometry": {"type": "Point", "coordinates": [126.873375, 35.153341]}, "properties": {"addr": "서구 상무대로1019번길 15-1", "cnt": 1}}, {"type": "Feature", "geometry": {"type": "Point", "coordinates": [126.873375, 35.153341]}, "properties": {"addr": "서구 상무대로1019번길 15-1", "cnt": 1}}, {"type": "Feature", "geometry": {"type": "Point", "coordinates": [126.87276, 35.152882]}, "properties": {"addr": "서구 상무대로1005번길 12-26", "cnt": 1}}, {"type": "Feature", "geometry": {"type": "Point", "coordinates": [126.87276, 35.152882]}, "properties": {"addr": "서구 상무대로1005번길 12-26", "cnt": 2}}, {"type": "Feature", "geometry": {"type": "Point", "coordinates": [126.888713, 35.156525]}, "properties": {"addr": "서구 월산로235번길 14", "cnt": 1}}, {"type": "Feature", "geometry": {"type": "Point", "coordinates": [126.888713, 35.156525]}, "properties": {"addr": "서구 월산로235번길 14", "cnt": 1}}, {"type": "Feature", "geometry": {"type": "Point", "coordinates": [126.899615, 35.15426]}, "properties": {"addr": "서구 경열로 129-22", "cnt": 1}}, {"type": "Feature", "geometry": {"type": "Point", "coordinates": [126.899615, 35.15426]}, "properties": {"addr": "서구 경열로 129-22", "cnt": 1}}, {"type": "Feature", "geometry": {"type": "Point", "coordinates": [126.885227, 35.15706]}, "properties": {"addr": "서구 죽봉대로38번길 21", "cnt": 1}}, {"type": "Feature", "geometry": {"type": "Point", "coordinates": [126.885227, 35.15706]}, "properties": {"addr": "서구 죽봉대로38번길 21", "cnt": 1}}, {"type": "Feature", "geometry": {"type": "Point", "coordinates": [126.884333, 35.155472]}, "properties": {"addr": "서구 죽봉대로22번길 7", "cnt": 3}}, {"type": "Feature", "geometry": {"type": "Point", "coordinates": [126.886723, 35.156935]}, "properties": {"addr": "서구 월산로255번길 24", "cnt": 1}}, {"type": "Feature", "geometry": {"type": "Point", "coordinates": [126.886723, 35.156935]}, "properties": {"addr": "서구 월산로255번길 24", "cnt": 1}}, {"type": "Feature", "geometry": {"type": "Point", "coordinates": [126.888061, 35.15943]}, "properties": {"addr": "서구 내방로440번길 16", "cnt": 3}}, {"type": "Feature", "geometry": {"type": "Point", "coordinates": [126.888061, 35.15943]}, "properties": {"addr": "서구 내방로440번길 16", "cnt": 1}}, {"type": "Feature", "geometry": {"type": "Point", "coordinates": [126.893966, 35.154809]}, "properties": {"addr": "서구 월산로194번길 5", "cnt": 1}}, {"type": "Feature", "geometry": {"type": "Point", "coordinates": [126.893966, 35.154809]}, "properties": {"addr": "서구 월산로194번길 5", "cnt": 2}}, {"type": "Feature", "geometry": {"type": "Point", "coordinates": [126.893966, 35.154809]}, "properties": {"addr": "서구 월산로194번길 5", "cnt": 1}}, {"type": "Feature", "geometry": {"type": "Point", "coordinates": [126.886017, 35.153056]}, "properties": {"addr": "서구 상무대로 1142", "cnt": 2}}, {"type": "Feature", "geometry": {"type": "Point", "coordinates": [126.886017, 35.153056]}, "properties": {"addr": "서구 상무대로 1142", "cnt": 1}}, {"type": "Feature", "geometry": {"type": "Point", "coordinates": [126.881831, 35.151777]}, "properties": {"addr": "서구 군분로 238", "cnt": 1}}, {"type": "Feature", "geometry": {"type": "Point", "coordinates": [126.881831, 35.151777]}, "properties": {"addr": "서구 군분로 238", "cnt": 1}}, {"type": "Feature", "geometry": {"type": "Point", "coordinates": [126.881831, 35.151777]}, "properties": {"addr": "서구 군분로 238", "cnt": 2}}, {"type": "Feature", "geometry": {"type": "Point", "coordinates": [126.886241, 35.149963]}, "properties": {"addr": "서구 대남대로449번길 5", "cnt": 2}}, {"type": "Feature", "geometry": {"type": "Point", "coordinates": [126.886241, 35.149963]}, "properties": {"addr": "서구 대남대로449번길 5", "cnt": 2}}, {"type": "Feature", "geometry": {"type": "Point", "coordinates": [126.892955, 35.154016]}, "properties": {"addr": "서구 상무대로1194번길 11-1", "cnt": 1}}, {"type": "Feature", "geometry": {"type": "Point", "coordinates": [126.892955, 35.154016]}, "properties": {"addr": "서구 상무대로1194번길 11-1", "cnt": 2}}, {"type": "Feature", "geometry": {"type": "Point", "coordinates": [126.852343, 35.172147]}, "properties": {"addr": "서구 하남대로550번길 20", "cnt": 1}}, {"type": "Feature", "geometry": {"type": "Point", "coordinates": [126.852343, 35.172147]}, "properties": {"addr": "서구 하남대로550번길 20", "cnt": 1}}, {"type": "Feature", "geometry": {"type": "Point", "coordinates": [126.852343, 35.172147]}, "properties": {"addr": "서구 하남대로550번길 20", "cnt": 2}}, {"type": "Feature", "geometry": {"type": "Point", "coordinates": [126.868619, 35.171177]}, "properties": {"addr": "서구 유림로98번길 43", "cnt": 1}}, {"type": "Feature", "geometry": {"type": "Point", "coordinates": [126.868619, 35.171177]}, "properties": {"addr": "서구 유림로98번길 43", "cnt": 2}}, {"type": "Feature", "geometry": {"type": "Point", "coordinates": [126.856384, 35.171139]}, "properties": {"addr": "서구 동천동 166", "cnt": 1}}, {"type": "Feature", "geometry": {"type": "Point", "coordinates": [126.856384, 35.171139]}, "properties": {"addr": "서구 동천동 166", "cnt": 1}}, {"type": "Feature", "geometry": {"type": "Point", "coordinates": [126.856384, 35.171139]}, "properties": {"addr": "서구 동천동 166", "cnt": 1}}, {"type": "Feature", "geometry": {"type": "Point", "coordinates": [126.860162, 35.170391]}, "properties": {"addr": "서구 동천로 13", "cnt": 1}}, {"type": "Feature", "geometry": {"type": "Point", "coordinates": [126.860162, 35.170391]}, "properties": {"addr": "서구 동천로 13", "cnt": 1}}, {"type": "Feature", "geometry": {"type": "Point", "coordinates": [126.860162, 35.170391]}, "properties": {"addr": "서구 동천로 13", "cnt": 1}}, {"type": "Feature", "geometry": {"type": "Point", "coordinates": [126.861353, 35.169553]}, "properties": {"addr": "서구 동천로10번길 22", "cnt": 1}}, {"type": "Feature", "geometry": {"type": "Point", "coordinates": [126.861353, 35.169553]}, "properties": {"addr": "서구 동천로10번길 22", "cnt": 2}}, {"type": "Feature", "geometry": {"type": "Point", "coordinates": [126.861353, 35.169553]}, "properties": {"addr": "서구 동천로10번길 22", "cnt": 1}}, {"type": "Feature", "geometry": {"type": "Point", "coordinates": [126.865424, 35.171499]}, "properties": {"addr": "서구 유림로98번길 11", "cnt": 1}}, {"type": "Feature", "geometry": {"type": "Point", "coordinates": [126.865424, 35.171499]}, "properties": {"addr": "서구 유림로98번길 11", "cnt": 1}}, {"type": "Feature", "geometry": {"type": "Point", "coordinates": [126.873408, 35.170556]}, "properties": {"addr": "서구 동림2지구길 55", "cnt": 2}}, {"type": "Feature", "geometry": {"type": "Point", "coordinates": [126.873408, 35.170556]}, "properties": {"addr": "서구 동림2지구길 55", "cnt": 2}}, {"type": "Feature", "geometry": {"type": "Point", "coordinates": [126.846007, 35.113766]}, "properties": {"addr": "서구 개산길 19", "cnt": 1}}, {"type": "Feature", "geometry": {"type": "Point", "coordinates": [126.846007, 35.113766]}, "properties": {"addr": "서구 개산길 19", "cnt": 1}}, {"type": "Feature", "geometry": {"type": "Point", "coordinates": [126.846007, 35.113766]}, "properties": {"addr": "서구 개산길 19", "cnt": 1}}, {"type": "Feature", "geometry": {"type": "Point", "coordinates": [126.844825, 35.143859]}, "properties": {"addr": "서구 마륵벽진길 9-1", "cnt": 1}}, {"type": "Feature", "geometry": {"type": "Point", "coordinates": [126.844825, 35.143859]}, "properties": {"addr": "서구 마륵벽진길 9-1", "cnt": 1}}, {"type": "Feature", "geometry": {"type": "Point", "coordinates": [126.844825, 35.143859]}, "properties": {"addr": "서구 마륵벽진길 9-1", "cnt": 2}}, {"type": "Feature", "geometry": {"type": "Point", "coordinates": [126.831324, 35.13126]}, "properties": {"addr": "서구 벽진동 586-34", "cnt": 2}}, {"type": "Feature", "geometry": {"type": "Point", "coordinates": [126.831324, 35.13126]}, "properties": {"addr": "서구 벽진동 586-34", "cnt": 1}}, {"type": "Feature", "geometry": {"type": "Point", "coordinates": [126.864706, 35.160312]}, "properties": {"addr": "서구 상일로64번길 20", "cnt": 2}}, {"type": "Feature", "geometry": {"type": "Point", "coordinates": [126.863171, 35.156774]}, "properties": {"addr": "서구 상일로14번길 1", "cnt": 1}}, {"type": "Feature", "geometry": {"type": "Point", "coordinates": [126.863171, 35.156774]}, "properties": {"addr": "서구 상일로14번길 1", "cnt": 1}}, {"type": "Feature", "geometry": {"type": "Point", "coordinates": [126.863171, 35.156774]}, "properties": {"addr": "서구 상일로14번길 1", "cnt": 1}}, {"type": "Feature", "geometry": {"type": "Point", "coordinates": [126.833975, 35.105335]}, "properties": {"addr": "서구 사동길 79-1", "cnt": 1}}, {"type": "Feature", "geometry": {"type": "Point", "coordinates": [126.833975, 35.105335]}, "properties": {"addr": "서구 사동길 79-1", "cnt": 1}}, {"type": "Feature", "geometry": {"type": "Point", "coordinates": [126.860953, 35.149086]}, "properties": {"addr": "서구 상무대로884번길 17-47", "cnt": 1}}, {"type": "Feature", "geometry": {"type": "Point", "coordinates": [126.860953, 35.149086]}, "properties": {"addr": "서구 상무대로884번길 17-47", "cnt": 2}}, {"type": "Feature", "geometry": {"type": "Point", "coordinates": [126.866387, 35.167118]}, "properties": {"addr": "서구 쌍촌동 1064", "cnt": 1}}, {"type": "Feature", "geometry": {"type": "Point", "coordinates": [126.866387, 35.167118]}, "properties": {"addr": "서구 쌍촌동 1064", "cnt": 1}}, {"type": "Feature", "geometry": {"type": "Point", "coordinates": [126.866387, 35.167118]}, "properties": {"addr": "서구 쌍촌동 1064", "cnt": 1}}, {"type": "Feature", "geometry": {"type": "Point", "coordinates": [126.862412, 35.147017]}, "properties": {"addr": "서구 쌍촌로27번길 24-1", "cnt": 2}}, {"type": "Feature", "geometry": {"type": "Point", "coordinates": [126.862412, 35.147017]}, "properties": {"addr": "서구 쌍촌로27번길 24-1", "cnt": 1}}, {"type": "Feature", "geometry": {"type": "Point", "coordinates": [126.862412, 35.147017]}, "properties": {"addr": "서구 쌍촌로27번길 24-1", "cnt": 1}}, {"type": "Feature", "geometry": {"type": "Point", "coordinates": [126.863234, 35.148454]}, "properties": {"addr": "서구 쌍촌로43번길 16-1", "cnt": 1}}, {"type": "Feature", "geometry": {"type": "Point", "coordinates": [126.863234, 35.148454]}, "properties": {"addr": "서구 쌍촌로43번길 16-1", "cnt": 1}}, {"type": "Feature", "geometry": {"type": "Point", "coordinates": [126.864132, 35.147328]}, "properties": {"addr": "서구 쌍촌로15번길 8-24", "cnt": 1}}, {"type": "Feature", "geometry": {"type": "Point", "coordinates": [126.864132, 35.147328]}, "properties": {"addr": "서구 쌍촌로15번길 8-24", "cnt": 1}}, {"type": "Feature", "geometry": {"type": "Point", "coordinates": [126.861173, 35.157276]}, "properties": {"addr": "서구 상무민주로76번길 17", "cnt": 2}}, {"type": "Feature", "geometry": {"type": "Point", "coordinates": [126.861173, 35.157276]}, "properties": {"addr": "서구 상무민주로76번길 17", "cnt": 2}}, {"type": "Feature", "geometry": {"type": "Point", "coordinates": [126.859711, 35.156164]}, "properties": {"addr": "서구 쌍촌동 1295-7", "cnt": 1}}, {"type": "Feature", "geometry": {"type": "Point", "coordinates": [126.859711, 35.156164]}, "properties": {"addr": "서구 쌍촌동 1295-7", "cnt": 1}}, {"type": "Feature", "geometry": {"type": "Point", "coordinates": [126.859711, 35.156164]}, "properties": {"addr": "서구 쌍촌동 1295-7", "cnt": 1}}, {"type": "Feature", "geometry": {"type": "Point", "coordinates": [126.859585, 35.154236]}, "properties": {"addr": "서구 상무민주로32번길 19", "cnt": 1}}, {"type": "Feature", "geometry": {"type": "Point", "coordinates": [126.859585, 35.154236]}, "properties": {"addr": "서구 상무민주로32번길 19", "cnt": 1}}, {"type": "Feature", "geometry": {"type": "Point", "coordinates": [126.859585, 35.154236]}, "properties": {"addr": "서구 상무민주로32번길 19", "cnt": 1}}, {"type": "Feature", "geometry": {"type": "Point", "coordinates": [126.858685, 35.153314]}, "properties": {"addr": "서구 쌍촌동 1397", "cnt": 1}}, {"type": "Feature", "geometry": {"type": "Point", "coordinates": [126.858685, 35.153314]}, "properties": {"addr": "서구 쌍촌동 1397", "cnt": 1}}, {"type": "Feature", "geometry": {"type": "Point", "coordinates": [126.858685, 35.153314]}, "properties": {"addr": "서구 쌍촌동 1397", "cnt": 1}}, {"type": "Feature", "geometry": {"type": "Point", "coordinates": [126.856088, 35.160132]}, "properties": {"addr": "서구 계수로52번길 1", "cnt": 1}}, {"type": "Feature", "geometry": {"type": "Point", "coordinates": [126.856088, 35.160132]}, "properties": {"addr": "서구 계수로52번길 1", "cnt": 1}}, {"type": "Feature", "geometry": {"type": "Point", "coordinates": [126.857303, 35.160426]}, "properties": {"addr": "서구 계수로 61", "cnt": 2}}, {"type": "Feature", "geometry": {"type": "Point", "coordinates": [126.857303, 35.160426]}, "properties": {"addr": "서구 계수로 61", "cnt": 1}}, {"type": "Feature", "geometry": {"type": "Point", "coordinates": [126.857303, 35.160426]}, "properties": {"addr": "서구 계수로 61", "cnt": 1}}, {"type": "Feature", "geometry": {"type": "Point", "coordinates": [126.8592, 35.161552]}, "properties": {"addr": "서구 상무민주로 123", "cnt": 1}}, {"type": "Feature", "geometry": {"type": "Point", "coordinates": [126.8592, 35.161552]}, "properties": {"addr": "서구 상무민주로 123", "cnt": 1}}, {"type": "Feature", "geometry": {"type": "Point", "coordinates": [126.863974, 35.159212]}, "properties": {"addr": "서구 내방로211번길 13", "cnt": 2}}, {"type": "Feature", "geometry": {"type": "Point", "coordinates": [126.863974, 35.159212]}, "properties": {"addr": "서구 내방로211번길 13", "cnt": 1}}, {"type": "Feature", "geometry": {"type": "Point", "coordinates": [126.863974, 35.159212]}, "properties": {"addr": "서구 내방로211번길 13", "cnt": 1}}, {"type": "Feature", "geometry": {"type": "Point", "coordinates": [126.864268, 35.156782]}, "properties": {"addr": "서구 상일로14번길 11", "cnt": 2}}, {"type": "Feature", "geometry": {"type": "Point", "coordinates": [126.864268, 35.156782]}, "properties": {"addr": "서구 상일로14번길 11", "cnt": 1}}, {"type": "Feature", "geometry": {"type": "Point", "coordinates": [126.864268, 35.156782]}, "properties": {"addr": "서구 상일로14번길 11", "cnt": 1}}, {"type": "Feature", "geometry": {"type": "Point", "coordinates": [126.865, 35.155645]}, "properties": {"addr": "서구 상무오월로 49", "cnt": 2}}, {"type": "Feature", "geometry": {"type": "Point", "coordinates": [126.865, 35.155645]}, "properties": {"addr": "서구 상무오월로 49", "cnt": 1}}, {"type": "Feature", "geometry": {"type": "Point", "coordinates": [126.868097, 35.157223]}, "properties": {"addr": "서구 내방로246번길 9", "cnt": 1}}, {"type": "Feature", "geometry": {"type": "Point", "coordinates": [126.868097, 35.157223]}, "properties": {"addr": "서구 내방로246번길 9", "cnt": 2}}, {"type": "Feature", "geometry": {"type": "Point", "coordinates": [126.865553, 35.155023]}, "properties": {"addr": "서구 월드컵4강로229번길 47", "cnt": 1}}, {"type": "Feature", "geometry": {"type": "Point", "coordinates": [126.865553, 35.155023]}, "properties": {"addr": "서구 월드컵4강로229번길 47", "cnt": 1}}, {"type": "Feature", "geometry": {"type": "Point", "coordinates": [126.865553, 35.155023]}, "properties": {"addr": "서구 월드컵4강로229번길 47", "cnt": 1}}, {"type": "Feature", "geometry": {"type": "Point", "coordinates": [126.859598, 35.145158]}, "properties": {"addr": "서구 화정로21번길 5", "cnt": 1}}, {"type": "Feature", "geometry": {"type": "Point", "coordinates": [126.859598, 35.145158]}, "properties": {"addr": "서구 화정로21번길 5", "cnt": 2}}, {"type": "Feature", "geometry": {"type": "Point", "coordinates": [126.861774, 35.148953]}, "properties": {"addr": "서구 쌍촌로47번길 28-6", "cnt": 2}}, {"type": "Feature", "geometry": {"type": "Point", "coordinates": [126.855071, 35.14629]}, "properties": {"addr": "서구 마륵복개로 164", "cnt": 2}}, {"type": "Feature", "geometry": {"type": "Point", "coordinates": [126.855071, 35.14629]}, "properties": {"addr": "서구 마륵복개로 164", "cnt": 1}}, {"type": "Feature", "geometry": {"type": "Point", "coordinates": [126.867561, 35.153728]}, "properties": {"addr": "서구 쌍촌동 333-10", "cnt": 1}}, {"type": "Feature", "geometry": {"type": "Point", "coordinates": [126.867561, 35.153728]}, "properties": {"addr": "서구 쌍촌동 333-10", "cnt": 1}}, {"type": "Feature", "geometry": {"type": "Point", "coordinates": [126.867561, 35.153728]}, "properties": {"addr": "서구 쌍촌동 333-10", "cnt": 1}}, {"type": "Feature", "geometry": {"type": "Point", "coordinates": [126.866554, 35.152168]}, "properties": {"addr": "서구 상무대로955번길 6", "cnt": 2}}, {"type": "Feature", "geometry": {"type": "Point", "coordinates": [126.866554, 35.152168]}, "properties": {"addr": "서구 상무대로955번길 6", "cnt": 1}}, {"type": "Feature", "geometry": {"type": "Point", "coordinates": [126.866554, 35.152168]}, "properties": {"addr": "서구 상무대로955번길 6", "cnt": 1}}, {"type": "Feature", "geometry": {"type": "Point", "coordinates": [126.864176, 35.152594]}, "properties": {"addr": "서구 상무대로935번길 11-1", "cnt": 2}}, {"type": "Feature", "geometry": {"type": "Point", "coordinates": [126.864176, 35.152594]}, "properties": {"addr": "서구 상무대로935번길 11-1", "cnt": 1}}, {"type": "Feature", "geometry": {"type": "Point", "coordinates": [126.860493, 35.151603]}, "properties": {"addr": "서구 상무민주로6번길 17", "cnt": 1}}, {"type": "Feature", "geometry": {"type": "Point", "coordinates": [126.860493, 35.151603]}, "properties": {"addr": "서구 상무민주로6번길 17", "cnt": 1}}, {"type": "Feature", "geometry": {"type": "Point", "coordinates": [126.860493, 35.151603]}, "properties": {"addr": "서구 상무민주로6번길 17", "cnt": 1}}, {"type": "Feature", "geometry": {"type": "Point", "coordinates": [126.858633, 35.151278]}, "properties": {"addr": "서구 상무민주로 10", "cnt": 2}}, {"type": "Feature", "geometry": {"type": "Point", "coordinates": [126.858633, 35.151278]}, "properties": {"addr": "서구 상무민주로 10", "cnt": 2}}, {"type": "Feature", "geometry": {"type": "Point", "coordinates": [126.857294, 35.148966]}, "properties": {"addr": "서구 운천로184번길 8", "cnt": 1}}, {"type": "Feature", "geometry": {"type": "Point", "coordinates": [126.857294, 35.148966]}, "properties": {"addr": "서구 운천로184번길 8", "cnt": 3}}, {"type": "Feature", "geometry": {"type": "Point", "coordinates": [126.859024, 35.14872]}, "properties": {"addr": "서구 상무대로884번길 20", "cnt": 2}}, {"type": "Feature", "geometry": {"type": "Point", "coordinates": [126.859024, 35.14872]}, "properties": {"addr": "서구 상무대로884번길 20", "cnt": 1}}, {"type": "Feature", "geometry": {"type": "Point", "coordinates": [126.859024, 35.14872]}, "properties": {"addr": "서구 상무대로884번길 20", "cnt": 1}}, {"type": "Feature", "geometry": {"type": "Point", "coordinates": [126.860711, 35.150168]}, "properties": {"addr": "서구 쌍촌로65번길 34", "cnt": 1}}, {"type": "Feature", "geometry": {"type": "Point", "coordinates": [126.860711, 35.150168]}, "properties": {"addr": "서구 쌍촌로65번길 34", "cnt": 2}}, {"type": "Feature", "geometry": {"type": "Point", "coordinates": [126.864108, 35.150085]}, "properties": {"addr": "서구 쌍촌로 61", "cnt": 1}}, {"type": "Feature", "geometry": {"type": "Point", "coordinates": [126.864108, 35.150085]}, "properties": {"addr": "서구 쌍촌로 61", "cnt": 1}}, {"type": "Feature", "geometry": {"type": "Point", "coordinates": [126.864108, 35.150085]}, "properties": {"addr": "서구 쌍촌로 61", "cnt": 1}}, {"type": "Feature", "geometry": {"type": "Point", "coordinates": [126.864778, 35.149608]}, "properties": {"addr": "서구 쌍촌로51번길 2", "cnt": 1}}, {"type": "Feature", "geometry": {"type": "Point", "coordinates": [126.864778, 35.149608]}, "properties": {"addr": "서구 쌍촌로51번길 2", "cnt": 1}}, {"type": "Feature", "geometry": {"type": "Point", "coordinates": [126.864778, 35.149608]}, "properties": {"addr": "서구 쌍촌로51번길 2", "cnt": 1}}, {"type": "Feature", "geometry": {"type": "Point", "coordinates": [126.862804, 35.14875]}, "properties": {"addr": "서구 쌍촌로47번길 17", "cnt": 1}}, {"type": "Feature", "geometry": {"type": "Point", "coordinates": [126.862804, 35.14875]}, "properties": {"addr": "서구 쌍촌로47번길 17", "cnt": 2}}, {"type": "Feature", "geometry": {"type": "Point", "coordinates": [126.862804, 35.14875]}, "properties": {"addr": "서구 쌍촌로47번길 17", "cnt": 1}}, {"type": "Feature", "geometry": {"type": "Point", "coordinates": [126.86655, 35.149959]}, "properties": {"addr": "서구 쌍촌로 56", "cnt": 1}}, {"type": "Feature", "geometry": {"type": "Point", "coordinates": [126.86655, 35.149959]}, "properties": {"addr": "서구 쌍촌로 56", "cnt": 1}}, {"type": "Feature", "geometry": {"type": "Point", "coordinates": [126.896992, 35.155209]}, "properties": {"addr": "서구 양동 385-31", "cnt": 1}}, {"type": "Feature", "geometry": {"type": "Point", "coordinates": [126.896992, 35.155209]}, "properties": {"addr": "서구 양동 385-31", "cnt": 1}}, {"type": "Feature", "geometry": {"type": "Point", "coordinates": [126.902138, 35.151214]}, "properties": {"addr": "서구 구성로 47-1", "cnt": 2}}, {"type": "Feature", "geometry": {"type": "Point", "coordinates": [126.902138, 35.151214]}, "properties": {"addr": "서구 구성로 47-1", "cnt": 1}}, {"type": "Feature", "geometry": {"type": "Point", "coordinates": [126.898981, 35.155508]}, "properties": {"addr": "서구 천변좌로208번길 14-1", "cnt": 1}}, {"type": "Feature", "geometry": {"type": "Point", "coordinates": [126.898981, 35.155508]}, "properties": {"addr": "서구 천변좌로208번길 14-1", "cnt": 1}}, {"type": "Feature", "geometry": {"type": "Point", "coordinates": [126.898981, 35.155508]}, "properties": {"addr": "서구 천변좌로208번길 14-1", "cnt": 1}}, {"type": "Feature", "geometry": {"type": "Point", "coordinates": [126.898642, 35.154766]}, "properties": {"addr": "서구 양동로17번길 4-1", "cnt": 2}}, {"type": "Feature", "geometry": {"type": "Point", "coordinates": [126.90325, 35.150765]}, "properties": {"addr": "서구 독립로185번길 25", "cnt": 2}}, {"type": "Feature", "geometry": {"type": "Point", "coordinates": [126.90325, 35.150765]}, "properties": {"addr": "서구 독립로185번길 25", "cnt": 1}}, {"type": "Feature", "geometry": {"type": "Point", "coordinates": [126.892788, 35.159277]}, "properties": {"addr": "서구 발산로45번길 22-1", "cnt": 1}}, {"type": "Feature", "geometry": {"type": "Point", "coordinates": [126.892788, 35.159277]}, "properties": {"addr": "서구 발산로45번길 22-1", "cnt": 1}}, {"type": "Feature", "geometry": {"type": "Point", "coordinates": [126.892788, 35.159277]}, "properties": {"addr": "서구 발산로45번길 22-1", "cnt": 1}}, {"type": "Feature", "geometry": {"type": "Point", "coordinates": [126.928375, 35.161653]}, "properties": {"addr": "동구 참판로 25-1", "cnt": 1}}, {"type": "Feature", "geometry": {"type": "Point", "coordinates": [126.928375, 35.161653]}, "properties": {"addr": "동구 참판로 25-1", "cnt": 2}}, {"type": "Feature", "geometry": {"type": "Point", "coordinates": [126.928375, 35.161653]}, "properties": {"addr": "동구 참판로 25-1", "cnt": 1}}, {"type": "Feature", "geometry": {"type": "Point", "coordinates": [126.903599, 35.15223]}, "properties": {"addr": "서구 천변좌로262번길 11", "cnt": 1}}, {"type": "Feature", "geometry": {"type": "Point", "coordinates": [126.854049, 35.164874]}, "properties": {"addr": "서구 천변우하로 293", "cnt": 2}}, {"type": "Feature", "geometry": {"type": "Point", "coordinates": [126.852783, 35.164526]}, "properties": {"addr": "서구 유덕로 11", "cnt": 1}}, {"type": "Feature", "geometry": {"type": "Point", "coordinates": [126.852783, 35.164526]}, "properties": {"addr": "서구 유덕로 11", "cnt": 1}}, {"type": "Feature", "geometry": {"type": "Point", "coordinates": [126.852783, 35.164526]}, "properties": {"addr": "서구 유덕로 11", "cnt": 1}}, {"type": "Feature", "geometry": {"type": "Point", "coordinates": [126.852783, 35.164526]}, "properties": {"addr": "서구 유덕로 11", "cnt": 1}}, {"type": "Feature", "geometry": {"type": "Point", "coordinates": [126.856635, 35.164079]}, "properties": {"addr": "서구 상무버들로53번길 22-21", "cnt": 1}}, {"type": "Feature", "geometry": {"type": "Point", "coordinates": [126.856635, 35.164079]}, "properties": {"addr": "서구 상무버들로53번길 22-21", "cnt": 1}}, {"type": "Feature", "geometry": {"type": "Point", "coordinates": [126.856635, 35.164079]}, "properties": {"addr": "서구 상무버들로53번길 22-21", "cnt": 1}}, {"type": "Feature", "geometry": {"type": "Point", "coordinates": [126.856635, 35.164079]}, "properties": {"addr": "서구 상무버들로53번길 22-21", "cnt": 1}}, {"type": "Feature", "geometry": {"type": "Point", "coordinates": [126.85735, 35.163096]}, "properties": {"addr": "서구 상무버들로53번길 16", "cnt": 1}}, {"type": "Feature", "geometry": {"type": "Point", "coordinates": [126.85735, 35.163096]}, "properties": {"addr": "서구 상무버들로53번길 16", "cnt": 1}}, {"type": "Feature", "geometry": {"type": "Point", "coordinates": [126.85735, 35.163096]}, "properties": {"addr": "서구 상무버들로53번길 16", "cnt": 1}}, {"type": "Feature", "geometry": {"type": "Point", "coordinates": [126.858202, 35.166159]}, "properties": {"addr": "서구 상무버들로54번길 40", "cnt": 1}}, {"type": "Feature", "geometry": {"type": "Point", "coordinates": [126.858202, 35.166159]}, "properties": {"addr": "서구 상무버들로54번길 40", "cnt": 1}}, {"type": "Feature", "geometry": {"type": "Point", "coordinates": [126.862238, 35.165434]}, "properties": {"addr": "서구 유림로33번길 10-1", "cnt": 1}}, {"type": "Feature", "geometry": {"type": "Point", "coordinates": [126.862238, 35.165434]}, "properties": {"addr": "서구 유림로33번길 10-1", "cnt": 1}}, {"type": "Feature", "geometry": {"type": "Point", "coordinates": [126.862238, 35.165434]}, "properties": {"addr": "서구 유림로33번길 10-1", "cnt": 1}}, {"type": "Feature", "geometry": {"type": "Point", "coordinates": [126.845561, 35.159572]}, "properties": {"addr": "서구 시청서편로 9", "cnt": 1}}, {"type": "Feature", "geometry": {"type": "Point", "coordinates": [126.845561, 35.159572]}, "properties": {"addr": "서구 시청서편로 9", "cnt": 2}}, {"type": "Feature", "geometry": {"type": "Point", "coordinates": [126.843178, 35.15334]}, "properties": {"addr": "서구 상무공원로 112", "cnt": 2}}, {"type": "Feature", "geometry": {"type": "Point", "coordinates": [126.847536, 35.150466]}, "properties": {"addr": "서구 상무공원로 112", "cnt": 2}}, {"type": "Feature", "geometry": {"type": "Point", "coordinates": [126.846518, 35.160027]}, "properties": {"addr": "서구 천변좌하로 292", "cnt": 2}}, {"type": "Feature", "geometry": {"type": "Point", "coordinates": [126.859776, 35.155484]}, "properties": {"addr": "서구 상무오월로 1", "cnt": 1}}, {"type": "Feature", "geometry": {"type": "Point", "coordinates": [126.859776, 35.155484]}, "properties": {"addr": "서구 상무오월로 1", "cnt": 1}}, {"type": "Feature", "geometry": {"type": "Point", "coordinates": [126.859776, 35.155484]}, "properties": {"addr": "서구 상무오월로 1", "cnt": 1}}, {"type": "Feature", "geometry": {"type": "Point", "coordinates": [126.841221, 35.144229]}, "properties": {"addr": "서구 상무화원로 2", "cnt": 2}}, {"type": "Feature", "geometry": {"type": "Point", "coordinates": [126.841221, 35.144229]}, "properties": {"addr": "서구 상무화원로 2", "cnt": 2}}, {"type": "Feature", "geometry": {"type": "Point", "coordinates": [126.845531, 35.14647]}, "properties": {"addr": "서구 마륵로 130", "cnt": 1}}, {"type": "Feature", "geometry": {"type": "Point", "coordinates": [126.845531, 35.14647]}, "properties": {"addr": "서구 마륵로 130", "cnt": 3}}, {"type": "Feature", "geometry": {"type": "Point", "coordinates": [126.867901, 35.121926]}, "properties": {"addr": "서구 풍암신흥로61번길 5", "cnt": 3}}, {"type": "Feature", "geometry": {"type": "Point", "coordinates": [126.870296, 35.124111]}, "properties": {"addr": "서구 풍암신흥로80번길 11-4", "cnt": 1}}, {"type": "Feature", "geometry": {"type": "Point", "coordinates": [126.870296, 35.124111]}, "properties": {"addr": "서구 풍암신흥로80번길 11-4", "cnt": 2}}, {"type": "Feature", "geometry": {"type": "Point", "coordinates": [126.878424, 35.121695]}, "properties": {"addr": "서구 풍암순환로 68", "cnt": 1}}, {"type": "Feature", "geometry": {"type": "Point", "coordinates": [126.878424, 35.121695]}, "properties": {"addr": "서구 풍암순환로 68", "cnt": 1}}, {"type": "Feature", "geometry": {"type": "Point", "coordinates": [126.884301, 35.12119]}, "properties": {"addr": "서구 풍암금당길 158", "cnt": 1}}, {"type": "Feature", "geometry": {"type": "Point", "coordinates": [126.884301, 35.12119]}, "properties": {"addr": "서구 풍암금당길 158", "cnt": 1}}, {"type": "Feature", "geometry": {"type": "Point", "coordinates": [126.884301, 35.12119]}, "properties": {"addr": "서구 풍암금당길 158", "cnt": 1}}, {"type": "Feature", "geometry": {"type": "Point", "coordinates": [126.883495, 35.124951]}, "properties": {"addr": "서구 풍암순환로 162", "cnt": 1}}, {"type": "Feature", "geometry": {"type": "Point", "coordinates": [126.883495, 35.124951]}, "properties": {"addr": "서구 풍암순환로 162", "cnt": 1}}, {"type": "Feature", "geometry": {"type": "Point", "coordinates": [126.866834, 35.115514]}, "properties": {"addr": "서구 풍암동 821-5", "cnt": 1}}, {"type": "Feature", "geometry": {"type": "Point", "coordinates": [126.866834, 35.115514]}, "properties": {"addr": "서구 풍암동 821-5", "cnt": 1}}, {"type": "Feature", "geometry": {"type": "Point", "coordinates": [126.863291, 35.121019]}, "properties": {"addr": "서구 풍암신흥로11번길 19", "cnt": 2}}, {"type": "Feature", "geometry": {"type": "Point", "coordinates": [126.863291, 35.121019]}, "properties": {"addr": "서구 풍암신흥로11번길 19", "cnt": 2}}, {"type": "Feature", "geometry": {"type": "Point", "coordinates": [126.863271, 35.122521]}, "properties": {"addr": "서구 풍금로37번길 1", "cnt": 4}}, {"type": "Feature", "geometry": {"type": "Point", "coordinates": [126.863886, 35.121258]}, "properties": {"addr": "서구 풍금로23번길 9", "cnt": 1}}, {"type": "Feature", "geometry": {"type": "Point", "coordinates": [126.863886, 35.121258]}, "properties": {"addr": "서구 풍금로23번길 9", "cnt": 1}}, {"type": "Feature", "geometry": {"type": "Point", "coordinates": [126.863886, 35.121258]}, "properties": {"addr": "서구 풍금로23번길 9", "cnt": 1}}, {"type": "Feature", "geometry": {"type": "Point", "coordinates": [126.867481, 35.120869]}, "properties": {"addr": "서구 풍암신흥로 37-1", "cnt": 1}}, {"type": "Feature", "geometry": {"type": "Point", "coordinates": [126.867481, 35.120869]}, "properties": {"addr": "서구 풍암신흥로 37-1", "cnt": 1}}, {"type": "Feature", "geometry": {"type": "Point", "coordinates": [126.867481, 35.120869]}, "properties": {"addr": "서구 풍암신흥로 37-1", "cnt": 1}}, {"type": "Feature", "geometry": {"type": "Point", "coordinates": [126.867131, 35.124631]}, "properties": {"addr": "서구 풍금로38번길 45", "cnt": 1}}, {"type": "Feature", "geometry": {"type": "Point", "coordinates": [126.867131, 35.124631]}, "properties": {"addr": "서구 풍금로38번길 45", "cnt": 1}}, {"type": "Feature", "geometry": {"type": "Point", "coordinates": [126.867131, 35.124631]}, "properties": {"addr": "서구 풍금로38번길 45", "cnt": 1}}, {"type": "Feature", "geometry": {"type": "Point", "coordinates": [126.868318, 35.123632]}, "properties": {"addr": "서구 풍암운리로 39", "cnt": 1}}, {"type": "Feature", "geometry": {"type": "Point", "coordinates": [126.868318, 35.123632]}, "properties": {"addr": "서구 풍암운리로 39", "cnt": 1}}, {"type": "Feature", "geometry": {"type": "Point", "coordinates": [126.867515, 35.115959]}, "properties": {"addr": "서구 풍암동 산105-3", "cnt": 1}}, {"type": "Feature", "geometry": {"type": "Point", "coordinates": [126.867515, 35.115959]}, "properties": {"addr": "서구 풍암동 산105-3", "cnt": 1}}, {"type": "Feature", "geometry": {"type": "Point", "coordinates": [126.867522, 35.116938]}, "properties": {"addr": "서구 풍암동 산95-14", "cnt": 1}}, {"type": "Feature", "geometry": {"type": "Point", "coordinates": [126.867522, 35.116938]}, "properties": {"addr": "서구 풍암동 산95-14", "cnt": 1}}, {"type": "Feature", "geometry": {"type": "Point", "coordinates": [126.876037, 35.144347]}, "properties": {"addr": "서구 월드컵4강로68번길 15-23", "cnt": 1}}, {"type": "Feature", "geometry": {"type": "Point", "coordinates": [126.876037, 35.144347]}, "properties": {"addr": "서구 월드컵4강로68번길 15-23", "cnt": 1}}, {"type": "Feature", "geometry": {"type": "Point", "coordinates": [126.876037, 35.144347]}, "properties": {"addr": "서구 월드컵4강로68번길 15-23", "cnt": 1}}, {"type": "Feature", "geometry": {"type": "Point", "coordinates": [126.877358, 35.141344]}, "properties": {"addr": "서구 염화로116번길 18", "cnt": 2}}, {"type": "Feature", "geometry": {"type": "Point", "coordinates": [126.877358, 35.141344]}, "properties": {"addr": "서구 염화로116번길 18", "cnt": 1}}, {"type": "Feature", "geometry": {"type": "Point", "coordinates": [126.877358, 35.141344]}, "properties": {"addr": "서구 염화로116번길 18", "cnt": 1}}, {"type": "Feature", "geometry": {"type": "Point", "coordinates": [126.880427, 35.138875]}, "properties": {"addr": "서구 화정동 1017", "cnt": 1}}, {"type": "Feature", "geometry": {"type": "Point", "coordinates": [126.880427, 35.138875]}, "properties": {"addr": "서구 화정동 1017", "cnt": 1}}, {"type": "Feature", "geometry": {"type": "Point", "coordinates": [126.878757, 35.156095]}, "properties": {"addr": "서구 내방마을2길 6-13", "cnt": 1}}, {"type": "Feature", "geometry": {"type": "Point", "coordinates": [126.878757, 35.156095]}, "properties": {"addr": "서구 내방마을2길 6-13", "cnt": 1}}, {"type": "Feature", "geometry": {"type": "Point", "coordinates": [126.878757, 35.156095]}, "properties": {"addr": "서구 내방마을2길 6-13", "cnt": 1}}, {"type": "Feature", "geometry": {"type": "Point", "coordinates": [126.882887, 35.142013]}, "properties": {"addr": "서구 염화로160번길 18", "cnt": 1}}, {"type": "Feature", "geometry": {"type": "Point", "coordinates": [126.882887, 35.142013]}, "properties": {"addr": "서구 염화로160번길 18", "cnt": 2}}, {"type": "Feature", "geometry": {"type": "Point", "coordinates": [126.885593, 35.145428]}, "properties": {"addr": "서구 군분로159번길 15-2", "cnt": 2}}, {"type": "Feature", "geometry": {"type": "Point", "coordinates": [126.885593, 35.145428]}, "properties": {"addr": "서구 군분로159번길 15-2", "cnt": 2}}, {"type": "Feature", "geometry": {"type": "Point", "coordinates": [126.876312, 35.147657]}, "properties": {"addr": "서구 화정로179번길 29-3", "cnt": 1}}, {"type": "Feature", "geometry": {"type": "Point", "coordinates": [126.876312, 35.147657]}, "properties": {"addr": "서구 화정로179번길 29-3", "cnt": 1}}, {"type": "Feature", "geometry": {"type": "Point", "coordinates": [126.87271, 35.147221]}, "properties": {"addr": "서구 월드컵4강로116번길 5", "cnt": 2}}, {"type": "Feature", "geometry": {"type": "Point", "coordinates": [126.87271, 35.147221]}, "properties": {"addr": "서구 월드컵4강로116번길 5", "cnt": 1}}, {"type": "Feature", "geometry": {"type": "Point", "coordinates": [126.87694, 35.145454]}, "properties": {"addr": "서구 화정로 181", "cnt": 1}}, {"type": "Feature", "geometry": {"type": "Point", "coordinates": [126.87694, 35.145454]}, "properties": {"addr": "서구 화정로 181", "cnt": 3}}, {"type": "Feature", "geometry": {"type": "Point", "coordinates": [126.877794, 35.136263]}, "properties": {"addr": "서구 금화로 278", "cnt": 1}}, {"type": "Feature", "geometry": {"type": "Point", "coordinates": [126.877794, 35.136263]}, "properties": {"addr": "서구 금화로 278", "cnt": 1}}, {"type": "Feature", "geometry": {"type": "Point", "coordinates": [126.877794, 35.136263]}, "properties": {"addr": "서구 금화로 278", "cnt": 1}}, {"type": "Feature", "geometry": {"type": "Point", "coordinates": [126.871235, 35.13707]}, "properties": {"addr": "서구 염화로31번길 7", "cnt": 1}}, {"type": "Feature", "geometry": {"type": "Point", "coordinates": [126.871235, 35.13707]}, "properties": {"addr": "서구 염화로31번길 7", "cnt": 1}}, {"type": "Feature", "geometry": {"type": "Point", "coordinates": [126.871235, 35.13707]}, "properties": {"addr": "서구 염화로31번길 7", "cnt": 1}}, {"type": "Feature", "geometry": {"type": "Point", "coordinates": [126.882045, 35.150081]}, "properties": {"addr": "서구 화정로253번길 27", "cnt": 1}}, {"type": "Feature", "geometry": {"type": "Point", "coordinates": [126.882045, 35.150081]}, "properties": {"addr": "서구 화정로253번길 27", "cnt": 1}}, {"type": "Feature", "geometry": {"type": "Point", "coordinates": [126.882045, 35.150081]}, "properties": {"addr": "서구 화정로253번길 27", "cnt": 2}}, {"type": "Feature", "geometry": {"type": "Point", "coordinates": [126.874055, 35.152591]}, "properties": {"addr": "서구 화운로155번길 24", "cnt": 2}}, {"type": "Feature", "geometry": {"type": "Point", "coordinates": [126.874055, 35.152591]}, "properties": {"addr": "서구 화운로155번길 24", "cnt": 1}}, {"type": "Feature", "geometry": {"type": "Point", "coordinates": [126.878254, 35.148604]}, "properties": {"addr": "서구 화운로99번길 13", "cnt": 1}}, {"type": "Feature", "geometry": {"type": "Point", "coordinates": [126.878254, 35.148604]}, "properties": {"addr": "서구 화운로99번길 13", "cnt": 1}}, {"type": "Feature", "geometry": {"type": "Point", "coordinates": [126.87962, 35.150992]}, "properties": {"addr": "서구 상무대로1066번길 16", "cnt": 1}}, {"type": "Feature", "geometry": {"type": "Point", "coordinates": [126.87962, 35.150992]}, "properties": {"addr": "서구 상무대로1066번길 16", "cnt": 1}}, {"type": "Feature", "geometry": {"type": "Point", "coordinates": [126.87962, 35.150992]}, "properties": {"addr": "서구 상무대로1066번길 16", "cnt": 1}}, {"type": "Feature", "geometry": {"type": "Point", "coordinates": [126.87962, 35.150992]}, "properties": {"addr": "서구 상무대로1066번길 16", "cnt": 1}}, {"type": "Feature", "geometry": {"type": "Point", "coordinates": [126.878784, 35.150703]}, "properties": {"addr": "서구 화운로126번길 7", "cnt": 1}}, {"type": "Feature", "geometry": {"type": "Point", "coordinates": [126.878784, 35.150703]}, "properties": {"addr": "서구 화운로126번길 7", "cnt": 1}}, {"type": "Feature", "geometry": {"type": "Point", "coordinates": [126.878784, 35.150703]}, "properties": {"addr": "서구 화운로126번길 7", "cnt": 1}}, {"type": "Feature", "geometry": {"type": "Point", "coordinates": [126.878483, 35.152941]}, "properties": {"addr": "서구 화운로156번길 16-1", "cnt": 2}}, {"type": "Feature", "geometry": {"type": "Point", "coordinates": [126.878483, 35.152941]}, "properties": {"addr": "서구 화운로156번길 16-1", "cnt": 1}}, {"type": "Feature", "geometry": {"type": "Point", "coordinates": [126.872727, 35.144108]}, "properties": {"addr": "서구 화정로138번길 13", "cnt": 1}}, {"type": "Feature", "geometry": {"type": "Point", "coordinates": [126.872727, 35.144108]}, "properties": {"addr": "서구 화정로138번길 13", "cnt": 1}}, {"type": "Feature", "geometry": {"type": "Point", "coordinates": [126.877516, 35.14454]}, "properties": {"addr": "서구 화정로182번길 9", "cnt": 2}}, {"type": "Feature", "geometry": {"type": "Point", "coordinates": [126.877006, 35.143355]}, "properties": {"addr": "서구 월드컵4강로68번길 21", "cnt": 2}}, {"type": "Feature", "geometry": {"type": "Point", "coordinates": [126.877006, 35.143355]}, "properties": {"addr": "서구 월드컵4강로68번길 21", "cnt": 1}}, {"type": "Feature", "geometry": {"type": "Point", "coordinates": [126.877006, 35.143355]}, "properties": {"addr": "서구 월드컵4강로68번길 21", "cnt": 1}}, {"type": "Feature", "geometry": {"type": "Point", "coordinates": [126.875838, 35.143127]}, "properties": {"addr": "서구 염화로103번길 3", "cnt": 1}}, {"type": "Feature", "geometry": {"type": "Point", "coordinates": [126.875838, 35.143127]}, "properties": {"addr": "서구 염화로103번길 3", "cnt": 2}}, {"type": "Feature", "geometry": {"type": "Point", "coordinates": [126.879113, 35.143613]}, "properties": {"addr": "서구 염화로133번길 3", "cnt": 3}}, {"type": "Feature", "geometry": {"type": "Point", "coordinates": [126.876629, 35.141152]}, "properties": {"addr": "서구 월드컵4강로42번길 5-1", "cnt": 4}}, {"type": "Feature", "geometry": {"type": "Point", "coordinates": [126.880357, 35.141571]}, "properties": {"addr": "서구 화정동 847-1", "cnt": 2}}, {"type": "Feature", "geometry": {"type": "Point", "coordinates": [126.880357, 35.141571]}, "properties": {"addr": "서구 화정동 847-1", "cnt": 2}}, {"type": "Feature", "geometry": {"type": "Point", "coordinates": [126.874187, 35.145904]}, "properties": {"addr": "서구 화정로 149", "cnt": 2}}, {"type": "Feature", "geometry": {"type": "Point", "coordinates": [126.874187, 35.145904]}, "properties": {"addr": "서구 화정로 149", "cnt": 2}}, {"type": "Feature", "geometry": {"type": "Point", "coordinates": [126.871363, 35.143385]}, "properties": {"addr": "서구 월드컵4강로71번길 26", "cnt": 2}}, {"type": "Feature", "geometry": {"type": "Point", "coordinates": [126.885651, 35.144384]}, "properties": {"addr": "서구 화정로244번길 33-1", "cnt": 1}}, {"type": "Feature", "geometry": {"type": "Point", "coordinates": [126.885651, 35.144384]}, "properties": {"addr": "서구 화정로244번길 33-1", "cnt": 1}}, {"type": "Feature", "geometry": {"type": "Point", "coordinates": [126.875433, 35.156884]}, "properties": {"addr": "서구 내방로318번길 7", "cnt": 1}}, {"type": "Feature", "geometry": {"type": "Point", "coordinates": [126.875433, 35.156884]}, "properties": {"addr": "서구 내방로318번길 7", "cnt": 1}}, {"type": "Feature", "geometry": {"type": "Point", "coordinates": [126.875433, 35.156884]}, "properties": {"addr": "서구 내방로318번길 7", "cnt": 1}}, {"type": "Feature", "geometry": {"type": "Point", "coordinates": [126.924016, 35.138985]}, "properties": {"addr": "동구 남문로724번길 66", "cnt": 1}}, {"type": "Feature", "geometry": {"type": "Point", "coordinates": [126.924016, 35.138985]}, "properties": {"addr": "동구 남문로724번길 66", "cnt": 1}}, {"type": "Feature", "geometry": {"type": "Point", "coordinates": [126.930966, 35.150134]}, "properties": {"addr": "동구 동명로98번길 9", "cnt": 1}}, {"type": "Feature", "geometry": {"type": "Point", "coordinates": [126.930966, 35.150134]}, "properties": {"addr": "동구 동명로98번길 9", "cnt": 2}}, {"type": "Feature", "geometry": {"type": "Point", "coordinates": [126.890045, 35.15995]}, "properties": {"addr": "서구 월산로268번길 13", "cnt": 1}}, {"type": "Feature", "geometry": {"type": "Point", "coordinates": [126.890045, 35.15995]}, "properties": {"addr": "서구 월산로268번길 13", "cnt": 1}}, {"type": "Feature", "geometry": {"type": "Point", "coordinates": [126.865302, 35.1221]}, "properties": {"addr": "서구 풍금로24번길 6", "cnt": 1}}, {"type": "Feature", "geometry": {"type": "Point", "coordinates": [126.865302, 35.1221]}, "properties": {"addr": "서구 풍금로24번길 6", "cnt": 1}}, {"type": "Feature", "geometry": {"type": "Point", "coordinates": [126.88941, 35.140409]}, "properties": {"addr": "남구 군분로77번안길 15", "cnt": 1}}, {"type": "Feature", "geometry": {"type": "Point", "coordinates": [126.88941, 35.140409]}, "properties": {"addr": "남구 군분로77번안길 15", "cnt": 1}}, {"type": "Feature", "geometry": {"type": "Point", "coordinates": [126.903127, 35.13637]}, "properties": {"addr": "남구 진다리로6번가길 10", "cnt": 1}}, {"type": "Feature", "geometry": {"type": "Point", "coordinates": [126.903127, 35.13637]}, "properties": {"addr": "남구 진다리로6번가길 10", "cnt": 1}}, {"type": "Feature", "geometry": {"type": "Point", "coordinates": [126.912617, 35.164045]}, "properties": {"addr": "북구 독립로367번길 56", "cnt": 1}}, {"type": "Feature", "geometry": {"type": "Point", "coordinates": [126.912617, 35.164045]}, "properties": {"addr": "북구 독립로367번길 56", "cnt": 1}}, {"type": "Feature", "geometry": {"type": "Point", "coordinates": [126.93895, 35.176537]}, "properties": {"addr": "북구 두암동 31-5", "cnt": 1}}, {"type": "Feature", "geometry": {"type": "Point", "coordinates": [126.93895, 35.176537]}, "properties": {"addr": "북구 두암동 31-5", "cnt": 1}}, {"type": "Feature", "geometry": {"type": "Point", "coordinates": [126.8307, 35.191657]}, "properties": {"addr": "광산구 수완로74번길 27", "cnt": 1}}, {"type": "Feature", "geometry": {"type": "Point", "coordinates": [126.8307, 35.191657]}, "properties": {"addr": "광산구 수완로74번길 27", "cnt": 1}}, {"type": "Feature", "geometry": {"type": "Point", "coordinates": [126.8307, 35.191657]}, "properties": {"addr": "광산구 수완로74번길 27", "cnt": 2}}, {"type": "Feature", "geometry": {"type": "Point", "coordinates": [126.739928, 35.221068]}, "properties": {"addr": "광산구 고봉로 838", "cnt": 1}}, {"type": "Feature", "geometry": {"type": "Point", "coordinates": [126.739928, 35.221068]}, "properties": {"addr": "광산구 고봉로 838", "cnt": 2}}, {"type": "Feature", "geometry": {"type": "Point", "coordinates": [126.892218, 35.103301]}, "properties": {"addr": "남구 효우로230번길 11", "cnt": 1}}, {"type": "Feature", "geometry": {"type": "Point", "coordinates": [126.892218, 35.103301]}, "properties": {"addr": "남구 효우로230번길 11", "cnt": 1}}, {"type": "Feature", "geometry": {"type": "Point", "coordinates": [126.814822, 35.169518]}, "properties": {"addr": "광산구 월곡로55번길 9-14", "cnt": 1}}, {"type": "Feature", "geometry": {"type": "Point", "coordinates": [126.814822, 35.169518]}, "properties": {"addr": "광산구 월곡로55번길 9-14", "cnt": 1}}, {"type": "Feature", "geometry": {"type": "Point", "coordinates": [126.865851, 35.214179]}, "properties": {"addr": "북구 임방울대로 991", "cnt": 1}}, {"type": "Feature", "geometry": {"type": "Point", "coordinates": [126.865851, 35.214179]}, "properties": {"addr": "북구 임방울대로 991", "cnt": 1}}, {"type": "Feature", "geometry": {"type": "Point", "coordinates": [126.865851, 35.214179]}, "properties": {"addr": "북구 임방울대로 991", "cnt": 1}}, {"type": "Feature", "geometry": {"type": "Point", "coordinates": [126.858841, 35.168163]}, "properties": {"addr": "서구 동천동 290", "cnt": 1}}, {"type": "Feature", "geometry": {"type": "Point", "coordinates": [126.858841, 35.168163]}, "properties": {"addr": "서구 동천동 290", "cnt": 1}}, {"type": "Feature", "geometry": {"type": "Point", "coordinates": [126.838542, 35.131358]}, "properties": {"addr": "서구 벽진월산길 46", "cnt": 1}}, {"type": "Feature", "geometry": {"type": "Point", "coordinates": [126.838542, 35.131358]}, "properties": {"addr": "서구 벽진월산길 46", "cnt": 1}}, {"type": "Feature", "geometry": {"type": "Point", "coordinates": [126.908573, 35.206568]}, "properties": {"addr": "북구 삼각동 397-7", "cnt": 1}}, {"type": "Feature", "geometry": {"type": "Point", "coordinates": [126.908573, 35.206568]}, "properties": {"addr": "북구 삼각동 397-7", "cnt": 1}}, {"type": "Feature", "geometry": {"type": "Point", "coordinates": [126.908573, 35.206568]}, "properties": {"addr": "북구 삼각동 397-7", "cnt": 1}}, {"type": "Feature", "geometry": {"type": "Point", "coordinates": [126.903214, 35.205742]}, "properties": {"addr": "북구 우치로422번길 32", "cnt": 1}}, {"type": "Feature", "geometry": {"type": "Point", "coordinates": [126.903214, 35.205742]}, "properties": {"addr": "북구 우치로422번길 32", "cnt": 1}}, {"type": "Feature", "geometry": {"type": "Point", "coordinates": [126.937013, 35.149298]}, "properties": {"addr": "동구 밤실로 20", "cnt": 2}}, {"type": "Feature", "geometry": {"type": "Point", "coordinates": [126.937013, 35.149298]}, "properties": {"addr": "동구 밤실로 20", "cnt": 1}}, {"type": "Feature", "geometry": {"type": "Point", "coordinates": [126.949509, 35.12981]}, "properties": {"addr": "동구 운림동 458-2", "cnt": 1}}, {"type": "Feature", "geometry": {"type": "Point", "coordinates": [126.949509, 35.12981]}, "properties": {"addr": "동구 운림동 458-2", "cnt": 1}}, {"type": "Feature", "geometry": {"type": "Point", "coordinates": [126.958935, 35.118556]}, "properties": {"addr": "동구 운림동 838-1", "cnt": 1}}, {"type": "Feature", "geometry": {"type": "Point", "coordinates": [126.958935, 35.118556]}, "properties": {"addr": "동구 운림동 838-1", "cnt": 1}}, {"type": "Feature", "geometry": {"type": "Point", "coordinates": [126.937617, 35.124134]}, "properties": {"addr": "서구 대남대로420번길 17-18", "cnt": 1}}, {"type": "Feature", "geometry": {"type": "Point", "coordinates": [126.937617, 35.124134]}, "properties": {"addr": "서구 대남대로420번길 17-18", "cnt": 1}}, {"type": "Feature", "geometry": {"type": "Point", "coordinates": [126.937617, 35.124134]}, "properties": {"addr": "서구 대남대로420번길 17-18", "cnt": 1}}, {"type": "Feature", "geometry": {"type": "Point", "coordinates": [126.921602, 35.116057]}, "properties": {"addr": "동구 용산동 395-2", "cnt": 1}}, {"type": "Feature", "geometry": {"type": "Point", "coordinates": [126.921602, 35.116057]}, "properties": {"addr": "동구 용산동 395-2", "cnt": 1}}, {"type": "Feature", "geometry": {"type": "Point", "coordinates": [126.829849, 35.11537]}, "properties": {"addr": "서구 눌재로 418", "cnt": 1}}, {"type": "Feature", "geometry": {"type": "Point", "coordinates": [126.829849, 35.11537]}, "properties": {"addr": "서구 눌재로 418", "cnt": 1}}, {"type": "Feature", "geometry": {"type": "Point", "coordinates": [126.837906, 35.119977]}, "properties": {"addr": "서구 세하동 93-2", "cnt": 1}}, {"type": "Feature", "geometry": {"type": "Point", "coordinates": [126.837906, 35.119977]}, "properties": {"addr": "서구 세하동 93-2", "cnt": 2}}, {"type": "Feature", "geometry": {"type": "Point", "coordinates": [126.821837, 35.110041]}, "properties": {"addr": "서구 서창둑길 18", "cnt": 1}}, {"type": "Feature", "geometry": {"type": "Point", "coordinates": [126.821837, 35.110041]}, "properties": {"addr": "서구 서창둑길 18", "cnt": 1}}, {"type": "Feature", "geometry": {"type": "Point", "coordinates": [126.834296, 35.120906]}, "properties": {"addr": "서구 세하동 281-16", "cnt": 1}}, {"type": "Feature", "geometry": {"type": "Point", "coordinates": [126.834296, 35.120906]}, "properties": {"addr": "서구 세하동 281-16", "cnt": 1}}, {"type": "Feature", "geometry": {"type": "Point", "coordinates": [126.870429, 35.125359]}, "properties": {"addr": "서구 풍암동 산92-8", "cnt": 1}}, {"type": "Feature", "geometry": {"type": "Point", "coordinates": [126.870429, 35.125359]}, "properties": {"addr": "서구 풍암동 산92-8", "cnt": 1}}, {"type": "Feature", "geometry": {"type": "Point", "coordinates": [126.906747, 35.100575]}, "properties": {"addr": "남구 노대마을1길 27", "cnt": 1}}, {"type": "Feature", "geometry": {"type": "Point", "coordinates": [126.906747, 35.100575]}, "properties": {"addr": "남구 노대마을1길 27", "cnt": 1}}, {"type": "Feature", "geometry": {"type": "Point", "coordinates": [126.906747, 35.100575]}, "properties": {"addr": "남구 노대마을1길 27", "cnt": 1}}, {"type": "Feature", "geometry": {"type": "Point", "coordinates": [126.912577, 35.146285]}, "properties": {"addr": "동구 불로동 200", "cnt": 1}}, {"type": "Feature", "geometry": {"type": "Point", "coordinates": [126.912577, 35.146285]}, "properties": {"addr": "동구 불로동 200", "cnt": 1}}, {"type": "Feature", "geometry": {"type": "Point", "coordinates": [126.910026, 35.114754]}, "properties": {"addr": "남구 진월동 산109-2", "cnt": 1}}, {"type": "Feature", "geometry": {"type": "Point", "coordinates": [126.910026, 35.114754]}, "properties": {"addr": "남구 진월동 산109-2", "cnt": 2}}, {"type": "Feature", "geometry": {"type": "Point", "coordinates": [126.894552, 35.115054]}, "properties": {"addr": "남구 진월동 424-8", "cnt": 1}}, {"type": "Feature", "geometry": {"type": "Point", "coordinates": [126.894552, 35.115054]}, "properties": {"addr": "남구 진월동 424-8", "cnt": 1}}, {"type": "Feature", "geometry": {"type": "Point", "coordinates": [126.944776, 35.159553]}, "properties": {"addr": "북구 무등로 689-7", "cnt": 1}}, {"type": "Feature", "geometry": {"type": "Point", "coordinates": [126.944776, 35.159553]}, "properties": {"addr": "북구 무등로 689-7", "cnt": 1}}, {"type": "Feature", "geometry": {"type": "Point", "coordinates": [126.9069, 35.17271]}, "properties": {"addr": "북구 용봉로 87", "cnt": 1}}, {"type": "Feature", "geometry": {"type": "Point", "coordinates": [126.9069, 35.17271]}, "properties": {"addr": "북구 용봉로 87", "cnt": 1}}, {"type": "Feature", "geometry": {"type": "Point", "coordinates": [126.931879, 35.205014]}, "properties": {"addr": "북구 장등동 산231-1", "cnt": 1}}, {"type": "Feature", "geometry": {"type": "Point", "coordinates": [126.931879, 35.205014]}, "properties": {"addr": "북구 장등동 산231-1", "cnt": 2}}, {"type": "Feature", "geometry": {"type": "Point", "coordinates": [126.901946, 35.224436]}, "properties": {"addr": "북구 생용동 59-1", "cnt": 1}}, {"type": "Feature", "geometry": {"type": "Point", "coordinates": [126.901946, 35.224436]}, "properties": {"addr": "북구 생용동 59-1", "cnt": 1}}, {"type": "Feature", "geometry": {"type": "Point", "coordinates": [126.901946, 35.224436]}, "properties": {"addr": "북구 생용동 59-1", "cnt": 1}}, {"type": "Feature", "geometry": {"type": "Point", "coordinates": [126.904409, 35.233232]}, "properties": {"addr": "북구 생용동 475-3", "cnt": 2}}, {"type": "Feature", "geometry": {"type": "Point", "coordinates": [126.904409, 35.233232]}, "properties": {"addr": "북구 생용동 475-3", "cnt": 1}}, {"type": "Feature", "geometry": {"type": "Point", "coordinates": [126.897949, 35.242281]}, "properties": {"addr": "북구 하서로 818", "cnt": 1}}, {"type": "Feature", "geometry": {"type": "Point", "coordinates": [126.897949, 35.242281]}, "properties": {"addr": "북구 하서로 818", "cnt": 3}}, {"type": "Feature", "geometry": {"type": "Point", "coordinates": [126.872261, 35.241757]}, "properties": {"addr": "북구 월출동 488-2", "cnt": 1}}, {"type": "Feature", "geometry": {"type": "Point", "coordinates": [126.872261, 35.241757]}, "properties": {"addr": "북구 월출동 488-2", "cnt": 1}}, {"type": "Feature", "geometry": {"type": "Point", "coordinates": [126.869964, 35.238562]}, "properties": {"addr": "북구 월출동 560-8", "cnt": 1}}, {"type": "Feature", "geometry": {"type": "Point", "coordinates": [126.869964, 35.238562]}, "properties": {"addr": "북구 월출동 560-8", "cnt": 2}}, {"type": "Feature", "geometry": {"type": "Point", "coordinates": [126.804881, 35.105851]}, "properties": {"addr": "광산구 극락둑길 349", "cnt": 1}}, {"type": "Feature", "geometry": {"type": "Point", "coordinates": [126.804881, 35.105851]}, "properties": {"addr": "광산구 극락둑길 349", "cnt": 1}}, {"type": "Feature", "geometry": {"type": "Point", "coordinates": [126.781726, 35.120943]}, "properties": {"addr": "광산구 복룡동 582-2", "cnt": 2}}, {"type": "Feature", "geometry": {"type": "Point", "coordinates": [126.781726, 35.120943]}, "properties": {"addr": "광산구 복룡동 582-2", "cnt": 1}}, {"type": "Feature", "geometry": {"type": "Point", "coordinates": [126.735299, 35.123739]}, "properties": {"addr": "광산구 용곡동 49-31", "cnt": 1}}, {"type": "Feature", "geometry": {"type": "Point", "coordinates": [126.735299, 35.123739]}, "properties": {"addr": "광산구 용곡동 49-31", "cnt": 1}}, {"type": "Feature", "geometry": {"type": "Point", "coordinates": [126.777235, 35.125644]}, "properties": {"addr": "광산구 월전동 47-2", "cnt": 1}}, {"type": "Feature", "geometry": {"type": "Point", "coordinates": [126.777235, 35.125644]}, "properties": {"addr": "광산구 월전동 47-2", "cnt": 1}}, {"type": "Feature", "geometry": {"type": "Point", "coordinates": [126.730045, 35.139599]}, "properties": {"addr": "광산구 지정동 60-1", "cnt": 1}}, {"type": "Feature", "geometry": {"type": "Point", "coordinates": [126.730045, 35.139599]}, "properties": {"addr": "광산구 지정동 60-1", "cnt": 1}}, {"type": "Feature", "geometry": {"type": "Point", "coordinates": [126.729173, 35.150896]}, "properties": {"addr": "광산구 지평동 266-1", "cnt": 1}}, {"type": "Feature", "geometry": {"type": "Point", "coordinates": [126.729173, 35.150896]}, "properties": {"addr": "광산구 지평동 266-1", "cnt": 1}}, {"type": "Feature", "geometry": {"type": "Point", "coordinates": [126.739534, 35.17325]}, "properties": {"addr": "광산구 송치동 31-1", "cnt": 1}}, {"type": "Feature", "geometry": {"type": "Point", "coordinates": [126.739534, 35.17325]}, "properties": {"addr": "광산구 송치동 31-1", "cnt": 1}}, {"type": "Feature", "geometry": {"type": "Point", "coordinates": [126.751336, 35.190879]}, "properties": {"addr": "광산구 산수동 22-1", "cnt": 2}}, {"type": "Feature", "geometry": {"type": "Point", "coordinates": [126.751336, 35.190879]}, "properties": {"addr": "광산구 산수동 22-1", "cnt": 1}}, {"type": "Feature", "geometry": {"type": "Point", "coordinates": [126.746551, 35.21855]}, "properties": {"addr": "광산구 임곡로 1", "cnt": 1}}, {"type": "Feature", "geometry": {"type": "Point", "coordinates": [126.746551, 35.21855]}, "properties": {"addr": "광산구 임곡로 1", "cnt": 2}}, {"type": "Feature", "geometry": {"type": "Point", "coordinates": [126.768884, 35.218904]}, "properties": {"addr": "광산구 두정동 124-1", "cnt": 1}}, {"type": "Feature", "geometry": {"type": "Point", "coordinates": [126.768884, 35.218904]}, "properties": {"addr": "광산구 두정동 124-1", "cnt": 1}}, {"type": "Feature", "geometry": {"type": "Point", "coordinates": [126.727808, 35.145594]}, "properties": {"addr": "광산구 지평동 310-19", "cnt": 2}}, {"type": "Feature", "geometry": {"type": "Point", "coordinates": [126.745299, 35.213786]}, "properties": {"addr": "광산구 임곡동 589-8", "cnt": 1}}, {"type": "Feature", "geometry": {"type": "Point", "coordinates": [126.745299, 35.213786]}, "properties": {"addr": "광산구 임곡동 589-8", "cnt": 3}}, {"type": "Feature", "geometry": {"type": "Point", "coordinates": [126.753376, 35.18409]}, "properties": {"addr": "광산구 박호동 278-4", "cnt": 1}}, {"type": "Feature", "geometry": {"type": "Point", "coordinates": [126.753376, 35.18409]}, "properties": {"addr": "광산구 박호동 278-4", "cnt": 1}}, {"type": "Feature", "geometry": {"type": "Point", "coordinates": [126.753376, 35.18409]}, "properties": {"addr": "광산구 박호동 278-4", "cnt": 1}}, {"type": "Feature", "geometry": {"type": "Point", "coordinates": [126.738106, 35.236141]}, "properties": {"addr": "광산구 광산동 548-20", "cnt": 1}}, {"type": "Feature", "geometry": {"type": "Point", "coordinates": [126.738106, 35.236141]}, "properties": {"addr": "광산구 광산동 548-20", "cnt": 1}}, {"type": "Feature", "geometry": {"type": "Point", "coordinates": [126.738106, 35.236141]}, "properties": {"addr": "광산구 광산동 548-20", "cnt": 1}}, {"type": "Feature", "geometry": {"type": "Point", "coordinates": [126.951176, 35.081084]}, "properties": {"addr": "동구 선교동 산189-3", "cnt": 1}}, {"type": "Feature", "geometry": {"type": "Point", "coordinates": [126.951176, 35.081084]}, "properties": {"addr": "동구 선교동 산189-3", "cnt": 1}}, {"type": "Feature", "geometry": {"type": "Point", "coordinates": [126.930802, 35.15388]}, "properties": {"addr": "동구 필문대로206번길 6-38", "cnt": 1}}, {"type": "Feature", "geometry": {"type": "Point", "coordinates": [126.930802, 35.15388]}, "properties": {"addr": "동구 필문대로206번길 6-38", "cnt": 2}}, {"type": "Feature", "geometry": {"type": "Point", "coordinates": [126.934247, 35.15607]}, "properties": {"addr": "동구 필문대로171번길 15", "cnt": 1}}, {"type": "Feature", "geometry": {"type": "Point", "coordinates": [126.934247, 35.15607]}, "properties": {"addr": "동구 필문대로171번길 15", "cnt": 2}}, {"type": "Feature", "geometry": {"type": "Point", "coordinates": [126.934247, 35.15607]}, "properties": {"addr": "동구 필문대로171번길 15", "cnt": 1}}, {"type": "Feature", "geometry": {"type": "Point", "coordinates": [126.887485, 35.149017]}, "properties": {"addr": "서구 대남대로 433", "cnt": 1}}, {"type": "Feature", "geometry": {"type": "Point", "coordinates": [126.887485, 35.149017]}, "properties": {"addr": "서구 대남대로 433", "cnt": 3}}, {"type": "Feature", "geometry": {"type": "Point", "coordinates": [126.868135, 35.133189]}, "properties": {"addr": "서구 풍암동 산165-1", "cnt": 1}}, {"type": "Feature", "geometry": {"type": "Point", "coordinates": [126.868135, 35.133189]}, "properties": {"addr": "서구 풍암동 산165-1", "cnt": 1}}, {"type": "Feature", "geometry": {"type": "Point", "coordinates": [126.900155, 35.155444]}, "properties": {"addr": "서구 천변좌로222번길 6-16", "cnt": 1}}, {"type": "Feature", "geometry": {"type": "Point", "coordinates": [126.900155, 35.155444]}, "properties": {"addr": "서구 천변좌로222번길 6-16", "cnt": 1}}, {"type": "Feature", "geometry": {"type": "Point", "coordinates": [126.892923, 35.151674]}, "properties": {"addr": "서구 경열로65번길 8", "cnt": 1}}, {"type": "Feature", "geometry": {"type": "Point", "coordinates": [126.892923, 35.151674]}, "properties": {"addr": "서구 경열로65번길 8", "cnt": 2}}, {"type": "Feature", "geometry": {"type": "Point", "coordinates": [126.912364, 35.131726]}, "properties": {"addr": "남구 대남대로117번길 27", "cnt": 2}}, {"type": "Feature", "geometry": {"type": "Point", "coordinates": [126.912364, 35.131726]}, "properties": {"addr": "남구 대남대로117번길 27", "cnt": 1}}, {"type": "Feature", "geometry": {"type": "Point", "coordinates": [126.857172, 35.16156]}, "properties": {"addr": "서구 상무민주로123번길 23-4", "cnt": 1}}, {"type": "Feature", "geometry": {"type": "Point", "coordinates": [126.857172, 35.16156]}, "properties": {"addr": "서구 상무민주로123번길 23-4", "cnt": 2}}, {"type": "Feature", "geometry": {"type": "Point", "coordinates": [126.894576, 35.118405]}, "properties": {"addr": "남구 서문대로663번길 38", "cnt": 1}}, {"type": "Feature", "geometry": {"type": "Point", "coordinates": [126.894576, 35.118405]}, "properties": {"addr": "남구 서문대로663번길 38", "cnt": 1}}, {"type": "Feature", "geometry": {"type": "Point", "coordinates": [126.894576, 35.118405]}, "properties": {"addr": "남구 서문대로663번길 38", "cnt": 1}}, {"type": "Feature", "geometry": {"type": "Point", "coordinates": [126.89473, 35.166837]}, "properties": {"addr": "북구 중흥로7번길 29", "cnt": 1}}, {"type": "Feature", "geometry": {"type": "Point", "coordinates": [126.89473, 35.166837]}, "properties": {"addr": "북구 중흥로7번길 29", "cnt": 2}}, {"type": "Feature", "geometry": {"type": "Point", "coordinates": [126.87291, 35.180715]}, "properties": {"addr": "북구 운암동 1031-4", "cnt": 1}}, {"type": "Feature", "geometry": {"type": "Point", "coordinates": [126.87291, 35.180715]}, "properties": {"addr": "북구 운암동 1031-4", "cnt": 1}}, {"type": "Feature", "geometry": {"type": "Point", "coordinates": [126.87291, 35.180715]}, "properties": {"addr": "북구 운암동 1031-4", "cnt": 1}}, {"type": "Feature", "geometry": {"type": "Point", "coordinates": [126.784822, 35.154318]}, "properties": {"addr": "광산구 어등대로563번길 29", "cnt": 1}}, {"type": "Feature", "geometry": {"type": "Point", "coordinates": [126.784822, 35.154318]}, "properties": {"addr": "광산구 어등대로563번길 29", "cnt": 1}}, {"type": "Feature", "geometry": {"type": "Point", "coordinates": [126.844985, 35.222015]}, "properties": {"addr": "광산구 첨단중앙로182번길 39", "cnt": 1}}, {"type": "Feature", "geometry": {"type": "Point", "coordinates": [126.844985, 35.222015]}, "properties": {"addr": "광산구 첨단중앙로182번길 39", "cnt": 2}}, {"type": "Feature", "geometry": {"type": "Point", "coordinates": [126.79154, 35.1379]}, "properties": {"addr": "광산구 상무대로205번길 6", "cnt": 1}}, {"type": "Feature", "geometry": {"type": "Point", "coordinates": [126.79154, 35.1379]}, "properties": {"addr": "광산구 상무대로205번길 6", "cnt": 2}}, {"type": "Feature", "geometry": {"type": "Point", "coordinates": [126.79409, 35.164735]}, "properties": {"addr": "광산구 산정동 190-18", "cnt": 1}}, {"type": "Feature", "geometry": {"type": "Point", "coordinates": [126.79409, 35.164735]}, "properties": {"addr": "광산구 산정동 190-18", "cnt": 1}}, {"type": "Feature", "geometry": {"type": "Point", "coordinates": [126.796818, 35.147901]}, "properties": {"addr": "광산구 송정공원로47번길 19", "cnt": 1}}, {"type": "Feature", "geometry": {"type": "Point", "coordinates": [126.796818, 35.147901]}, "properties": {"addr": "광산구 송정공원로47번길 19", "cnt": 1}}, {"type": "Feature", "geometry": {"type": "Point", "coordinates": [126.797863, 35.148659]}, "properties": {"addr": "광산구 송정공원로 60", "cnt": 1}}, {"type": "Feature", "geometry": {"type": "Point", "coordinates": [126.797863, 35.148659]}, "properties": {"addr": "광산구 송정공원로 60", "cnt": 2}}, {"type": "Feature", "geometry": {"type": "Point", "coordinates": [126.799535, 35.149956]}, "properties": {"addr": "광산구 송정공원로 8-28", "cnt": 1}}, {"type": "Feature", "geometry": {"type": "Point", "coordinates": [126.799535, 35.149956]}, "properties": {"addr": "광산구 송정공원로 8-28", "cnt": 1}}, {"type": "Feature", "geometry": {"type": "Point", "coordinates": [126.791379, 35.145621]}, "properties": {"addr": "광산구 어등대로665번길 11", "cnt": 1}}, {"type": "Feature", "geometry": {"type": "Point", "coordinates": [126.791379, 35.145621]}, "properties": {"addr": "광산구 어등대로665번길 11", "cnt": 3}}, {"type": "Feature", "geometry": {"type": "Point", "coordinates": [126.922126, 35.153359]}, "properties": {"addr": "동구 동계천로95번길 22-8", "cnt": 1}}, {"type": "Feature", "geometry": {"type": "Point", "coordinates": [126.922126, 35.153359]}, "properties": {"addr": "동구 동계천로95번길 22-8", "cnt": 1}}, {"type": "Feature", "geometry": {"type": "Point", "coordinates": [126.788293, 35.135894]}, "properties": {"addr": "광산구 평동로1119번길 25", "cnt": 1}}, {"type": "Feature", "geometry": {"type": "Point", "coordinates": [126.788293, 35.135894]}, "properties": {"addr": "광산구 평동로1119번길 25", "cnt": 2}}, {"type": "Feature", "geometry": {"type": "Point", "coordinates": [126.794967, 35.130336]}, "properties": {"addr": "광산구 도산동 828-16", "cnt": 1}}, {"type": "Feature", "geometry": {"type": "Point", "coordinates": [126.794967, 35.130336]}, "properties": {"addr": "광산구 도산동 828-16", "cnt": 1}}, {"type": "Feature", "geometry": {"type": "Point", "coordinates": [126.815522, 35.168988]}, "properties": {"addr": "광산구 월곡로71번길 11-26", "cnt": 1}}, {"type": "Feature", "geometry": {"type": "Point", "coordinates": [126.815522, 35.168988]}, "properties": {"addr": "광산구 월곡로71번길 11-26", "cnt": 3}}, {"type": "Feature", "geometry": {"type": "Point", "coordinates": [126.806265, 35.17192]}, "properties": {"addr": "광산구 산정공원로 48", "cnt": 1}}, {"type": "Feature", "geometry": {"type": "Point", "coordinates": [126.806265, 35.17192]}, "properties": {"addr": "광산구 산정공원로 48", "cnt": 3}}, {"type": "Feature", "geometry": {"type": "Point", "coordinates": [126.835361, 35.209025]}, "properties": {"addr": "광산구 첨단내촌로11번길 26", "cnt": 1}}, {"type": "Feature", "geometry": {"type": "Point", "coordinates": [126.835361, 35.209025]}, "properties": {"addr": "광산구 첨단내촌로11번길 26", "cnt": 2}}, {"type": "Feature", "geometry": {"type": "Point", "coordinates": [126.845016, 35.193838]}, "properties": {"addr": "광산구 장신로333번길 5", "cnt": 1}}, {"type": "Feature", "geometry": {"type": "Point", "coordinates": [126.845016, 35.193838]}, "properties": {"addr": "광산구 장신로333번길 5", "cnt": 1}}, {"type": "Feature", "geometry": {"type": "Point", "coordinates": [126.845016, 35.193838]}, "properties": {"addr": "광산구 장신로333번길 5", "cnt": 1}}, {"type": "Feature", "geometry": {"type": "Point", "coordinates": [126.818401, 35.194868]}, "properties": {"addr": "광산구 장덕동 1127", "cnt": 1}}, {"type": "Feature", "geometry": {"type": "Point", "coordinates": [126.818401, 35.194868]}, "properties": {"addr": "광산구 장덕동 1127", "cnt": 1}}, {"type": "Feature", "geometry": {"type": "Point", "coordinates": [126.837791, 35.167645]}, "properties": {"addr": "서구 유덕로 159", "cnt": 1}}, {"type": "Feature", "geometry": {"type": "Point", "coordinates": [126.837791, 35.167645]}, "properties": {"addr": "서구 유덕로 159", "cnt": 1}}, {"type": "Feature", "geometry": {"type": "Point", "coordinates": [126.856298, 35.164986]}, "properties": {"addr": "서구 상무버들로53번길 45", "cnt": 1}}, {"type": "Feature", "geometry": {"type": "Point", "coordinates": [126.856298, 35.164986]}, "properties": {"addr": "서구 상무버들로53번길 45", "cnt": 1}}, {"type": "Feature", "geometry": {"type": "Point", "coordinates": [126.860919, 35.166935]}, "properties": {"addr": "서구 칠성로35번길 6-5", "cnt": 2}}, {"type": "Feature", "geometry": {"type": "Point", "coordinates": [126.860919, 35.166935]}, "properties": {"addr": "서구 칠성로35번길 6-5", "cnt": 1}}, {"type": "Feature", "geometry": {"type": "Point", "coordinates": [126.863194, 35.16605]}, "properties": {"addr": "서구 칠성로52번길 4", "cnt": 1}}, {"type": "Feature", "geometry": {"type": "Point", "coordinates": [126.863194, 35.16605]}, "properties": {"addr": "서구 칠성로52번길 4", "cnt": 3}}, {"type": "Feature", "geometry": {"type": "Point", "coordinates": [126.86328, 35.164126]}, "properties": {"addr": "서구 상무버들로16번길 6-10", "cnt": 1}}, {"type": "Feature", "geometry": {"type": "Point", "coordinates": [126.86328, 35.164126]}, "properties": {"addr": "서구 상무버들로16번길 6-10", "cnt": 1}}, {"type": "Feature", "geometry": {"type": "Point", "coordinates": [126.913484, 35.174572]}, "properties": {"addr": "북구 호동로 6", "cnt": 1}}, {"type": "Feature", "geometry": {"type": "Point", "coordinates": [126.913484, 35.174572]}, "properties": {"addr": "북구 호동로 6", "cnt": 2}}, {"type": "Feature", "geometry": {"type": "Point", "coordinates": [126.916868, 35.178598]}, "properties": {"addr": "북구 호동로75번길 20", "cnt": 1}}, {"type": "Feature", "geometry": {"type": "Point", "coordinates": [126.916868, 35.178598]}, "properties": {"addr": "북구 호동로75번길 20", "cnt": 3}}, {"type": "Feature", "geometry": {"type": "Point", "coordinates": [126.910187, 35.171973]}, "properties": {"addr": "북구 용봉로126번길 17-1", "cnt": 1}}, {"type": "Feature", "geometry": {"type": "Point", "coordinates": [126.910187, 35.171973]}, "properties": {"addr": "북구 용봉로126번길 17-1", "cnt": 3}}, {"type": "Feature", "geometry": {"type": "Point", "coordinates": [126.886887, 35.17541]}, "properties": {"addr": "북구 금호로 74", "cnt": 1}}, {"type": "Feature", "geometry": {"type": "Point", "coordinates": [126.886887, 35.17541]}, "properties": {"addr": "북구 금호로 74", "cnt": 1}}, {"type": "Feature", "geometry": {"type": "Point", "coordinates": [126.870852, 35.176618]}, "properties": {"addr": "북구 서강로 55", "cnt": 1}}, {"type": "Feature", "geometry": {"type": "Point", "coordinates": [126.870852, 35.176618]}, "properties": {"addr": "북구 서강로 55", "cnt": 2}}, {"type": "Feature", "geometry": {"type": "Point", "coordinates": [126.932745, 35.167708]}, "properties": {"addr": "북구 군왕로 74", "cnt": 1}}, {"type": "Feature", "geometry": {"type": "Point", "coordinates": [126.932745, 35.167708]}, "properties": {"addr": "북구 군왕로 74", "cnt": 3}}, {"type": "Feature", "geometry": {"type": "Point", "coordinates": [126.925037, 35.171721]}, "properties": {"addr": "북구 서방로107번길 29", "cnt": 1}}, {"type": "Feature", "geometry": {"type": "Point", "coordinates": [126.925037, 35.171721]}, "properties": {"addr": "북구 서방로107번길 29", "cnt": 1}}, {"type": "Feature", "geometry": {"type": "Point", "coordinates": [126.887988, 35.180623]}, "properties": {"addr": "북구 비엔날레로93번길 32", "cnt": 1}}, {"type": "Feature", "geometry": {"type": "Point", "coordinates": [126.887988, 35.180623]}, "properties": {"addr": "북구 비엔날레로93번길 32", "cnt": 3}}, {"type": "Feature", "geometry": {"type": "Point", "coordinates": [126.897572, 35.17521]}, "properties": {"addr": "북구 설죽로148번길 63", "cnt": 1}}, {"type": "Feature", "geometry": {"type": "Point", "coordinates": [126.897572, 35.17521]}, "properties": {"addr": "북구 설죽로148번길 63", "cnt": 2}}, {"type": "Feature", "geometry": {"type": "Point", "coordinates": [126.889948, 35.207262]}, "properties": {"addr": "북구 일곡마을로 121", "cnt": 1}}, {"type": "Feature", "geometry": {"type": "Point", "coordinates": [126.889948, 35.207262]}, "properties": {"addr": "북구 일곡마을로 121", "cnt": 3}}, {"type": "Feature", "geometry": {"type": "Point", "coordinates": [126.912221, 35.188595]}, "properties": {"addr": "북구 신촌로 16", "cnt": 1}}, {"type": "Feature", "geometry": {"type": "Point", "coordinates": [126.912221, 35.188595]}, "properties": {"addr": "북구 신촌로 16", "cnt": 3}}, {"type": "Feature", "geometry": {"type": "Point", "coordinates": [126.914213, 35.163422]}, "properties": {"addr": "북구 무등로 281-4", "cnt": 1}}, {"type": "Feature", "geometry": {"type": "Point", "coordinates": [126.914213, 35.163422]}, "properties": {"addr": "북구 무등로 281-4", "cnt": 2}}, {"type": "Feature", "geometry": {"type": "Point", "coordinates": [126.88467, 35.15383]}, "properties": {"addr": "서구 농성동 481-32", "cnt": 1}}, {"type": "Feature", "geometry": {"type": "Point", "coordinates": [126.88467, 35.15383]}, "properties": {"addr": "서구 농성동 481-32", "cnt": 1}}, {"type": "Feature", "geometry": {"type": "Point", "coordinates": [126.88467, 35.15383]}, "properties": {"addr": "서구 농성동 481-32", "cnt": 1}}, {"type": "Feature", "geometry": {"type": "Point", "coordinates": [126.8812, 35.21249]}, "properties": {"addr": "북구 양산택지로 74", "cnt": 1}}, {"type": "Feature", "geometry": {"type": "Point", "coordinates": [126.8812, 35.21249]}, "properties": {"addr": "북구 양산택지로 74", "cnt": 2}}, {"type": "Feature", "geometry": {"type": "Point", "coordinates": [126.870554, 35.195949]}, "properties": {"addr": "북구 양일로 52-1", "cnt": 1}}, {"type": "Feature", "geometry": {"type": "Point", "coordinates": [126.870554, 35.195949]}, "properties": {"addr": "북구 양일로 52-1", "cnt": 2}}, {"type": "Feature", "geometry": {"type": "Point", "coordinates": [126.895366, 35.165553]}, "properties": {"addr": "북구 중흥로 5", "cnt": 1}}, {"type": "Feature", "geometry": {"type": "Point", "coordinates": [126.895366, 35.165553]}, "properties": {"addr": "북구 중흥로 5", "cnt": 2}}, {"type": "Feature", "geometry": {"type": "Point", "coordinates": [126.896867, 35.164335]}, "properties": {"addr": "북구 자동차로47번길 83", "cnt": 1}}, {"type": "Feature", "geometry": {"type": "Point", "coordinates": [126.896867, 35.164335]}, "properties": {"addr": "북구 자동차로47번길 83", "cnt": 1}}, {"type": "Feature", "geometry": {"type": "Point", "coordinates": [126.931467, 35.166411]}, "properties": {"addr": "북구 군왕로51번길 9", "cnt": 2}}, {"type": "Feature", "geometry": {"type": "Point", "coordinates": [126.892451, 35.229523]}, "properties": {"addr": "북구 지야동 809-10", "cnt": 1}}, {"type": "Feature", "geometry": {"type": "Point", "coordinates": [126.892451, 35.229523]}, "properties": {"addr": "북구 지야동 809-10", "cnt": 3}}, {"type": "Feature", "geometry": {"type": "Point", "coordinates": [126.934345, 35.175942]}, "properties": {"addr": "북구 참판로 204-1", "cnt": 1}}, {"type": "Feature", "geometry": {"type": "Point", "coordinates": [126.934345, 35.175942]}, "properties": {"addr": "북구 참판로 204-1", "cnt": 3}}, {"type": "Feature", "geometry": {"type": "Point", "coordinates": [126.891336, 35.167493]}, "properties": {"addr": "북구 서림로 25", "cnt": 1}}, {"type": "Feature", "geometry": {"type": "Point", "coordinates": [126.891336, 35.167493]}, "properties": {"addr": "북구 서림로 25", "cnt": 3}}, {"type": "Feature", "geometry": {"type": "Point", "coordinates": [126.898536, 35.169384]}, "properties": {"addr": "북구 서암대로132번길 13", "cnt": 1}}, {"type": "Feature", "geometry": {"type": "Point", "coordinates": [126.898536, 35.169384]}, "properties": {"addr": "북구 서암대로132번길 13", "cnt": 3}}, {"type": "Feature", "geometry": {"type": "Point", "coordinates": [126.907062, 35.168792]}, "properties": {"addr": "북구 신흥로 8", "cnt": 2}}, {"type": "Feature", "geometry": {"type": "Point", "coordinates": [126.907062, 35.168792]}, "properties": {"addr": "북구 신흥로 8", "cnt": 1}}, {"type": "Feature", "geometry": {"type": "Point", "coordinates": [126.915685, 35.166881]}, "properties": {"addr": "북구 서암대로289번길 21", "cnt": 1}}, {"type": "Feature", "geometry": {"type": "Point", "coordinates": [126.915685, 35.166881]}, "properties": {"addr": "북구 서암대로289번길 21", "cnt": 2}}, {"type": "Feature", "geometry": {"type": "Point", "coordinates": [126.906758, 35.158309]}, "properties": {"addr": "북구 경열로 216", "cnt": 1}}, {"type": "Feature", "geometry": {"type": "Point", "coordinates": [126.906758, 35.158309]}, "properties": {"addr": "북구 경열로 216", "cnt": 2}}, {"type": "Feature", "geometry": {"type": "Point", "coordinates": [126.925359, 35.186326]}, "properties": {"addr": "북구 문산로62번길 11", "cnt": 1}}, {"type": "Feature", "geometry": {"type": "Point", "coordinates": [126.925359, 35.186326]}, "properties": {"addr": "북구 문산로62번길 11", "cnt": 2}}, {"type": "Feature", "geometry": {"type": "Point", "coordinates": [126.923365, 35.173765]}, "properties": {"addr": "북구 동문대로111번길 37", "cnt": 1}}, {"type": "Feature", "geometry": {"type": "Point", "coordinates": [126.923365, 35.173765]}, "properties": {"addr": "북구 동문대로111번길 37", "cnt": 2}}, {"type": "Feature", "geometry": {"type": "Point", "coordinates": [126.922313, 35.176001]}, "properties": {"addr": "북구 서방로73번길 92", "cnt": 1}}, {"type": "Feature", "geometry": {"type": "Point", "coordinates": [126.922313, 35.176001]}, "properties": {"addr": "북구 서방로73번길 92", "cnt": 2}}, {"type": "Feature", "geometry": {"type": "Point", "coordinates": [126.937016, 35.171269]}, "properties": {"addr": "북구 삼정소로길 30", "cnt": 1}}, {"type": "Feature", "geometry": {"type": "Point", "coordinates": [126.937016, 35.171269]}, "properties": {"addr": "북구 삼정소로길 30", "cnt": 1}}, {"type": "Feature", "geometry": {"type": "Point", "coordinates": [126.922442, 35.165933]}, "properties": {"addr": "북구 풍동길 26-2", "cnt": 1}}, {"type": "Feature", "geometry": {"type": "Point", "coordinates": [126.922442, 35.165933]}, "properties": {"addr": "북구 풍동길 26-2", "cnt": 3}}, {"type": "Feature", "geometry": {"type": "Point", "coordinates": [126.940283, 35.179166]}, "properties": {"addr": "북구 각화대로 93", "cnt": 1}}, {"type": "Feature", "geometry": {"type": "Point", "coordinates": [126.940283, 35.179166]}, "properties": {"addr": "북구 각화대로 93", "cnt": 2}}, {"type": "Feature", "geometry": {"type": "Point", "coordinates": [126.917564, 35.188036]}, "properties": {"addr": "북구 능안로30번길 6", "cnt": 1}}, {"type": "Feature", "geometry": {"type": "Point", "coordinates": [126.917564, 35.188036]}, "properties": {"addr": "북구 능안로30번길 6", "cnt": 2}}, {"type": "Feature", "geometry": {"type": "Point", "coordinates": [126.916986, 35.182246]}, "properties": {"addr": "북구 면앙로31번길 10", "cnt": 1}}, {"type": "Feature", "geometry": {"type": "Point", "coordinates": [126.916986, 35.182246]}, "properties": {"addr": "북구 면앙로31번길 10", "cnt": 2}}, {"type": "Feature", "geometry": {"type": "Point", "coordinates": [126.933221, 35.214486]}, "properties": {"addr": "북구 장등동 240-1", "cnt": 1}}, {"type": "Feature", "geometry": {"type": "Point", "coordinates": [126.933221, 35.214486]}, "properties": {"addr": "북구 장등동 240-1", "cnt": 3}}, {"type": "Feature", "geometry": {"type": "Point", "coordinates": [126.904186, 35.180653]}, "properties": {"addr": "북구 용주로30번길 64", "cnt": 1}}, {"type": "Feature", "geometry": {"type": "Point", "coordinates": [126.904186, 35.180653]}, "properties": {"addr": "북구 용주로30번길 64", "cnt": 2}}, {"type": "Feature", "geometry": {"type": "Point", "coordinates": [126.940806, 35.183963]}, "properties": {"addr": "북구 각화동 46-1", "cnt": 1}}, {"type": "Feature", "geometry": {"type": "Point", "coordinates": [126.940806, 35.183963]}, "properties": {"addr": "북구 각화동 46-1", "cnt": 2}}, {"type": "Feature", "geometry": {"type": "Point", "coordinates": [126.899945, 35.164715]}, "properties": {"addr": "북구 중흥로 52", "cnt": 2}}, {"type": "Feature", "geometry": {"type": "Point", "coordinates": [126.899945, 35.164715]}, "properties": {"addr": "북구 중흥로 52", "cnt": 2}}, {"type": "Feature", "geometry": {"type": "Point", "coordinates": [126.926976, 35.153705]}, "properties": {"addr": "동구 동명로67번길 22-44", "cnt": 1}}, {"type": "Feature", "geometry": {"type": "Point", "coordinates": [126.926976, 35.153705]}, "properties": {"addr": "동구 동명로67번길 22-44", "cnt": 2}}, {"type": "Feature", "geometry": {"type": "Point", "coordinates": [126.926976, 35.153705]}, "properties": {"addr": "동구 동명로67번길 22-44", "cnt": 1}}, {"type": "Feature", "geometry": {"type": "Point", "coordinates": [126.927101, 35.153211]}, "properties": {"addr": "동구 산수동 358-21", "cnt": 1}}, {"type": "Feature", "geometry": {"type": "Point", "coordinates": [126.927101, 35.153211]}, "properties": {"addr": "동구 산수동 358-21", "cnt": 2}}, {"type": "Feature", "geometry": {"type": "Point", "coordinates": [126.793313, 35.180501]}, "properties": {"addr": "광산구 장수동 664-7", "cnt": 6}}, {"type": "Feature", "geometry": {"type": "Point", "coordinates": [126.79064, 35.181682]}, "properties": {"addr": "동구 경양로321번길 24", "cnt": 1}}, {"type": "Feature", "geometry": {"type": "Point", "coordinates": [126.79064, 35.181682]}, "properties": {"addr": "동구 경양로321번길 24", "cnt": 2}}, {"type": "Feature", "geometry": {"type": "Point", "coordinates": [126.931979, 35.158404]}, "properties": {"addr": "동구 필문대로145번길 1-22", "cnt": 1}}, {"type": "Feature", "geometry": {"type": "Point", "coordinates": [126.931979, 35.158404]}, "properties": {"addr": "동구 필문대로145번길 1-22", "cnt": 2}}, {"type": "Feature", "geometry": {"type": "Point", "coordinates": [126.935996, 35.159606]}, "properties": {"addr": "동구 밤실로136번길 4-1", "cnt": 1}}, {"type": "Feature", "geometry": {"type": "Point", "coordinates": [126.935996, 35.159606]}, "properties": {"addr": "동구 밤실로136번길 4-1", "cnt": 2}}, {"type": "Feature", "geometry": {"type": "Point", "coordinates": [126.935501, 35.153526]}, "properties": {"addr": "동구 필문대로191번길 37-3", "cnt": 1}}, {"type": "Feature", "geometry": {"type": "Point", "coordinates": [126.935501, 35.153526]}, "properties": {"addr": "동구 필문대로191번길 37-3", "cnt": 1}}, {"type": "Feature", "geometry": {"type": "Point", "coordinates": [126.935501, 35.153526]}, "properties": {"addr": "동구 필문대로191번길 37-3", "cnt": 2}}, {"type": "Feature", "geometry": {"type": "Point", "coordinates": [126.919045, 35.149586]}, "properties": {"addr": "동구 예술길 25-1", "cnt": 1}}, {"type": "Feature", "geometry": {"type": "Point", "coordinates": [126.919045, 35.149586]}, "properties": {"addr": "동구 예술길 25-1", "cnt": 2}}, {"type": "Feature", "geometry": {"type": "Point", "coordinates": [126.80438, 35.17172]}, "properties": {"addr": "광산구 산정로 58", "cnt": 2}}, {"type": "Feature", "geometry": {"type": "Point", "coordinates": [126.831221, 35.185279]}, "properties": {"addr": "광산구 수등로 205", "cnt": 2}}, {"type": "Feature", "geometry": {"type": "Point", "coordinates": [126.789706, 35.210001]}, "properties": {"addr": "광산구 진곡동 238-3", "cnt": 2}}, {"type": "Feature", "geometry": {"type": "Point", "coordinates": [126.837905, 35.180394]}, "properties": {"addr": "광산구 목련로382번길 114-1", "cnt": 2}}, {"type": "Feature", "geometry": {"type": "Point", "coordinates": [126.837905, 35.180394]}, "properties": {"addr": "광산구 목련로382번길 114-1", "cnt": 1}}, {"type": "Feature", "geometry": {"type": "Point", "coordinates": [126.814429, 35.170155]}, "properties": {"addr": "광산구 월곡로39번길 32-16", "cnt": 2}}, {"type": "Feature", "geometry": {"type": "Point", "coordinates": [126.807682, 35.174684]}, "properties": {"addr": "광산구 산정공원로82번길 12", "cnt": 2}}, {"type": "Feature", "geometry": {"type": "Point", "coordinates": [126.807682, 35.174684]}, "properties": {"addr": "광산구 산정공원로82번길 12", "cnt": 1}}, {"type": "Feature", "geometry": {"type": "Point", "coordinates": [126.795669, 35.134992]}, "properties": {"addr": "광산구 송정로52번길 10-8", "cnt": 2}}, {"type": "Feature", "geometry": {"type": "Point", "coordinates": [126.783848, 35.129365]}, "properties": {"addr": "광산구 도산동 1225-27", "cnt": 2}}, {"type": "Feature", "geometry": {"type": "Point", "coordinates": [126.783848, 35.129365]}, "properties": {"addr": "광산구 도산동 1225-27", "cnt": 1}}, {"type": "Feature", "geometry": {"type": "Point", "coordinates": [126.781847, 35.120427]}, "properties": {"addr": "광산구 복룡동 566", "cnt": 1}}, {"type": "Feature", "geometry": {"type": "Point", "coordinates": [126.781847, 35.120427]}, "properties": {"addr": "광산구 복룡동 566", "cnt": 1}}, {"type": "Feature", "geometry": {"type": "Point", "coordinates": [126.683842, 35.198773]}, "properties": {"addr": "광산구 본량신평길 112-2", "cnt": 2}}, {"type": "Feature", "geometry": {"type": "Point", "coordinates": [126.825743, 35.212751]}, "properties": {"addr": "광산구 도천동 122-6", "cnt": 2}}, {"type": "Feature", "geometry": {"type": "Point", "coordinates": [126.835963, 35.221299]}, "properties": {"addr": "광산구 첨단중앙로181번길 42-5", "cnt": 2}}, {"type": "Feature", "geometry": {"type": "Point", "coordinates": [126.798527, 35.14251]}, "properties": {"addr": "광산구 광산로77번길 35", "cnt": 2}}, {"type": "Feature", "geometry": {"type": "Point", "coordinates": [126.798527, 35.14251]}, "properties": {"addr": "광산구 광산로77번길 35", "cnt": 1}}, {"type": "Feature", "geometry": {"type": "Point", "coordinates": [126.799922, 35.139384]}, "properties": {"addr": "광산구 광산로68번길 41", "cnt": 2}}, {"type": "Feature", "geometry": {"type": "Point", "coordinates": [126.830361, 35.188595]}, "properties": {"addr": "광산구 수완동 1706", "cnt": 2}}, {"type": "Feature", "geometry": {"type": "Point", "coordinates": [126.838509, 35.179685]}, "properties": {"addr": "광산구 풍영정길 29", "cnt": 2}}, {"type": "Feature", "geometry": {"type": "Point", "coordinates": [126.838509, 35.179685]}, "properties": {"addr": "광산구 풍영정길 29", "cnt": 1}}, {"type": "Feature", "geometry": {"type": "Point", "coordinates": [126.850313, 35.19483]}, "properties": {"addr": "광산구 신창동 557-13", "cnt": 2}}, {"type": "Feature", "geometry": {"type": "Point", "coordinates": [126.850313, 35.19483]}, "properties": {"addr": "광산구 신창동 557-13", "cnt": 1}}, {"type": "Feature", "geometry": {"type": "Point", "coordinates": [126.801242, 35.144888]}, "properties": {"addr": "광산구 신흥동길 25", "cnt": 2}}, {"type": "Feature", "geometry": {"type": "Point", "coordinates": [126.801242, 35.144888]}, "properties": {"addr": "광산구 신흥동길 25", "cnt": 1}}, {"type": "Feature", "geometry": {"type": "Point", "coordinates": [126.773415, 35.154013]}, "properties": {"addr": "광산구 어등대로459번길 69", "cnt": 2}}, {"type": "Feature", "geometry": {"type": "Point", "coordinates": [126.810437, 35.153515]}, "properties": {"addr": "광산구 우산로96번길 66", "cnt": 2}}, {"type": "Feature", "geometry": {"type": "Point", "coordinates": [126.810437, 35.153515]}, "properties": {"addr": "광산구 우산로96번길 66", "cnt": 1}}, {"type": "Feature", "geometry": {"type": "Point", "coordinates": [126.809704, 35.166521]}, "properties": {"addr": "광산구 월곡중앙로1번길 10", "cnt": 2}}, {"type": "Feature", "geometry": {"type": "Point", "coordinates": [126.8759, 35.17472]}, "properties": {"addr": "북구 황계로 34", "cnt": 2}}, {"type": "Feature", "geometry": {"type": "Point", "coordinates": [126.8759, 35.17472]}, "properties": {"addr": "북구 황계로 34", "cnt": 1}}, {"type": "Feature", "geometry": {"type": "Point", "coordinates": [126.766861, 35.198548]}, "properties": {"addr": "광산구 산막동 303-15", "cnt": 2}}, {"type": "Feature", "geometry": {"type": "Point", "coordinates": [126.840263, 35.218171]}, "properties": {"addr": "광산구 첨단중앙로 153", "cnt": 1}}, {"type": "Feature", "geometry": {"type": "Point", "coordinates": [126.840263, 35.218171]}, "properties": {"addr": "광산구 첨단중앙로 153", "cnt": 1}}, {"type": "Feature", "geometry": {"type": "Point", "coordinates": [126.84541, 35.210166]}, "properties": {"addr": "광산구 산월로 81", "cnt": 2}}, {"type": "Feature", "geometry": {"type": "Point", "coordinates": [126.84541, 35.210166]}, "properties": {"addr": "광산구 산월로 81", "cnt": 1}}, {"type": "Feature", "geometry": {"type": "Point", "coordinates": [126.777173, 35.120673]}, "properties": {"addr": "광산구 월전로 11", "cnt": 2}}, {"type": "Feature", "geometry": {"type": "Point", "coordinates": [126.797018, 35.17581]}, "properties": {"addr": "광산구 하남동 641", "cnt": 2}}, {"type": "Feature", "geometry": {"type": "Point", "coordinates": [126.797018, 35.17581]}, "properties": {"addr": "광산구 하남동 641", "cnt": 1}}, {"type": "Feature", "geometry": {"type": "Point", "coordinates": [126.809278, 35.167741]}, "properties": {"addr": "광산구 월곡중앙로13번길 28", "cnt": 2}}, {"type": "Feature", "geometry": {"type": "Point", "coordinates": [126.838166, 35.215479]}, "properties": {"addr": "광산구 월계로 117-22", "cnt": 2}}, {"type": "Feature", "geometry": {"type": "Point", "coordinates": [126.801523, 35.17271]}, "properties": {"addr": "광산구 산정동 1061", "cnt": 2}}, {"type": "Feature", "geometry": {"type": "Point", "coordinates": [126.849083, 35.1897]}, "properties": {"addr": "광산구 신창동 337-2", "cnt": 1}}, {"type": "Feature", "geometry": {"type": "Point", "coordinates": [126.849083, 35.1897]}, "properties": {"addr": "광산구 신창동 337-2", "cnt": 1}}, {"type": "Feature", "geometry": {"type": "Point", "coordinates": [126.827602, 35.221434]}, "properties": {"addr": "광산구 비아동원촌길 57-2", "cnt": 1}}, {"type": "Feature", "geometry": {"type": "Point", "coordinates": [126.827602, 35.221434]}, "properties": {"addr": "광산구 비아동원촌길 57-2", "cnt": 1}}, {"type": "Feature", "geometry": {"type": "Point", "coordinates": [126.827602, 35.221434]}, "properties": {"addr": "광산구 비아동원촌길 57-2", "cnt": 1}}, {"type": "Feature", "geometry": {"type": "Point", "coordinates": [126.84006, 35.209294]}, "properties": {"addr": "광산구 산월로 25-10", "cnt": 1}}, {"type": "Feature", "geometry": {"type": "Point", "coordinates": [126.84006, 35.209294]}, "properties": {"addr": "광산구 산월로 25-10", "cnt": 1}}, {"type": "Feature", "geometry": {"type": "Point", "coordinates": [126.824017, 35.222209]}, "properties": {"addr": "광산구 비아중앙로31번길 8-3", "cnt": 2}}, {"type": "Feature", "geometry": {"type": "Point", "coordinates": [126.824017, 35.222209]}, "properties": {"addr": "광산구 비아중앙로31번길 8-3", "cnt": 1}}, {"type": "Feature", "geometry": {"type": "Point", "coordinates": [126.830452, 35.190441]}, "properties": {"addr": "광산구 수완로52번길 30-1", "cnt": 1}}, {"type": "Feature", "geometry": {"type": "Point", "coordinates": [126.830452, 35.190441]}, "properties": {"addr": "광산구 수완로52번길 30-1", "cnt": 2}}, {"type": "Feature", "geometry": {"type": "Point", "coordinates": [126.903352, 35.148673]}, "properties": {"addr": "남구 구성로76번길 6", "cnt": 1}}, {"type": "Feature", "geometry": {"type": "Point", "coordinates": [126.902813, 35.148852]}, "properties": {"addr": "남구 구성로76번길 2-9", "cnt": 1}}, {"type": "Feature", "geometry": {"type": "Point", "coordinates": [126.903108, 35.147104]}, "properties": {"addr": "남구 구성로78번길 22", "cnt": 1}}, {"type": "Feature", "geometry": {"type": "Point", "coordinates": [126.903108, 35.147104]}, "properties": {"addr": "남구 구성로78번길 22", "cnt": 2}}, {"type": "Feature", "geometry": {"type": "Point", "coordinates": [126.903108, 35.147104]}, "properties": {"addr": "남구 구성로78번길 22", "cnt": 1}}, {"type": "Feature", "geometry": {"type": "Point", "coordinates": [126.901492, 35.14731]}, "properties": {"addr": "남구 덕림길 18", "cnt": 3}}, {"type": "Feature", "geometry": {"type": "Point", "coordinates": [126.901492, 35.14731]}, "properties": {"addr": "남구 덕림길 18", "cnt": 1}}, {"type": "Feature", "geometry": {"type": "Point", "coordinates": [126.899363, 35.144413]}, "properties": {"addr": "남구 중앙로6번길 7", "cnt": 2}}, {"type": "Feature", "geometry": {"type": "Point", "coordinates": [126.899363, 35.144413]}, "properties": {"addr": "남구 중앙로6번길 7", "cnt": 1}}, {"type": "Feature", "geometry": {"type": "Point", "coordinates": [126.900269, 35.146988]}, "properties": {"addr": "남구 월산동 210-4", "cnt": 2}}, {"type": "Feature", "geometry": {"type": "Point", "coordinates": [126.897491, 35.144665]}, "properties": {"addr": "남구 월산로77번길 8", "cnt": 2}}, {"type": "Feature", "geometry": {"type": "Point", "coordinates": [126.902359, 35.149536]}, "properties": {"addr": "남구 구성로68번길 5", "cnt": 1}}, {"type": "Feature", "geometry": {"type": "Point", "coordinates": [126.902359, 35.149536]}, "properties": {"addr": "남구 구성로68번길 5", "cnt": 1}}, {"type": "Feature", "geometry": {"type": "Point", "coordinates": [126.907685, 35.132798]}, "properties": {"addr": "남구 대남대로159번길 7", "cnt": 2}}, {"type": "Feature", "geometry": {"type": "Point", "coordinates": [126.905524, 35.0987]}, "properties": {"addr": "남구 효덕로 128", "cnt": 2}}, {"type": "Feature", "geometry": {"type": "Point", "coordinates": [126.905524, 35.0987]}, "properties": {"addr": "남구 효덕로 128", "cnt": 1}}, {"type": "Feature", "geometry": {"type": "Point", "coordinates": [126.908776, 35.104442]}, "properties": {"addr": "남구 노대동 837-3", "cnt": 1}}, {"type": "Feature", "geometry": {"type": "Point", "coordinates": [126.908776, 35.104442]}, "properties": {"addr": "남구 노대동 837-3", "cnt": 1}}, {"type": "Feature", "geometry": {"type": "Point", "coordinates": [126.91413, 35.12352]}, "properties": {"addr": "남구 봉선동 129-13", "cnt": 2}}, {"type": "Feature", "geometry": {"type": "Point", "coordinates": [126.911457, 35.125181]}, "properties": {"addr": "남구 봉선동 산104-13", "cnt": 2}}, {"type": "Feature", "geometry": {"type": "Point", "coordinates": [126.908656, 35.142589]}, "properties": {"addr": "남구 제중로 116", "cnt": 2}}, {"type": "Feature", "geometry": {"type": "Point", "coordinates": [126.919466, 35.128521]}, "properties": {"addr": "남구 용대로140번길 10", "cnt": 2}}, {"type": "Feature", "geometry": {"type": "Point", "coordinates": [126.896819, 35.141602]}, "properties": {"addr": "남구 수박등로18번길 10-8", "cnt": 2}}, {"type": "Feature", "geometry": {"type": "Point", "coordinates": [126.934387, 35.127733]}, "properties": {"addr": "동구 학소로86번길 3-2", "cnt": 2}}, {"type": "Feature", "geometry": {"type": "Point", "coordinates": [126.819133, 35.09871]}, "properties": {"addr": "서구 용두길 38", "cnt": 2}}, {"type": "Feature", "geometry": {"type": "Point", "coordinates": [126.919319, 35.157109]}, "properties": {"addr": "동구 구성로 262-9", "cnt": 2}}, {"type": "Feature", "geometry": {"type": "Point", "coordinates": [126.919319, 35.157109]}, "properties": {"addr": "동구 구성로 262-9", "cnt": 1}}, {"type": "Feature", "geometry": {"type": "Point", "coordinates": [126.915862, 35.152549]}, "properties": {"addr": "동구 구성로194번길 15-21", "cnt": 2}}, {"type": "Feature", "geometry": {"type": "Point", "coordinates": [126.915862, 35.152549]}, "properties": {"addr": "동구 구성로194번길 15-21", "cnt": 2}}, {"type": "Feature", "geometry": {"type": "Point", "coordinates": [126.873689, 35.178027]}, "properties": {"addr": "북구 대자실로 14", "cnt": 2}}, {"type": "Feature", "geometry": {"type": "Point", "coordinates": [126.873689, 35.178027]}, "properties": {"addr": "북구 대자실로 14", "cnt": 1}}, {"type": "Feature", "geometry": {"type": "Point", "coordinates": [126.898859, 35.195902]}, "properties": {"addr": "북구 설죽로389번길 69", "cnt": 2}}, {"type": "Feature", "geometry": {"type": "Point", "coordinates": [126.898859, 35.195902]}, "properties": {"addr": "북구 설죽로389번길 69", "cnt": 1}}, {"type": "Feature", "geometry": {"type": "Point", "coordinates": [126.927845, 35.17288]}, "properties": {"addr": "북구 금녕길61번길 71", "cnt": 1}}, {"type": "Feature", "geometry": {"type": "Point", "coordinates": [126.927845, 35.17288]}, "properties": {"addr": "북구 금녕길61번길 71", "cnt": 1}}, {"type": "Feature", "geometry": {"type": "Point", "coordinates": [126.927845, 35.17288]}, "properties": {"addr": "북구 금녕길61번길 71", "cnt": 1}}, {"type": "Feature", "geometry": {"type": "Point", "coordinates": [126.927845, 35.17288]}, "properties": {"addr": "북구 금녕길61번길 71", "cnt": 1}}, {"type": "Feature", "geometry": {"type": "Point", "coordinates": [126.93355, 35.167953]}, "properties": {"addr": "북구 참판로 115", "cnt": 2}}, {"type": "Feature", "geometry": {"type": "Point", "coordinates": [126.927753, 35.178308]}, "properties": {"addr": "북구 평교로18번길 53-1", "cnt": 2}}, {"type": "Feature", "geometry": {"type": "Point", "coordinates": [126.927753, 35.178308]}, "properties": {"addr": "북구 평교로18번길 53-1", "cnt": 1}}, {"type": "Feature", "geometry": {"type": "Point", "coordinates": [126.897179, 35.173644]}, "properties": {"addr": "북구 설죽로148번길 30", "cnt": 2}}, {"type": "Feature", "geometry": {"type": "Point", "coordinates": [126.915234, 35.164228]}, "properties": {"addr": "북구 독립로375번길 3", "cnt": 2}}, {"type": "Feature", "geometry": {"type": "Point", "coordinates": [126.914282, 35.162023]}, "properties": {"addr": "북구 독립로349번길 6", "cnt": 2}}, {"type": "Feature", "geometry": {"type": "Point", "coordinates": [126.872178, 35.209131]}, "properties": {"addr": "북구 효열로29번길 21", "cnt": 2}}, {"type": "Feature", "geometry": {"type": "Point", "coordinates": [126.872178, 35.209131]}, "properties": {"addr": "북구 효열로29번길 21", "cnt": 2}}, {"type": "Feature", "geometry": {"type": "Point", "coordinates": [126.889368, 35.171292]}, "properties": {"addr": "북구 운신북길 297", "cnt": 2}}, {"type": "Feature", "geometry": {"type": "Point", "coordinates": [126.889368, 35.171292]}, "properties": {"addr": "북구 운신북길 297", "cnt": 1}}, {"type": "Feature", "geometry": {"type": "Point", "coordinates": [126.917415, 35.252812]}, "properties": {"addr": "북구 용강마을길 97", "cnt": 2}}, {"type": "Feature", "geometry": {"type": "Point", "coordinates": [126.895617, 35.191133]}, "properties": {"addr": "북구 매곡동 119-15", "cnt": 2}}, {"type": "Feature", "geometry": {"type": "Point", "coordinates": [126.868699, 35.195013]}, "properties": {"addr": "북구 양일1로 50", "cnt": 2}}, {"type": "Feature", "geometry": {"type": "Point", "coordinates": [126.90608, 35.170895]}, "properties": {"addr": "북구 서양로41번길 13", "cnt": 2}}, {"type": "Feature", "geometry": {"type": "Point", "coordinates": [126.90608, 35.170895]}, "properties": {"addr": "북구 서양로41번길 13", "cnt": 1}}, {"type": "Feature", "geometry": {"type": "Point", "coordinates": [126.928677, 35.166616]}, "properties": {"addr": "북구 두방길 69-2", "cnt": 2}}, {"type": "Feature", "geometry": {"type": "Point", "coordinates": [126.918784, 35.187656]}, "properties": {"addr": "북구 대천로139번길 46", "cnt": 2}}, {"type": "Feature", "geometry": {"type": "Point", "coordinates": [126.896713, 35.152823]}, "properties": {"addr": "서구 경열로103번길 6-3", "cnt": 2}}, {"type": "Feature", "geometry": {"type": "Point", "coordinates": [126.884944, 35.15064]}, "properties": {"addr": "서구 대남대로487번길 25", "cnt": 2}}, {"type": "Feature", "geometry": {"type": "Point", "coordinates": [126.885316, 35.157865]}, "properties": {"addr": "서구 내방로404번길 5", "cnt": 2}}, {"type": "Feature", "geometry": {"type": "Point", "coordinates": [126.885295, 35.165674]}, "properties": {"addr": "서구 천변좌로 20-3", "cnt": 2}}, {"type": "Feature", "geometry": {"type": "Point", "coordinates": [126.822398, 35.108405]}, "properties": {"addr": "서구 서창1길 15-26", "cnt": 2}}, {"type": "Feature", "geometry": {"type": "Point", "coordinates": [126.871839, 35.151013]}, "properties": {"addr": "서구 월드컵4강로164번길 19", "cnt": 2}}, {"type": "Feature", "geometry": {"type": "Point", "coordinates": [126.871839, 35.151013]}, "properties": {"addr": "서구 월드컵4강로164번길 19", "cnt": 1}}, {"type": "Feature", "geometry": {"type": "Point", "coordinates": [126.861366, 35.168751]}, "properties": {"addr": "서구 천변우하로 375", "cnt": 2}}, {"type": "Feature", "geometry": {"type": "Point", "coordinates": [126.870526, 35.152281]}, "properties": {"addr": "서구 월드컵4강로182번길 7", "cnt": 2}}, {"type": "Feature", "geometry": {"type": "Point", "coordinates": [126.831691, 35.133404]}, "properties": {"addr": "서구 벽진길 1", "cnt": 1}}, {"type": "Feature", "geometry": {"type": "Point", "coordinates": [126.831691, 35.133404]}, "properties": {"addr": "서구 벽진길 1", "cnt": 1}}, {"type": "Feature", "geometry": {"type": "Point", "coordinates": [126.868228, 35.156488]}, "properties": {"addr": "서구 월드컵4강로229번길 8-1", "cnt": 2}}, {"type": "Feature", "geometry": {"type": "Point", "coordinates": [126.868228, 35.156488]}, "properties": {"addr": "서구 월드컵4강로229번길 8-1", "cnt": 1}}, {"type": "Feature", "geometry": {"type": "Point", "coordinates": [126.814798, 35.093432]}, "properties": {"addr": "서구 서남길 18", "cnt": 2}}, {"type": "Feature", "geometry": {"type": "Point", "coordinates": [126.915494, 35.160727]}, "properties": {"addr": "동구 중흥로 199", "cnt": 2}}, {"type": "Feature", "geometry": {"type": "Point", "coordinates": [126.915494, 35.160727]}, "properties": {"addr": "동구 중흥로 199", "cnt": 1}}, {"type": "Feature", "geometry": {"type": "Point", "coordinates": [126.915494, 35.160727]}, "properties": {"addr": "동구 중흥로 199", "cnt": 1}}, {"type": "Feature", "geometry": {"type": "Point", "coordinates": [126.938743, 35.095975]}, "properties": {"addr": "동구 내남동 323-8", "cnt": 2}}, {"type": "Feature", "geometry": {"type": "Point", "coordinates": [126.938743, 35.095975]}, "properties": {"addr": "동구 내남동 323-8", "cnt": 1}}, {"type": "Feature", "geometry": {"type": "Point", "coordinates": [126.936999, 35.161408]}, "properties": {"addr": "동구 갈마로 58", "cnt": 1}}, {"type": "Feature", "geometry": {"type": "Point", "coordinates": [126.936999, 35.161408]}, "properties": {"addr": "동구 갈마로 58", "cnt": 2}}, {"type": "Feature", "geometry": {"type": "Point", "coordinates": [126.936548, 35.147877]}, "properties": {"addr": "동구 지산동 691-8", "cnt": 1}}, {"type": "Feature", "geometry": {"type": "Point", "coordinates": [126.936548, 35.147877]}, "properties": {"addr": "동구 지산동 691-8", "cnt": 1}}, {"type": "Feature", "geometry": {"type": "Point", "coordinates": [126.914307, 35.14968]}, "properties": {"addr": "동구 충장로 57", "cnt": 2}}, {"type": "Feature", "geometry": {"type": "Point", "coordinates": [126.914307, 35.14968]}, "properties": {"addr": "동구 충장로 57", "cnt": 1}}, {"type": "Feature", "geometry": {"type": "Point", "coordinates": [126.933577, 35.154195]}, "properties": {"addr": "동구 필문대로191번길 21-58", "cnt": 2}}, {"type": "Feature", "geometry": {"type": "Point", "coordinates": [126.933577, 35.154195]}, "properties": {"addr": "동구 필문대로191번길 21-58", "cnt": 1}}, {"type": "Feature", "geometry": {"type": "Point", "coordinates": [126.946475, 35.089134]}, "properties": {"addr": "동구 남문로 162", "cnt": 2}}, {"type": "Feature", "geometry": {"type": "Point", "coordinates": [126.924103, 35.152539]}, "properties": {"addr": "동구 동계로 7", "cnt": 1}}, {"type": "Feature", "geometry": {"type": "Point", "coordinates": [126.924103, 35.152539]}, "properties": {"addr": "동구 동계로 7", "cnt": 2}}, {"type": "Feature", "geometry": {"type": "Point", "coordinates": [126.924103, 35.152539]}, "properties": {"addr": "동구 동계로 7", "cnt": 1}}, {"type": "Feature", "geometry": {"type": "Point", "coordinates": [126.917084, 35.160448]}, "properties": {"addr": "동구 중흥로213번길 5", "cnt": 1}}, {"type": "Feature", "geometry": {"type": "Point", "coordinates": [126.917084, 35.160448]}, "properties": {"addr": "동구 중흥로213번길 5", "cnt": 2}}, {"type": "Feature", "geometry": {"type": "Point", "coordinates": [126.927512, 35.153167]}, "properties": {"addr": "동구 동명로69번길 20", "cnt": 2}}, {"type": "Feature", "geometry": {"type": "Point", "coordinates": [126.91688, 35.164358]}, "properties": {"addr": "동구 독립로384번길 16", "cnt": 2}}, {"type": "Feature", "geometry": {"type": "Point", "coordinates": [126.938348, 35.156984]}, "properties": {"addr": "동구 산수동 103-4", "cnt": 1}}, {"type": "Feature", "geometry": {"type": "Point", "coordinates": [126.938348, 35.156984]}, "properties": {"addr": "동구 산수동 103-4", "cnt": 1}}, {"type": "Feature", "geometry": {"type": "Point", "coordinates": [126.938348, 35.156984]}, "properties": {"addr": "동구 산수동 103-4", "cnt": 1}}, {"type": "Feature", "geometry": {"type": "Point", "coordinates": [126.934714, 35.123671]}, "properties": {"addr": "동구 소태동 635-9", "cnt": 1}}, {"type": "Feature", "geometry": {"type": "Point", "coordinates": [126.934714, 35.123671]}, "properties": {"addr": "동구 소태동 635-9", "cnt": 2}}, {"type": "Feature", "geometry": {"type": "Point", "coordinates": [126.934714, 35.123671]}, "properties": {"addr": "동구 소태동 635-9", "cnt": 1}}, {"type": "Feature", "geometry": {"type": "Point", "coordinates": [126.916899, 35.1591]}, "properties": {"addr": "동구 경양로223번길 14-7", "cnt": 2}}, {"type": "Feature", "geometry": {"type": "Point", "coordinates": [126.916899, 35.1591]}, "properties": {"addr": "동구 경양로223번길 14-7", "cnt": 1}}, {"type": "Feature", "geometry": {"type": "Point", "coordinates": [126.937253, 35.147043]}, "properties": {"addr": "동구 지호로70번길 9", "cnt": 2}}, {"type": "Feature", "geometry": {"type": "Point", "coordinates": [126.91466, 35.152898]}, "properties": {"addr": "동구 구성로194번길 5-13", "cnt": 1}}, {"type": "Feature", "geometry": {"type": "Point", "coordinates": [126.91466, 35.152898]}, "properties": {"addr": "동구 구성로194번길 5-13", "cnt": 1}}, {"type": "Feature", "geometry": {"type": "Point", "coordinates": [126.934636, 35.155038]}, "properties": {"addr": "동구 밤실로89번길 16", "cnt": 2}}, {"type": "Feature", "geometry": {"type": "Point", "coordinates": [126.934636, 35.155038]}, "properties": {"addr": "동구 밤실로89번길 16", "cnt": 1}}, {"type": "Feature", "geometry": {"type": "Point", "coordinates": [126.942771, 35.134608]}, "properties": {"addr": "동구 운림동 571-4", "cnt": 2}}, {"type": "Feature", "geometry": {"type": "Point", "coordinates": [126.942771, 35.134608]}, "properties": {"addr": "동구 운림동 571-4", "cnt": 2}}, {"type": "Feature", "geometry": {"type": "Point", "coordinates": [126.928935, 35.128772]}, "properties": {"addr": "동구 천변좌로 620-1", "cnt": 1}}, {"type": "Feature", "geometry": {"type": "Point", "coordinates": [126.928935, 35.128772]}, "properties": {"addr": "동구 천변좌로 620-1", "cnt": 1}}, {"type": "Feature", "geometry": {"type": "Point", "coordinates": [126.929448, 35.153474]}, "properties": {"addr": "동구 필문대로192번길 21", "cnt": 2}}, {"type": "Feature", "geometry": {"type": "Point", "coordinates": [126.929448, 35.153474]}, "properties": {"addr": "동구 필문대로192번길 21", "cnt": 1}}, {"type": "Feature", "geometry": {"type": "Point", "coordinates": [126.937661, 35.151324]}, "properties": {"addr": "동구 지산동 315-9", "cnt": 1}}, {"type": "Feature", "geometry": {"type": "Point", "coordinates": [126.937661, 35.151324]}, "properties": {"addr": "동구 지산동 315-9", "cnt": 1}}, {"type": "Feature", "geometry": {"type": "Point", "coordinates": [126.913067, 35.152338]}, "properties": {"addr": "동구 구성로 183-1", "cnt": 2}}, {"type": "Feature", "geometry": {"type": "Point", "coordinates": [126.93224, 35.153427]}, "properties": {"addr": "동구 필문대로205번길 5-32", "cnt": 4}}, {"type": "Feature", "geometry": {"type": "Point", "coordinates": [126.880501, 35.143227]}, "properties": {"addr": "서구 염화로 146", "cnt": 3}}, {"type": "Feature", "geometry": {"type": "Point", "coordinates": [126.910043, 35.146551]}, "properties": {"addr": "남구 중앙로107번길 16", "cnt": 1}}, {"type": "Feature", "geometry": {"type": "Point", "coordinates": [126.910043, 35.146551]}, "properties": {"addr": "남구 중앙로107번길 16", "cnt": 1}}, {"type": "Feature", "geometry": {"type": "Point", "coordinates": [126.904117, 35.133026]}, "properties": {"addr": "남구 대남대로193번길 3-1", "cnt": 4}}, {"type": "Feature", "geometry": {"type": "Point", "coordinates": [126.753389, 35.115819]}, "properties": {"addr": "광산구 연산동 605-4", "cnt": 1}}, {"type": "Feature", "geometry": {"type": "Point", "coordinates": [126.753389, 35.115819]}, "properties": {"addr": "광산구 연산동 605-4", "cnt": 1}}, {"type": "Feature", "geometry": {"type": "Point", "coordinates": [126.792764, 35.128128]}, "properties": {"addr": "광산구 송도로162번길 10-15", "cnt": 2}}, {"type": "Feature", "geometry": {"type": "Point", "coordinates": [126.898921, 35.149899]}, "properties": {"addr": "남구 월산로132번길 22", "cnt": 3}}, {"type": "Feature", "geometry": {"type": "Point", "coordinates": [126.900347, 35.150514]}, "properties": {"addr": "남구 월산동 323-130", "cnt": 1}}, {"type": "Feature", "geometry": {"type": "Point", "coordinates": [126.900347, 35.150514]}, "properties": {"addr": "남구 월산동 323-130", "cnt": 2}}, {"type": "Feature", "geometry": {"type": "Point", "coordinates": [126.900851, 35.151616]}, "properties": {"addr": "남구 구성로38번길 5-1", "cnt": 3}}, {"type": "Feature", "geometry": {"type": "Point", "coordinates": [126.883995, 35.139976]}, "properties": {"addr": "서구 화정동 산223-2", "cnt": 2}}, {"type": "Feature", "geometry": {"type": "Point", "coordinates": [126.883995, 35.139976]}, "properties": {"addr": "서구 화정동 산223-2", "cnt": 1}}, {"type": "Feature", "geometry": {"type": "Point", "coordinates": [126.832229, 35.08169]}, "properties": {"addr": "남구 고싸움로 161", "cnt": 3}}, {"type": "Feature", "geometry": {"type": "Point", "coordinates": [126.86477, 35.087016]}, "properties": {"addr": "남구 수춘길 15", "cnt": 2}}, {"type": "Feature", "geometry": {"type": "Point", "coordinates": [126.86477, 35.087016]}, "properties": {"addr": "남구 수춘길 15", "cnt": 1}}, {"type": "Feature", "geometry": {"type": "Point", "coordinates": [126.848213, 35.100961]}, "properties": {"addr": "남구 임암길11번길 111-8", "cnt": 3}}, {"type": "Feature", "geometry": {"type": "Point", "coordinates": [126.801613, 35.089543]}, "properties": {"addr": "남구 화장동 643-8", "cnt": 2}}, {"type": "Feature", "geometry": {"type": "Point", "coordinates": [126.781879, 35.057588]}, "properties": {"addr": "남구 승촌4길 23-3", "cnt": 4}}, {"type": "Feature", "geometry": {"type": "Point", "coordinates": [126.836646, 35.073548]}, "properties": {"addr": "남구 칠석동 913-12", "cnt": 3}}, {"type": "Feature", "geometry": {"type": "Point", "coordinates": [126.820784, 35.074769]}, "properties": {"addr": "남구 대지동 345-1", "cnt": 3}}, {"type": "Feature", "geometry": {"type": "Point", "coordinates": [126.79396, 35.061569]}, "properties": {"addr": "남구 양촌동 735", "cnt": 4}}, {"type": "Feature", "geometry": {"type": "Point", "coordinates": [126.8101, 35.054221]}, "properties": {"addr": "남구 구소동 127-2", "cnt": 2}}, {"type": "Feature", "geometry": {"type": "Point", "coordinates": [126.8101, 35.054221]}, "properties": {"addr": "남구 구소동 127-2", "cnt": 1}}, {"type": "Feature", "geometry": {"type": "Point", "coordinates": [126.825872, 35.095734]}, "properties": {"addr": "서구 눌재로 110", "cnt": 2}}, {"type": "Feature", "geometry": {"type": "Point", "coordinates": [126.819183, 35.054725]}, "properties": {"addr": "남구 신장동 346-2", "cnt": 3}}, {"type": "Feature", "geometry": {"type": "Point", "coordinates": [126.859216, 35.089605]}, "properties": {"addr": "남구 이장동 852-1", "cnt": 4}}, {"type": "Feature", "geometry": {"type": "Point", "coordinates": [126.821577, 35.086934]}, "properties": {"addr": "남구 석정동 9", "cnt": 3}}, {"type": "Feature", "geometry": {"type": "Point", "coordinates": [126.843034, 35.075978]}, "properties": {"addr": "남구 도금동 220-1", "cnt": 3}}, {"type": "Feature", "geometry": {"type": "Point", "coordinates": [126.835117, 35.082731]}, "properties": {"addr": "남구 지석동 238-8", "cnt": 3}}, {"type": "Feature", "geometry": {"type": "Point", "coordinates": [126.838964, 35.088176]}, "properties": {"addr": "남구 압촌동 169-3", "cnt": 3}}, {"type": "Feature", "geometry": {"type": "Point", "coordinates": [126.829337, 35.186853]}, "properties": {"addr": "광산구 수완로14번길 23", "cnt": 2}}, {"type": "Feature", "geometry": {"type": "Point", "coordinates": [126.829337, 35.186853]}, "properties": {"addr": "광산구 수완로14번길 23", "cnt": 1}}, {"type": "Feature", "geometry": {"type": "Point", "coordinates": [126.788249, 35.129738]}, "properties": {"addr": "광산구 남동길 30", "cnt": 2}}, {"type": "Feature", "geometry": {"type": "Point", "coordinates": [126.787213, 35.130379]}, "properties": {"addr": "광산구 도산동 1006-8", "cnt": 1}}, {"type": "Feature", "geometry": {"type": "Point", "coordinates": [126.787213, 35.130379]}, "properties": {"addr": "광산구 도산동 1006-8", "cnt": 1}}, {"type": "Feature", "geometry": {"type": "Point", "coordinates": [126.789701, 35.128326]}, "properties": {"addr": "광산구 남동길 8", "cnt": 1}}, {"type": "Feature", "geometry": {"type": "Point", "coordinates": [126.789701, 35.128326]}, "properties": {"addr": "광산구 남동길 8", "cnt": 1}}, {"type": "Feature", "geometry": {"type": "Point", "coordinates": [126.791335, 35.126658]}, "properties": {"addr": "광산구 송정외로 6", "cnt": 1}}, {"type": "Feature", "geometry": {"type": "Point", "coordinates": [126.791335, 35.126658]}, "properties": {"addr": "광산구 송정외로 6", "cnt": 1}}, {"type": "Feature", "geometry": {"type": "Point", "coordinates": [126.797181, 35.132181]}, "properties": {"addr": "광산구 송도로212번길 31-3", "cnt": 2}}, {"type": "Feature", "geometry": {"type": "Point", "coordinates": [126.797181, 35.132181]}, "properties": {"addr": "광산구 송도로212번길 31-3", "cnt": 1}}, {"type": "Feature", "geometry": {"type": "Point", "coordinates": [126.816556, 35.194153]}, "properties": {"addr": "광산구 풍영로230번안길 32", "cnt": 1}}, {"type": "Feature", "geometry": {"type": "Point", "coordinates": [126.816556, 35.194153]}, "properties": {"addr": "광산구 풍영로230번안길 32", "cnt": 1}}, {"type": "Feature", "geometry": {"type": "Point", "coordinates": [126.816556, 35.194153]}, "properties": {"addr": "광산구 풍영로230번안길 32", "cnt": 1}}, {"type": "Feature", "geometry": {"type": "Point", "coordinates": [126.796457, 35.131729]}, "properties": {"addr": "광산구 도산동 865-17", "cnt": 1}}, {"type": "Feature", "geometry": {"type": "Point", "coordinates": [126.819016, 35.223723]}, "properties": {"addr": "광산구 비아로135번길 22-7", "cnt": 1}}, {"type": "Feature", "geometry": {"type": "Point", "coordinates": [126.819016, 35.223723]}, "properties": {"addr": "광산구 비아로135번길 22-7", "cnt": 1}}, {"type": "Feature", "geometry": {"type": "Point", "coordinates": [126.825031, 35.222539]}, "properties": {"addr": "광산구 비아중앙로 40", "cnt": 2}}, {"type": "Feature", "geometry": {"type": "Point", "coordinates": [126.825031, 35.222539]}, "properties": {"addr": "광산구 비아중앙로 40", "cnt": 2}}, {"type": "Feature", "geometry": {"type": "Point", "coordinates": [126.820784, 35.222287]}, "properties": {"addr": "광산구 비아로34번길 52", "cnt": 1}}, {"type": "Feature", "geometry": {"type": "Point", "coordinates": [126.820784, 35.222287]}, "properties": {"addr": "광산구 비아로34번길 52", "cnt": 1}}, {"type": "Feature", "geometry": {"type": "Point", "coordinates": [126.821462, 35.108587]}, "properties": {"addr": "서구 서창동 산4-1", "cnt": 1}}, {"type": "Feature", "geometry": {"type": "Point", "coordinates": [126.821462, 35.108587]}, "properties": {"addr": "서구 서창동 산4-1", "cnt": 1}}, {"type": "Feature", "geometry": {"type": "Point", "coordinates": [126.822388, 35.221162]}, "properties": {"addr": "광산구 비아로24번길 24", "cnt": 3}}, {"type": "Feature", "geometry": {"type": "Point", "coordinates": [126.822388, 35.221162]}, "properties": {"addr": "광산구 비아로24번길 24", "cnt": 1}}, {"type": "Feature", "geometry": {"type": "Point", "coordinates": [126.846901, 35.211701]}, "properties": {"addr": "광산구 산월동 882-2", "cnt": 1}}, {"type": "Feature", "geometry": {"type": "Point", "coordinates": [126.846932, 35.211691]}, "properties": {"addr": "광산구 산월동 882-2", "cnt": 1}}, {"type": "Feature", "geometry": {"type": "Point", "coordinates": [126.843956, 35.208995]}, "properties": {"addr": "광산구 산월로 57", "cnt": 2}}, {"type": "Feature", "geometry": {"type": "Point", "coordinates": [126.843549, 35.209867]}, "properties": {"addr": "광산구 산월로 57", "cnt": 1}}, {"type": "Feature", "geometry": {"type": "Point", "coordinates": [126.843549, 35.209867]}, "properties": {"addr": "광산구 산월로 57", "cnt": 1}}, {"type": "Feature", "geometry": {"type": "Point", "coordinates": [126.84699, 35.208646]}, "properties": {"addr": "광산구 산월동 886-3", "cnt": 1}}, {"type": "Feature", "geometry": {"type": "Point", "coordinates": [126.84699, 35.208646]}, "properties": {"addr": "광산구 산월동 886-3", "cnt": 1}}, {"type": "Feature", "geometry": {"type": "Point", "coordinates": [126.801527, 35.172131]}, "properties": {"addr": "광산구 목련로22번길 11", "cnt": 2}}, {"type": "Feature", "geometry": {"type": "Point", "coordinates": [126.800532, 35.170195]}, "properties": {"addr": "광산구 산정동 1121", "cnt": 1}}, {"type": "Feature", "geometry": {"type": "Point", "coordinates": [126.800532, 35.170195]}, "properties": {"addr": "광산구 산정동 1121", "cnt": 1}}, {"type": "Feature", "geometry": {"type": "Point", "coordinates": [126.799816, 35.168621]}, "properties": {"addr": "광산구 산정동 1122", "cnt": 1}}, {"type": "Feature", "geometry": {"type": "Point", "coordinates": [126.799816, 35.168621]}, "properties": {"addr": "광산구 산정동 1122", "cnt": 1}}, {"type": "Feature", "geometry": {"type": "Point", "coordinates": [126.799457, 35.169191]}, "properties": {"addr": "광산구 산정동 1122", "cnt": 1}}, {"type": "Feature", "geometry": {"type": "Point", "coordinates": [126.799457, 35.169191]}, "properties": {"addr": "광산구 산정동 1122", "cnt": 1}}, {"type": "Feature", "geometry": {"type": "Point", "coordinates": [126.804399, 35.16828]}, "properties": {"addr": "광산구 산정로30번길 8-12", "cnt": 1}}, {"type": "Feature", "geometry": {"type": "Point", "coordinates": [126.804399, 35.16828]}, "properties": {"addr": "광산구 산정로30번길 8-12", "cnt": 1}}, {"type": "Feature", "geometry": {"type": "Point", "coordinates": [126.774935, 35.150112]}, "properties": {"addr": "광산구 선암동 264-7", "cnt": 1}}, {"type": "Feature", "geometry": {"type": "Point", "coordinates": [126.774935, 35.150112]}, "properties": {"addr": "광산구 선암동 264-7", "cnt": 1}}, {"type": "Feature", "geometry": {"type": "Point", "coordinates": [126.792684, 35.15511]}, "properties": {"addr": "광산구 소촌로 122", "cnt": 1}}, {"type": "Feature", "geometry": {"type": "Point", "coordinates": [126.792684, 35.15511]}, "properties": {"addr": "광산구 소촌로 122", "cnt": 1}}, {"type": "Feature", "geometry": {"type": "Point", "coordinates": [126.794029, 35.154607]}, "properties": {"addr": "광산구 소촌동 259", "cnt": 2}}, {"type": "Feature", "geometry": {"type": "Point", "coordinates": [126.799581, 35.145063]}, "properties": {"addr": "광산구 송정공원로 8-13", "cnt": 2}}, {"type": "Feature", "geometry": {"type": "Point", "coordinates": [126.799596, 35.144533]}, "properties": {"addr": "광산구 송정공원로 8-13", "cnt": 1}}, {"type": "Feature", "geometry": {"type": "Point", "coordinates": [126.799596, 35.144533]}, "properties": {"addr": "광산구 송정공원로 8-13", "cnt": 1}}, {"type": "Feature", "geometry": {"type": "Point", "coordinates": [126.830904, 35.192733]}, "properties": {"addr": "광산구 수완동 1299", "cnt": 1}}, {"type": "Feature", "geometry": {"type": "Point", "coordinates": [126.830904, 35.192733]}, "properties": {"addr": "광산구 수완동 1299", "cnt": 1}}, {"type": "Feature", "geometry": {"type": "Point", "coordinates": [126.827989, 35.188308]}, "properties": {"addr": "광산구 수완로33번길 11", "cnt": 1}}, {"type": "Feature", "geometry": {"type": "Point", "coordinates": [126.827989, 35.188308]}, "properties": {"addr": "광산구 수완로33번길 11", "cnt": 1}}, {"type": "Feature", "geometry": {"type": "Point", "coordinates": [126.823644, 35.198049]}, "properties": {"addr": "광산구 장덕로 143", "cnt": 1}}, {"type": "Feature", "geometry": {"type": "Point", "coordinates": [126.823644, 35.198049]}, "properties": {"addr": "광산구 장덕로 143", "cnt": 1}}, {"type": "Feature", "geometry": {"type": "Point", "coordinates": [126.83458, 35.183262]}, "properties": {"addr": "광산구 목련로394번길 40-10", "cnt": 2}}, {"type": "Feature", "geometry": {"type": "Point", "coordinates": [126.905196, 35.136762]}, "properties": {"addr": "남구 진다리로 33", "cnt": 1}}, {"type": "Feature", "geometry": {"type": "Point", "coordinates": [126.905196, 35.136762]}, "properties": {"addr": "남구 진다리로 33", "cnt": 1}}, {"type": "Feature", "geometry": {"type": "Point", "coordinates": [126.905196, 35.136762]}, "properties": {"addr": "남구 진다리로 33", "cnt": 1}}, {"type": "Feature", "geometry": {"type": "Point", "coordinates": [126.834072, 35.187842]}, "properties": {"addr": "광산구 신창로35번길 67", "cnt": 2}}, {"type": "Feature", "geometry": {"type": "Point", "coordinates": [126.822686, 35.183722]}, "properties": {"addr": "광산구 수등로 115", "cnt": 2}}, {"type": "Feature", "geometry": {"type": "Point", "coordinates": [126.825759, 35.184861]}, "properties": {"addr": "광산구 수완로9번길 29-1", "cnt": 1}}, {"type": "Feature", "geometry": {"type": "Point", "coordinates": [126.825759, 35.184861]}, "properties": {"addr": "광산구 수완로9번길 29-1", "cnt": 3}}, {"type": "Feature", "geometry": {"type": "Point", "coordinates": [126.820686, 35.181604]}, "properties": {"addr": "광산구 신가동 1203", "cnt": 1}}, {"type": "Feature", "geometry": {"type": "Point", "coordinates": [126.8359, 35.18359]}, "properties": {"addr": "광산구 목련로394번길 60-3", "cnt": 2}}, {"type": "Feature", "geometry": {"type": "Point", "coordinates": [126.8359, 35.18359]}, "properties": {"addr": "광산구 목련로394번길 60-3", "cnt": 1}}, {"type": "Feature", "geometry": {"type": "Point", "coordinates": [126.8107, 35.159388]}, "properties": {"addr": "광산구 사암로172번길 45", "cnt": 2}}, {"type": "Feature", "geometry": {"type": "Point", "coordinates": [126.8107, 35.159388]}, "properties": {"addr": "광산구 사암로172번길 45", "cnt": 1}}, {"type": "Feature", "geometry": {"type": "Point", "coordinates": [126.8107, 35.159388]}, "properties": {"addr": "광산구 사암로172번길 45", "cnt": 1}}, {"type": "Feature", "geometry": {"type": "Point", "coordinates": [126.843483, 35.19405]}, "properties": {"addr": "광산구 왕버들로322번길 7", "cnt": 1}}, {"type": "Feature", "geometry": {"type": "Point", "coordinates": [126.843483, 35.19405]}, "properties": {"addr": "광산구 왕버들로322번길 7", "cnt": 2}}, {"type": "Feature", "geometry": {"type": "Point", "coordinates": [126.79615, 35.13481]}, "properties": {"addr": "광산구 송정로 50", "cnt": 2}}, {"type": "Feature", "geometry": {"type": "Point", "coordinates": [126.79615, 35.13481]}, "properties": {"addr": "광산구 송정로 50", "cnt": 1}}, {"type": "Feature", "geometry": {"type": "Point", "coordinates": [126.79615, 35.13481]}, "properties": {"addr": "광산구 송정로 50", "cnt": 1}}, {"type": "Feature", "geometry": {"type": "Point", "coordinates": [126.836033, 35.211418]}, "properties": {"addr": "광산구 첨단내촌로57번길 23", "cnt": 2}}, {"type": "Feature", "geometry": {"type": "Point", "coordinates": [126.836033, 35.211418]}, "properties": {"addr": "광산구 첨단내촌로57번길 23", "cnt": 2}}, {"type": "Feature", "geometry": {"type": "Point", "coordinates": [126.841406, 35.197556]}, "properties": {"addr": "광산구 신창로162번길 10", "cnt": 1}}, {"type": "Feature", "geometry": {"type": "Point", "coordinates": [126.841406, 35.197556]}, "properties": {"addr": "광산구 신창로162번길 10", "cnt": 2}}, {"type": "Feature", "geometry": {"type": "Point", "coordinates": [126.841406, 35.197556]}, "properties": {"addr": "광산구 신창로162번길 10", "cnt": 1}}, {"type": "Feature", "geometry": {"type": "Point", "coordinates": [126.837264, 35.193693]}, "properties": {"addr": "광산구 신창동 1260", "cnt": 1}}, {"type": "Feature", "geometry": {"type": "Point", "coordinates": [126.837264, 35.193693]}, "properties": {"addr": "광산구 신창동 1260", "cnt": 1}}, {"type": "Feature", "geometry": {"type": "Point", "coordinates": [126.836335, 35.194096]}, "properties": {"addr": "광산구 신창로105번길 9", "cnt": 1}}, {"type": "Feature", "geometry": {"type": "Point", "coordinates": [126.836335, 35.194096]}, "properties": {"addr": "광산구 신창로105번길 9", "cnt": 1}}, {"type": "Feature", "geometry": {"type": "Point", "coordinates": [126.835902, 35.193811]}, "properties": {"addr": "광산구 신창로105번길 23-17", "cnt": 1}}, {"type": "Feature", "geometry": {"type": "Point", "coordinates": [126.835902, 35.193811]}, "properties": {"addr": "광산구 신창로105번길 23-17", "cnt": 1}}, {"type": "Feature", "geometry": {"type": "Point", "coordinates": [126.835095, 35.193035]}, "properties": {"addr": "광산구 신창로105번길 23-17", "cnt": 1}}, {"type": "Feature", "geometry": {"type": "Point", "coordinates": [126.842867, 35.192313]}, "properties": {"addr": "광산구 왕버들로322번길 26", "cnt": 1}}, {"type": "Feature", "geometry": {"type": "Point", "coordinates": [126.842867, 35.192313]}, "properties": {"addr": "광산구 왕버들로322번길 26", "cnt": 1}}, {"type": "Feature", "geometry": {"type": "Point", "coordinates": [126.842867, 35.192313]}, "properties": {"addr": "광산구 왕버들로322번길 26", "cnt": 1}}, {"type": "Feature", "geometry": {"type": "Point", "coordinates": [126.841545, 35.222266]}, "properties": {"addr": "광산구 첨단중앙로182번길 39", "cnt": 1}}, {"type": "Feature", "geometry": {"type": "Point", "coordinates": [126.841545, 35.222266]}, "properties": {"addr": "광산구 첨단중앙로182번길 39", "cnt": 1}}, {"type": "Feature", "geometry": {"type": "Point", "coordinates": [126.845113, 35.22383]}, "properties": {"addr": "광산구 첨단중앙로182번길 39", "cnt": 2}}, {"type": "Feature", "geometry": {"type": "Point", "coordinates": [126.755863, 35.126032]}, "properties": {"addr": "광산구 평동로 741", "cnt": 2}}, {"type": "Feature", "geometry": {"type": "Point", "coordinates": [126.81463, 35.152409]}, "properties": {"addr": "광산구 우산동 1066-4", "cnt": 2}}, {"type": "Feature", "geometry": {"type": "Point", "coordinates": [126.808379, 35.165141]}, "properties": {"addr": "광산구 월곡산정로 50", "cnt": 1}}, {"type": "Feature", "geometry": {"type": "Point", "coordinates": [126.808379, 35.165141]}, "properties": {"addr": "광산구 월곡산정로 50", "cnt": 1}}, {"type": "Feature", "geometry": {"type": "Point", "coordinates": [126.808172, 35.164702]}, "properties": {"addr": "광산구 사암로 229", "cnt": 1}}, {"type": "Feature", "geometry": {"type": "Point", "coordinates": [126.808172, 35.164702]}, "properties": {"addr": "광산구 사암로 229", "cnt": 2}}, {"type": "Feature", "geometry": {"type": "Point", "coordinates": [126.808234, 35.164514]}, "properties": {"addr": "광산구 사암로 229", "cnt": 1}}, {"type": "Feature", "geometry": {"type": "Point", "coordinates": [126.807354, 35.165005]}, "properties": {"addr": "광산구 사암로 229", "cnt": 1}}, {"type": "Feature", "geometry": {"type": "Point", "coordinates": [126.810797, 35.159117]}, "properties": {"addr": "광산구 우산로95번길 57-12", "cnt": 2}}, {"type": "Feature", "geometry": {"type": "Point", "coordinates": [126.811024, 35.158229]}, "properties": {"addr": "광산구 사암로158번길 49", "cnt": 1}}, {"type": "Feature", "geometry": {"type": "Point", "coordinates": [126.811024, 35.158229]}, "properties": {"addr": "광산구 사암로158번길 49", "cnt": 1}}, {"type": "Feature", "geometry": {"type": "Point", "coordinates": [126.809188, 35.158279]}, "properties": {"addr": "광산구 사암로158번길 49", "cnt": 1}}, {"type": "Feature", "geometry": {"type": "Point", "coordinates": [126.804534, 35.159048]}, "properties": {"addr": "광산구 우산로 35", "cnt": 2}}, {"type": "Feature", "geometry": {"type": "Point", "coordinates": [126.804593, 35.159465]}, "properties": {"addr": "광산구 우산로 35", "cnt": 2}}, {"type": "Feature", "geometry": {"type": "Point", "coordinates": [126.819535, 35.171415]}, "properties": {"addr": "광산구 목련로 192-6", "cnt": 1}}, {"type": "Feature", "geometry": {"type": "Point", "coordinates": [126.819535, 35.171415]}, "properties": {"addr": "광산구 목련로 192-6", "cnt": 1}}, {"type": "Feature", "geometry": {"type": "Point", "coordinates": [126.819535, 35.171415]}, "properties": {"addr": "광산구 목련로 192-6", "cnt": 1}}, {"type": "Feature", "geometry": {"type": "Point", "coordinates": [126.824483, 35.17637]}, "properties": {"addr": "광산구 목련로219번길 104", "cnt": 2}}, {"type": "Feature", "geometry": {"type": "Point", "coordinates": [126.88523, 35.163373]}, "properties": {"addr": "서구 죽봉대로120번길 10-9", "cnt": 2}}, {"type": "Feature", "geometry": {"type": "Point", "coordinates": [126.88523, 35.163373]}, "properties": {"addr": "서구 죽봉대로120번길 10-9", "cnt": 1}}, {"type": "Feature", "geometry": {"type": "Point", "coordinates": [126.819195, 35.176272]}, "properties": {"addr": "광산구 목련로273번안길 111", "cnt": 1}}, {"type": "Feature", "geometry": {"type": "Point", "coordinates": [126.819195, 35.176272]}, "properties": {"addr": "광산구 목련로273번안길 111", "cnt": 1}}, {"type": "Feature", "geometry": {"type": "Point", "coordinates": [126.819195, 35.176272]}, "properties": {"addr": "광산구 목련로273번안길 111", "cnt": 1}}, {"type": "Feature", "geometry": {"type": "Point", "coordinates": [126.828425, 35.176647]}, "properties": {"addr": "광산구 목련로 307-5", "cnt": 2}}, {"type": "Feature", "geometry": {"type": "Point", "coordinates": [126.814658, 35.176957]}, "properties": {"addr": "광산구 임방울대로165번길 60", "cnt": 2}}, {"type": "Feature", "geometry": {"type": "Point", "coordinates": [126.814699, 35.172788]}, "properties": {"addr": "광산구 목련로153번길 20", "cnt": 1}}, {"type": "Feature", "geometry": {"type": "Point", "coordinates": [126.814699, 35.172788]}, "properties": {"addr": "광산구 목련로153번길 20", "cnt": 1}}, {"type": "Feature", "geometry": {"type": "Point", "coordinates": [126.814699, 35.172788]}, "properties": {"addr": "광산구 목련로153번길 20", "cnt": 1}}, {"type": "Feature", "geometry": {"type": "Point", "coordinates": [126.837979, 35.220247]}, "properties": {"addr": "광산구 임방울대로 727-20", "cnt": 1}}, {"type": "Feature", "geometry": {"type": "Point", "coordinates": [126.837979, 35.220247]}, "properties": {"addr": "광산구 임방울대로 727-20", "cnt": 1}}, {"type": "Feature", "geometry": {"type": "Point", "coordinates": [126.834258, 35.219304]}, "properties": {"addr": "광산구 첨단중앙로181번길 70", "cnt": 1}}, {"type": "Feature", "geometry": {"type": "Point", "coordinates": [126.834258, 35.219304]}, "properties": {"addr": "광산구 첨단중앙로181번길 70", "cnt": 1}}, {"type": "Feature", "geometry": {"type": "Point", "coordinates": [126.837796, 35.223543]}, "properties": {"addr": "광산구 첨단과기로 104", "cnt": 2}}, {"type": "Feature", "geometry": {"type": "Point", "coordinates": [126.836998, 35.219683]}, "properties": {"addr": "광산구 임방울대로 727-20", "cnt": 1}}, {"type": "Feature", "geometry": {"type": "Point", "coordinates": [126.836998, 35.219683]}, "properties": {"addr": "광산구 임방울대로 727-20", "cnt": 1}}, {"type": "Feature", "geometry": {"type": "Point", "coordinates": [126.833386, 35.218611]}, "properties": {"addr": "광산구 임방울대로 673-12", "cnt": 2}}, {"type": "Feature", "geometry": {"type": "Point", "coordinates": [126.835303, 35.213982]}, "properties": {"addr": "광산구 첨단내촌로 83", "cnt": 2}}, {"type": "Feature", "geometry": {"type": "Point", "coordinates": [126.835097, 35.21283]}, "properties": {"addr": "광산구 첨단내촌로 83", "cnt": 1}}, {"type": "Feature", "geometry": {"type": "Point", "coordinates": [126.835097, 35.21283]}, "properties": {"addr": "광산구 첨단내촌로 83", "cnt": 1}}, {"type": "Feature", "geometry": {"type": "Point", "coordinates": [126.838452, 35.21075]}, "properties": {"addr": "광산구 산월로9번길 36", "cnt": 2}}, {"type": "Feature", "geometry": {"type": "Point", "coordinates": [126.841612, 35.20968]}, "properties": {"addr": "광산구 산월로21번길 26", "cnt": 1}}, {"type": "Feature", "geometry": {"type": "Point", "coordinates": [126.841612, 35.20968]}, "properties": {"addr": "광산구 산월로21번길 26", "cnt": 1}}, {"type": "Feature", "geometry": {"type": "Point", "coordinates": [126.808967, 35.174899]}, "properties": {"addr": "광산구 사암로340번길 19", "cnt": 1}}, {"type": "Feature", "geometry": {"type": "Point", "coordinates": [126.808967, 35.174899]}, "properties": {"addr": "광산구 사암로340번길 19", "cnt": 2}}, {"type": "Feature", "geometry": {"type": "Point", "coordinates": [126.812427, 35.172157]}, "properties": {"addr": "광산구 목련로 123", "cnt": 2}}, {"type": "Feature", "geometry": {"type": "Point", "coordinates": [126.807093, 35.173983]}, "properties": {"addr": "광산구 산정공원로72번길 9", "cnt": 1}}, {"type": "Feature", "geometry": {"type": "Point", "coordinates": [126.807093, 35.173983]}, "properties": {"addr": "광산구 산정공원로72번길 9", "cnt": 1}}, {"type": "Feature", "geometry": {"type": "Point", "coordinates": [126.806921, 35.170898]}, "properties": {"addr": "광산구 산정공원로28번길 13-12", "cnt": 2}}, {"type": "Feature", "geometry": {"type": "Point", "coordinates": [126.806098, 35.16828]}, "properties": {"addr": "광산구 산정공원로 27-5", "cnt": 1}}, {"type": "Feature", "geometry": {"type": "Point", "coordinates": [126.806098, 35.16828]}, "properties": {"addr": "광산구 산정공원로 27-5", "cnt": 1}}, {"type": "Feature", "geometry": {"type": "Point", "coordinates": [126.814544, 35.167161]}, "properties": {"addr": "광산구 산정공원로 27-5", "cnt": 1}}, {"type": "Feature", "geometry": {"type": "Point", "coordinates": [126.814544, 35.167161]}, "properties": {"addr": "광산구 산정공원로 27-5", "cnt": 1}}, {"type": "Feature", "geometry": {"type": "Point", "coordinates": [126.814626, 35.167585]}, "properties": {"addr": "광산구 월곡반월로16번길 25-14", "cnt": 1}}, {"type": "Feature", "geometry": {"type": "Point", "coordinates": [126.814626, 35.167585]}, "properties": {"addr": "광산구 월곡반월로16번길 25-14", "cnt": 1}}, {"type": "Feature", "geometry": {"type": "Point", "coordinates": [126.815489, 35.166824]}, "properties": {"addr": "광산구 월곡반월로16번길 25-14", "cnt": 1}}, {"type": "Feature", "geometry": {"type": "Point", "coordinates": [126.815489, 35.166824]}, "properties": {"addr": "광산구 월곡반월로16번길 25-14", "cnt": 1}}, {"type": "Feature", "geometry": {"type": "Point", "coordinates": [126.815489, 35.166824]}, "properties": {"addr": "광산구 월곡반월로16번길 25-14", "cnt": 1}}, {"type": "Feature", "geometry": {"type": "Point", "coordinates": [126.810524, 35.167275]}, "properties": {"addr": "광산구 월곡중앙로1번길 8-16", "cnt": 1}}, {"type": "Feature", "geometry": {"type": "Point", "coordinates": [126.810524, 35.167275]}, "properties": {"addr": "광산구 월곡중앙로1번길 8-16", "cnt": 1}}, {"type": "Feature", "geometry": {"type": "Point", "coordinates": [126.809907, 35.175126]}, "properties": {"addr": "광산구 사암로340번길 19", "cnt": 2}}, {"type": "Feature", "geometry": {"type": "Point", "coordinates": [126.745399, 35.219485]}, "properties": {"addr": "광산구 임곡동 485-2", "cnt": 1}}, {"type": "Feature", "geometry": {"type": "Point", "coordinates": [126.745399, 35.219485]}, "properties": {"addr": "광산구 임곡동 485-2", "cnt": 1}}, {"type": "Feature", "geometry": {"type": "Point", "coordinates": [126.810595, 35.180383]}, "properties": {"addr": "광산구 하남대로 155", "cnt": 1}}, {"type": "Feature", "geometry": {"type": "Point", "coordinates": [126.810595, 35.180383]}, "properties": {"addr": "광산구 하남대로 155", "cnt": 1}}, {"type": "Feature", "geometry": {"type": "Point", "coordinates": [126.810595, 35.180383]}, "properties": {"addr": "광산구 하남대로 155", "cnt": 1}}, {"type": "Feature", "geometry": {"type": "Point", "coordinates": [126.815177, 35.198911]}, "properties": {"addr": "광산구 풍영로 313", "cnt": 1}}, {"type": "Feature", "geometry": {"type": "Point", "coordinates": [126.815177, 35.198911]}, "properties": {"addr": "광산구 풍영로 313", "cnt": 1}}, {"type": "Feature", "geometry": {"type": "Point", "coordinates": [126.814333, 35.197851]}, "properties": {"addr": "광산구 장덕동 1048", "cnt": 2}}, {"type": "Feature", "geometry": {"type": "Point", "coordinates": [126.815625, 35.198828]}, "properties": {"addr": "광산구 풍영로 312", "cnt": 1}}, {"type": "Feature", "geometry": {"type": "Point", "coordinates": [126.815625, 35.198828]}, "properties": {"addr": "광산구 풍영로 312", "cnt": 1}}, {"type": "Feature", "geometry": {"type": "Point", "coordinates": [126.816452, 35.193871]}, "properties": {"addr": "광산구 장덕동 1168", "cnt": 1}}, {"type": "Feature", "geometry": {"type": "Point", "coordinates": [126.816452, 35.193871]}, "properties": {"addr": "광산구 장덕동 1168", "cnt": 1}}, {"type": "Feature", "geometry": {"type": "Point", "coordinates": [126.812699, 35.194252]}, "properties": {"addr": "광산구 장덕로 34-1", "cnt": 1}}, {"type": "Feature", "geometry": {"type": "Point", "coordinates": [126.812699, 35.194252]}, "properties": {"addr": "광산구 장덕로 34-1", "cnt": 1}}, {"type": "Feature", "geometry": {"type": "Point", "coordinates": [126.813506, 35.193549]}, "properties": {"addr": "광산구 장덕동 1325", "cnt": 1}}, {"type": "Feature", "geometry": {"type": "Point", "coordinates": [126.813506, 35.193549]}, "properties": {"addr": "광산구 장덕동 1325", "cnt": 1}}, {"type": "Feature", "geometry": {"type": "Point", "coordinates": [126.813822, 35.185755]}, "properties": {"addr": "광산구 수등로 27", "cnt": 2}}, {"type": "Feature", "geometry": {"type": "Point", "coordinates": [126.813822, 35.185755]}, "properties": {"addr": "광산구 수등로 27", "cnt": 2}}, {"type": "Feature", "geometry": {"type": "Point", "coordinates": [126.820386, 35.189183]}, "properties": {"addr": "광산구 장신로82번길 57", "cnt": 1}}, {"type": "Feature", "geometry": {"type": "Point", "coordinates": [126.820386, 35.189183]}, "properties": {"addr": "광산구 장신로82번길 57", "cnt": 1}}, {"type": "Feature", "geometry": {"type": "Point", "coordinates": [126.820386, 35.189183]}, "properties": {"addr": "광산구 장신로82번길 57", "cnt": 1}}, {"type": "Feature", "geometry": {"type": "Point", "coordinates": [126.820268, 35.187399]}, "properties": {"addr": "광산구 장신로82번길 57", "cnt": 1}}, {"type": "Feature", "geometry": {"type": "Point", "coordinates": [126.820268, 35.187399]}, "properties": {"addr": "광산구 장신로82번길 57", "cnt": 1}}, {"type": "Feature", "geometry": {"type": "Point", "coordinates": [126.821675, 35.189827]}, "properties": {"addr": "광산구 장신로82번길 57", "cnt": 1}}, {"type": "Feature", "geometry": {"type": "Point", "coordinates": [126.821675, 35.189827]}, "properties": {"addr": "광산구 장신로82번길 57", "cnt": 1}}, {"type": "Feature", "geometry": {"type": "Point", "coordinates": [126.799327, 35.17935]}, "properties": {"addr": "광산구 하남대로54번길 10", "cnt": 1}}, {"type": "Feature", "geometry": {"type": "Point", "coordinates": [126.799327, 35.17935]}, "properties": {"addr": "광산구 하남대로54번길 10", "cnt": 1}}, {"type": "Feature", "geometry": {"type": "Point", "coordinates": [126.80264, 35.178468]}, "properties": {"addr": "광산구 하남대로54번안길 133", "cnt": 1}}, {"type": "Feature", "geometry": {"type": "Point", "coordinates": [126.80264, 35.178468]}, "properties": {"addr": "광산구 하남대로54번안길 133", "cnt": 1}}, {"type": "Feature", "geometry": {"type": "Point", "coordinates": [126.8677, 35.15274]}, "properties": {"addr": "서구 상무대로967번길 12", "cnt": 1}}, {"type": "Feature", "geometry": {"type": "Point", "coordinates": [126.8677, 35.15274]}, "properties": {"addr": "서구 상무대로967번길 12", "cnt": 1}}, {"type": "Feature", "geometry": {"type": "Point", "coordinates": [126.8677, 35.15274]}, "properties": {"addr": "서구 상무대로967번길 12", "cnt": 2}}, {"type": "Feature", "geometry": {"type": "Point", "coordinates": [126.800719, 35.178144]}, "properties": {"addr": "광산구 하남대로54번안길 133", "cnt": 1}}, {"type": "Feature", "geometry": {"type": "Point", "coordinates": [126.800719, 35.178144]}, "properties": {"addr": "광산구 하남대로54번안길 133", "cnt": 1}}, {"type": "Feature", "geometry": {"type": "Point", "coordinates": [126.799971, 35.178221]}, "properties": {"addr": "광산구 하남대로54번안길 133", "cnt": 2}}, {"type": "Feature", "geometry": {"type": "Point", "coordinates": [126.800968, 35.179669]}, "properties": {"addr": "광산구 하남대로54번안길 133", "cnt": 1}}, {"type": "Feature", "geometry": {"type": "Point", "coordinates": [126.800968, 35.179669]}, "properties": {"addr": "광산구 하남대로54번안길 133", "cnt": 1}}, {"type": "Feature", "geometry": {"type": "Point", "coordinates": [126.910392, 35.146771]}, "properties": {"addr": "남구 구동 32-20", "cnt": 2}}, {"type": "Feature", "geometry": {"type": "Point", "coordinates": [126.90602, 35.1035]}, "properties": {"addr": "남구 노대실로 67", "cnt": 1}}, {"type": "Feature", "geometry": {"type": "Point", "coordinates": [126.90602, 35.1035]}, "properties": {"addr": "남구 노대실로 67", "cnt": 1}}, {"type": "Feature", "geometry": {"type": "Point", "coordinates": [126.90602, 35.1035]}, "properties": {"addr": "남구 노대실로 67", "cnt": 1}}, {"type": "Feature", "geometry": {"type": "Point", "coordinates": [126.901367, 35.11048]}, "properties": {"addr": "남구 효덕로 314-44", "cnt": 1}}, {"type": "Feature", "geometry": {"type": "Point", "coordinates": [126.901367, 35.11048]}, "properties": {"addr": "남구 효덕로 314-44", "cnt": 1}}, {"type": "Feature", "geometry": {"type": "Point", "coordinates": [126.901647, 35.109694]}, "properties": {"addr": "남구 효덕로 314-44", "cnt": 2}}, {"type": "Feature", "geometry": {"type": "Point", "coordinates": [126.8292, 35.1915]}, "properties": {"addr": "광산구 수완로 70", "cnt": 1}}, {"type": "Feature", "geometry": {"type": "Point", "coordinates": [126.8292, 35.1915]}, "properties": {"addr": "광산구 수완로 70", "cnt": 1}}, {"type": "Feature", "geometry": {"type": "Point", "coordinates": [126.899602, 35.103541]}, "properties": {"addr": "남구 효우로116번길 58", "cnt": 1}}, {"type": "Feature", "geometry": {"type": "Point", "coordinates": [126.899602, 35.103541]}, "properties": {"addr": "남구 효우로116번길 58", "cnt": 1}}, {"type": "Feature", "geometry": {"type": "Point", "coordinates": [126.906529, 35.107788]}, "properties": {"addr": "남구 노대동 826", "cnt": 2}}, {"type": "Feature", "geometry": {"type": "Point", "coordinates": [126.909088, 35.105677]}, "properties": {"addr": "남구 노대동 834", "cnt": 1}}, {"type": "Feature", "geometry": {"type": "Point", "coordinates": [126.909088, 35.105677]}, "properties": {"addr": "남구 노대동 834", "cnt": 2}}, {"type": "Feature", "geometry": {"type": "Point", "coordinates": [126.905509, 35.106596]}, "properties": {"addr": "남구 노대동 841", "cnt": 2}}, {"type": "Feature", "geometry": {"type": "Point", "coordinates": [126.904252, 35.103261]}, "properties": {"addr": "남구 효우로93번길 2", "cnt": 1}}, {"type": "Feature", "geometry": {"type": "Point", "coordinates": [126.904252, 35.103261]}, "properties": {"addr": "남구 효우로93번길 2", "cnt": 1}}, {"type": "Feature", "geometry": {"type": "Point", "coordinates": [126.904239, 35.103738]}, "properties": {"addr": "남구 효우로93번길 2", "cnt": 1}}, {"type": "Feature", "geometry": {"type": "Point", "coordinates": [126.904239, 35.103738]}, "properties": {"addr": "남구 효우로93번길 2", "cnt": 1}}, {"type": "Feature", "geometry": {"type": "Point", "coordinates": [126.904016, 35.103046]}, "properties": {"addr": "남구 효우로93번길 2", "cnt": 1}}, {"type": "Feature", "geometry": {"type": "Point", "coordinates": [126.904016, 35.103046]}, "properties": {"addr": "남구 효우로93번길 2", "cnt": 1}}, {"type": "Feature", "geometry": {"type": "Point", "coordinates": [126.905913, 35.10434]}, "properties": {"addr": "남구 효우로93번길 2", "cnt": 1}}, {"type": "Feature", "geometry": {"type": "Point", "coordinates": [126.905913, 35.10434]}, "properties": {"addr": "남구 효우로93번길 2", "cnt": 1}}, {"type": "Feature", "geometry": {"type": "Point", "coordinates": [126.904414, 35.104656]}, "properties": {"addr": "남구 효우로93번길 2", "cnt": 1}}, {"type": "Feature", "geometry": {"type": "Point", "coordinates": [126.904414, 35.104656]}, "properties": {"addr": "남구 효우로93번길 2", "cnt": 1}}, {"type": "Feature", "geometry": {"type": "Point", "coordinates": [126.920474, 35.133346]}, "properties": {"addr": "남구 방림로20번길 16", "cnt": 1}}, {"type": "Feature", "geometry": {"type": "Point", "coordinates": [126.920474, 35.133346]}, "properties": {"addr": "남구 방림로20번길 16", "cnt": 1}}, {"type": "Feature", "geometry": {"type": "Point", "coordinates": [126.915861, 35.132433]}, "properties": {"addr": "남구 방림동 538-1", "cnt": 3}}, {"type": "Feature", "geometry": {"type": "Point", "coordinates": [126.915861, 35.132433]}, "properties": {"addr": "남구 방림동 538-1", "cnt": 1}}, {"type": "Feature", "geometry": {"type": "Point", "coordinates": [126.917254, 35.132483]}, "properties": {"addr": "남구 용대로183번길 13", "cnt": 1}}, {"type": "Feature", "geometry": {"type": "Point", "coordinates": [126.917254, 35.132483]}, "properties": {"addr": "남구 용대로183번길 13", "cnt": 1}}, {"type": "Feature", "geometry": {"type": "Point", "coordinates": [126.91455, 35.130652]}, "properties": {"addr": "남구 봉선초등길 21-5", "cnt": 1}}, {"type": "Feature", "geometry": {"type": "Point", "coordinates": [126.914534, 35.130996]}, "properties": {"addr": "남구 봉선초등길 21-5", "cnt": 1}}, {"type": "Feature", "geometry": {"type": "Point", "coordinates": [126.91659, 35.129691]}, "properties": {"addr": "남구 용대로 149-14", "cnt": 1}}, {"type": "Feature", "geometry": {"type": "Point", "coordinates": [126.91659, 35.129691]}, "properties": {"addr": "남구 용대로 149-14", "cnt": 1}}, {"type": "Feature", "geometry": {"type": "Point", "coordinates": [126.8166, 35.19921]}, "properties": {"addr": "광산구 풍영로 312", "cnt": 2}}, {"type": "Feature", "geometry": {"type": "Point", "coordinates": [126.8166, 35.19921]}, "properties": {"addr": "광산구 풍영로 312", "cnt": 1}}, {"type": "Feature", "geometry": {"type": "Point", "coordinates": [126.923113, 35.131919]}, "properties": {"addr": "남구 방림동 90-45", "cnt": 2}}, {"type": "Feature", "geometry": {"type": "Point", "coordinates": [126.923113, 35.131919]}, "properties": {"addr": "남구 방림동 90-45", "cnt": 1}}, {"type": "Feature", "geometry": {"type": "Point", "coordinates": [126.901355, 35.138339]}, "properties": {"addr": "남구 독립로 51-1", "cnt": 1}}, {"type": "Feature", "geometry": {"type": "Point", "coordinates": [126.901355, 35.138339]}, "properties": {"addr": "남구 독립로 51-1", "cnt": 1}}, {"type": "Feature", "geometry": {"type": "Point", "coordinates": [126.901355, 35.138339]}, "properties": {"addr": "남구 독립로 51-1", "cnt": 2}}, {"type": "Feature", "geometry": {"type": "Point", "coordinates": [126.905059, 35.134272]}, "properties": {"addr": "남구 백운로5번길 43", "cnt": 2}}, {"type": "Feature", "geometry": {"type": "Point", "coordinates": [126.905059, 35.134272]}, "properties": {"addr": "남구 백운로5번길 43", "cnt": 1}}, {"type": "Feature", "geometry": {"type": "Point", "coordinates": [126.905059, 35.134272]}, "properties": {"addr": "남구 백운로5번길 43", "cnt": 1}}, {"type": "Feature", "geometry": {"type": "Point", "coordinates": [126.897096, 35.135434]}, "properties": {"addr": "남구 백운동 653-136", "cnt": 2}}, {"type": "Feature", "geometry": {"type": "Point", "coordinates": [126.897096, 35.135434]}, "properties": {"addr": "남구 백운동 653-136", "cnt": 1}}, {"type": "Feature", "geometry": {"type": "Point", "coordinates": [126.897208, 35.13521]}, "properties": {"addr": "동구 서석로 67", "cnt": 3}}, {"type": "Feature", "geometry": {"type": "Point", "coordinates": [126.897208, 35.13521]}, "properties": {"addr": "동구 서석로 67", "cnt": 1}}, {"type": "Feature", "geometry": {"type": "Point", "coordinates": [126.912083, 35.130208]}, "properties": {"addr": "남구 봉선중앙로 106", "cnt": 1}}, {"type": "Feature", "geometry": {"type": "Point", "coordinates": [126.912083, 35.130208]}, "properties": {"addr": "남구 봉선중앙로 106", "cnt": 1}}, {"type": "Feature", "geometry": {"type": "Point", "coordinates": [126.911337, 35.130331]}, "properties": {"addr": "남구 봉선중앙로 106", "cnt": 2}}, {"type": "Feature", "geometry": {"type": "Point", "coordinates": [126.914499, 35.121097]}, "properties": {"addr": "남구 제석로80번길 58-5", "cnt": 1}}, {"type": "Feature", "geometry": {"type": "Point", "coordinates": [126.914499, 35.121097]}, "properties": {"addr": "남구 제석로80번길 58-5", "cnt": 1}}, {"type": "Feature", "geometry": {"type": "Point", "coordinates": [126.908699, 35.123497]}, "properties": {"addr": "남구 봉선로122번길 4", "cnt": 1}}, {"type": "Feature", "geometry": {"type": "Point", "coordinates": [126.908699, 35.123497]}, "properties": {"addr": "남구 봉선로122번길 4", "cnt": 1}}, {"type": "Feature", "geometry": {"type": "Point", "coordinates": [126.8268, 35.19736]}, "properties": {"addr": "광산구 수완동 938", "cnt": 3}}, {"type": "Feature", "geometry": {"type": "Point", "coordinates": [126.910592, 35.121363]}, "properties": {"addr": "남구 봉선로144번길 8", "cnt": 2}}, {"type": "Feature", "geometry": {"type": "Point", "coordinates": [126.908474, 35.127268]}, "properties": {"addr": "남구 봉선1로16번안길 14", "cnt": 1}}, {"type": "Feature", "geometry": {"type": "Point", "coordinates": [126.908483, 35.127191]}, "properties": {"addr": "남구 봉선1로16번안길 14", "cnt": 1}}, {"type": "Feature", "geometry": {"type": "Point", "coordinates": [126.908483, 35.127191]}, "properties": {"addr": "남구 봉선1로16번안길 14", "cnt": 1}}, {"type": "Feature", "geometry": {"type": "Point", "coordinates": [126.912546, 35.128578]}, "properties": {"addr": "남구 유안초등북2길 17", "cnt": 1}}, {"type": "Feature", "geometry": {"type": "Point", "coordinates": [126.912546, 35.128578]}, "properties": {"addr": "남구 유안초등북2길 17", "cnt": 1}}, {"type": "Feature", "geometry": {"type": "Point", "coordinates": [126.915892, 35.121927]}, "properties": {"addr": "남구 봉선동 1064-3", "cnt": 1}}, {"type": "Feature", "geometry": {"type": "Point", "coordinates": [126.915892, 35.121927]}, "properties": {"addr": "남구 봉선동 1064-3", "cnt": 1}}, {"type": "Feature", "geometry": {"type": "Point", "coordinates": [126.91376, 35.124583]}, "properties": {"addr": "남구 봉선로175번길 16", "cnt": 1}}, {"type": "Feature", "geometry": {"type": "Point", "coordinates": [126.91376, 35.124583]}, "properties": {"addr": "남구 봉선로175번길 16", "cnt": 1}}, {"type": "Feature", "geometry": {"type": "Point", "coordinates": [126.918112, 35.125097]}, "properties": {"addr": "남구 용대로 99", "cnt": 1}}, {"type": "Feature", "geometry": {"type": "Point", "coordinates": [126.918112, 35.125097]}, "properties": {"addr": "남구 용대로 99", "cnt": 1}}, {"type": "Feature", "geometry": {"type": "Point", "coordinates": [126.915989, 35.123305]}, "properties": {"addr": "남구 봉선로 195", "cnt": 1}}, {"type": "Feature", "geometry": {"type": "Point", "coordinates": [126.915989, 35.123305]}, "properties": {"addr": "남구 봉선로 195", "cnt": 1}}, {"type": "Feature", "geometry": {"type": "Point", "coordinates": [126.915989, 35.123305]}, "properties": {"addr": "남구 봉선로 195", "cnt": 1}}, {"type": "Feature", "geometry": {"type": "Point", "coordinates": [126.911409, 35.131656]}, "properties": {"addr": "남구 봉선중앙로118번길 4", "cnt": 2}}, {"type": "Feature", "geometry": {"type": "Point", "coordinates": [126.912033, 35.129919]}, "properties": {"addr": "남구 봉선중길 14", "cnt": 2}}, {"type": "Feature", "geometry": {"type": "Point", "coordinates": [126.912314, 35.123579]}, "properties": {"addr": "남구 봉선중앙로 25", "cnt": 1}}, {"type": "Feature", "geometry": {"type": "Point", "coordinates": [126.912314, 35.123579]}, "properties": {"addr": "남구 봉선중앙로 25", "cnt": 1}}, {"type": "Feature", "geometry": {"type": "Point", "coordinates": [126.918118, 35.127903]}, "properties": {"addr": "남구 용대로 130", "cnt": 1}}, {"type": "Feature", "geometry": {"type": "Point", "coordinates": [126.918118, 35.127903]}, "properties": {"addr": "남구 용대로 130", "cnt": 2}}, {"type": "Feature", "geometry": {"type": "Point", "coordinates": [126.912452, 35.121237]}, "properties": {"addr": "남구 제석로80번길 47", "cnt": 2}}, {"type": "Feature", "geometry": {"type": "Point", "coordinates": [126.912452, 35.121237]}, "properties": {"addr": "남구 제석로80번길 47", "cnt": 1}}, {"type": "Feature", "geometry": {"type": "Point", "coordinates": [126.908506, 35.13012]}, "properties": {"addr": "남구 봉선1로37번길 25", "cnt": 1}}, {"type": "Feature", "geometry": {"type": "Point", "coordinates": [126.908506, 35.13012]}, "properties": {"addr": "남구 봉선1로37번길 25", "cnt": 1}}, {"type": "Feature", "geometry": {"type": "Point", "coordinates": [126.909129, 35.130585]}, "properties": {"addr": "남구 봉선1로37번길 25", "cnt": 1}}, {"type": "Feature", "geometry": {"type": "Point", "coordinates": [126.909129, 35.130585]}, "properties": {"addr": "남구 봉선1로37번길 25", "cnt": 2}}, {"type": "Feature", "geometry": {"type": "Point", "coordinates": [126.909129, 35.130585]}, "properties": {"addr": "남구 봉선1로37번길 25", "cnt": 1}}, {"type": "Feature", "geometry": {"type": "Point", "coordinates": [126.912034, 35.124225]}, "properties": {"addr": "남구 봉선중앙로 37", "cnt": 2}}, {"type": "Feature", "geometry": {"type": "Point", "coordinates": [126.903618, 35.144337]}, "properties": {"addr": "남구 서동로 2", "cnt": 2}}, {"type": "Feature", "geometry": {"type": "Point", "coordinates": [126.915512, 35.134665]}, "properties": {"addr": "남구 양림동 509", "cnt": 2}}, {"type": "Feature", "geometry": {"type": "Point", "coordinates": [126.890814, 35.146371]}, "properties": {"addr": "남구 대남대로390번길 11", "cnt": 3}}, {"type": "Feature", "geometry": {"type": "Point", "coordinates": [126.893975, 35.139223]}, "properties": {"addr": "남구 군분로62번길 10", "cnt": 1}}, {"type": "Feature", "geometry": {"type": "Point", "coordinates": [126.893975, 35.139223]}, "properties": {"addr": "남구 군분로62번길 10", "cnt": 1}}, {"type": "Feature", "geometry": {"type": "Point", "coordinates": [126.893451, 35.136675]}, "properties": {"addr": "남구 월산동 1047-13", "cnt": 1}}, {"type": "Feature", "geometry": {"type": "Point", "coordinates": [126.893451, 35.136675]}, "properties": {"addr": "남구 월산동 1047-13", "cnt": 1}}, {"type": "Feature", "geometry": {"type": "Point", "coordinates": [126.89582, 35.136449]}, "properties": {"addr": "남구 월산동 1048-121", "cnt": 1}}, {"type": "Feature", "geometry": {"type": "Point", "coordinates": [126.895921, 35.136607]}, "properties": {"addr": "남구 월산동 1048-121", "cnt": 1}}, {"type": "Feature", "geometry": {"type": "Point", "coordinates": [126.897899, 35.148153]}, "properties": {"addr": "남구 월산로116번길 6", "cnt": 2}}, {"type": "Feature", "geometry": {"type": "Point", "coordinates": [126.891604, 35.147963]}, "properties": {"addr": "남구 금화로 470", "cnt": 2}}, {"type": "Feature", "geometry": {"type": "Point", "coordinates": [126.891604, 35.147963]}, "properties": {"addr": "남구 금화로 470", "cnt": 1}}, {"type": "Feature", "geometry": {"type": "Point", "coordinates": [126.891604, 35.147963]}, "properties": {"addr": "남구 금화로 470", "cnt": 1}}, {"type": "Feature", "geometry": {"type": "Point", "coordinates": [126.890732, 35.149064]}, "properties": {"addr": "남구 금화로481번길 7", "cnt": 1}}, {"type": "Feature", "geometry": {"type": "Point", "coordinates": [126.890732, 35.149064]}, "properties": {"addr": "남구 금화로481번길 7", "cnt": 1}}, {"type": "Feature", "geometry": {"type": "Point", "coordinates": [126.899478, 35.141573]}, "properties": {"addr": "남구 월산로 37", "cnt": 1}}, {"type": "Feature", "geometry": {"type": "Point", "coordinates": [126.899478, 35.141573]}, "properties": {"addr": "남구 월산로 37", "cnt": 3}}, {"type": "Feature", "geometry": {"type": "Point", "coordinates": [126.804674, 35.067593]}, "properties": {"addr": "남구 월지길 19", "cnt": 1}}, {"type": "Feature", "geometry": {"type": "Point", "coordinates": [126.804674, 35.067593]}, "properties": {"addr": "남구 월지길 19", "cnt": 1}}, {"type": "Feature", "geometry": {"type": "Point", "coordinates": [126.894414, 35.13022]}, "properties": {"addr": "남구 회서로 30", "cnt": 2}}, {"type": "Feature", "geometry": {"type": "Point", "coordinates": [126.896157, 35.130895]}, "properties": {"addr": "남구 주월동 476-29", "cnt": 2}}, {"type": "Feature", "geometry": {"type": "Point", "coordinates": [126.905848, 35.128871]}, "properties": {"addr": "남구 봉선로51번길 14", "cnt": 2}}, {"type": "Feature", "geometry": {"type": "Point", "coordinates": [126.905848, 35.128871]}, "properties": {"addr": "남구 봉선로51번길 14", "cnt": 1}}, {"type": "Feature", "geometry": {"type": "Point", "coordinates": [126.906295, 35.12763]}, "properties": {"addr": "남구 봉선1로 6", "cnt": 1}}, {"type": "Feature", "geometry": {"type": "Point", "coordinates": [126.906295, 35.12763]}, "properties": {"addr": "남구 봉선1로 6", "cnt": 1}}, {"type": "Feature", "geometry": {"type": "Point", "coordinates": [126.904719, 35.126585]}, "properties": {"addr": "남구 봉선로84번길 19", "cnt": 1}}, {"type": "Feature", "geometry": {"type": "Point", "coordinates": [126.904719, 35.126585]}, "properties": {"addr": "남구 봉선로84번길 19", "cnt": 1}}, {"type": "Feature", "geometry": {"type": "Point", "coordinates": [126.894927, 35.127284]}, "properties": {"addr": "남구 금당로 116", "cnt": 1}}, {"type": "Feature", "geometry": {"type": "Point", "coordinates": [126.894927, 35.127284]}, "properties": {"addr": "남구 금당로 116", "cnt": 1}}, {"type": "Feature", "geometry": {"type": "Point", "coordinates": [126.893282, 35.126099]}, "properties": {"addr": "남구 서문대로749번마길 2", "cnt": 1}}, {"type": "Feature", "geometry": {"type": "Point", "coordinates": [126.893282, 35.126099]}, "properties": {"addr": "남구 서문대로749번마길 2", "cnt": 1}}, {"type": "Feature", "geometry": {"type": "Point", "coordinates": [126.895561, 35.131399]}, "properties": {"addr": "남구 주월동 482-5", "cnt": 2}}, {"type": "Feature", "geometry": {"type": "Point", "coordinates": [126.895561, 35.131399]}, "properties": {"addr": "남구 주월동 482-5", "cnt": 2}}, {"type": "Feature", "geometry": {"type": "Point", "coordinates": [126.891054, 35.136001]}, "properties": {"addr": "남구 봉주길 29", "cnt": 2}}, {"type": "Feature", "geometry": {"type": "Point", "coordinates": [126.891054, 35.136001]}, "properties": {"addr": "남구 봉주길 29", "cnt": 2}}, {"type": "Feature", "geometry": {"type": "Point", "coordinates": [126.829633, 35.084291]}, "properties": {"addr": "남구 지석동 325-5", "cnt": 1}}, {"type": "Feature", "geometry": {"type": "Point", "coordinates": [126.829633, 35.084291]}, "properties": {"addr": "남구 지석동 325-5", "cnt": 1}}, {"type": "Feature", "geometry": {"type": "Point", "coordinates": [126.902958, 35.115738]}, "properties": {"addr": "남구 서문대로654번길 46", "cnt": 1}}, {"type": "Feature", "geometry": {"type": "Point", "coordinates": [126.902958, 35.115738]}, "properties": {"addr": "남구 서문대로654번길 46", "cnt": 1}}, {"type": "Feature", "geometry": {"type": "Point", "coordinates": [126.902835, 35.115321]}, "properties": {"addr": "남구 서문대로654번길 45", "cnt": 2}}, {"type": "Feature", "geometry": {"type": "Point", "coordinates": [126.896948, 35.11944]}, "properties": {"addr": "남구 광복마을3길 9", "cnt": 1}}, {"type": "Feature", "geometry": {"type": "Point", "coordinates": [126.896948, 35.11944]}, "properties": {"addr": "남구 광복마을3길 9", "cnt": 1}}, {"type": "Feature", "geometry": {"type": "Point", "coordinates": [126.895089, 35.1205]}, "properties": {"addr": "남구 진월동 362-3", "cnt": 2}}, {"type": "Feature", "geometry": {"type": "Point", "coordinates": [126.895089, 35.1205]}, "properties": {"addr": "남구 진월동 362-3", "cnt": 2}}, {"type": "Feature", "geometry": {"type": "Point", "coordinates": [126.89742, 35.115863]}, "properties": {"addr": "남구 진월동 424-9", "cnt": 1}}, {"type": "Feature", "geometry": {"type": "Point", "coordinates": [126.89742, 35.115863]}, "properties": {"addr": "남구 진월동 424-9", "cnt": 1}}, {"type": "Feature", "geometry": {"type": "Point", "coordinates": [126.897766, 35.116894]}, "properties": {"addr": "남구 진월동 424-9", "cnt": 1}}, {"type": "Feature", "geometry": {"type": "Point", "coordinates": [126.897766, 35.116894]}, "properties": {"addr": "남구 진월동 424-9", "cnt": 1}}, {"type": "Feature", "geometry": {"type": "Point", "coordinates": [126.899327, 35.116616]}, "properties": {"addr": "남구 진월동 481-27", "cnt": 1}}, {"type": "Feature", "geometry": {"type": "Point", "coordinates": [126.899327, 35.116616]}, "properties": {"addr": "남구 진월동 481-27", "cnt": 1}}, {"type": "Feature", "geometry": {"type": "Point", "coordinates": [126.899436, 35.11645]}, "properties": {"addr": "남구 진월동 481-27", "cnt": 1}}, {"type": "Feature", "geometry": {"type": "Point", "coordinates": [126.898892, 35.114849]}, "properties": {"addr": "남구 서문대로622번길 8", "cnt": 2}}, {"type": "Feature", "geometry": {"type": "Point", "coordinates": [126.898892, 35.114849]}, "properties": {"addr": "남구 서문대로622번길 8", "cnt": 1}}, {"type": "Feature", "geometry": {"type": "Point", "coordinates": [126.901852, 35.113236]}, "properties": {"addr": "남구 진제길 7", "cnt": 1}}, {"type": "Feature", "geometry": {"type": "Point", "coordinates": [126.901852, 35.113236]}, "properties": {"addr": "남구 진제길 7", "cnt": 1}}, {"type": "Feature", "geometry": {"type": "Point", "coordinates": [126.897355, 35.113595]}, "properties": {"addr": "남구 화산로 7", "cnt": 2}}, {"type": "Feature", "geometry": {"type": "Point", "coordinates": [126.898399, 35.111915]}, "properties": {"addr": "남구 진월동 500-6", "cnt": 2}}, {"type": "Feature", "geometry": {"type": "Point", "coordinates": [126.878803, 35.100449]}, "properties": {"addr": "남구 행암동 504", "cnt": 1}}, {"type": "Feature", "geometry": {"type": "Point", "coordinates": [126.878803, 35.100449]}, "properties": {"addr": "남구 행암동 504", "cnt": 1}}, {"type": "Feature", "geometry": {"type": "Point", "coordinates": [126.922183, 35.160746]}, "properties": {"addr": "동구 무등로359번길 2", "cnt": 1}}, {"type": "Feature", "geometry": {"type": "Point", "coordinates": [126.922183, 35.160746]}, "properties": {"addr": "동구 무등로359번길 2", "cnt": 1}}, {"type": "Feature", "geometry": {"type": "Point", "coordinates": [126.92794, 35.160891]}, "properties": {"addr": "동구 계림동 1730", "cnt": 1}}, {"type": "Feature", "geometry": {"type": "Point", "coordinates": [126.92794, 35.160891]}, "properties": {"addr": "동구 계림동 1730", "cnt": 1}}, {"type": "Feature", "geometry": {"type": "Point", "coordinates": [126.923804, 35.158436]}, "properties": {"addr": "동구 계림동 17-6", "cnt": 1}}, {"type": "Feature", "geometry": {"type": "Point", "coordinates": [126.923804, 35.158436]}, "properties": {"addr": "동구 계림동 17-6", "cnt": 1}}, {"type": "Feature", "geometry": {"type": "Point", "coordinates": [126.917411, 35.161604]}, "properties": {"addr": "동구 중흥로209번길 18", "cnt": 1}}, {"type": "Feature", "geometry": {"type": "Point", "coordinates": [126.917411, 35.161604]}, "properties": {"addr": "동구 중흥로209번길 18", "cnt": 1}}, {"type": "Feature", "geometry": {"type": "Point", "coordinates": [126.917411, 35.161604]}, "properties": {"addr": "동구 중흥로209번길 18", "cnt": 1}}, {"type": "Feature", "geometry": {"type": "Point", "coordinates": [126.9181, 35.162044]}, "properties": {"addr": "동구 무등로 319", "cnt": 2}}, {"type": "Feature", "geometry": {"type": "Point", "coordinates": [126.9181, 35.162044]}, "properties": {"addr": "동구 무등로 319", "cnt": 1}}, {"type": "Feature", "geometry": {"type": "Point", "coordinates": [126.919863, 35.160377]}, "properties": {"addr": "동구 중앙로 319-4", "cnt": 1}}, {"type": "Feature", "geometry": {"type": "Point", "coordinates": [126.919863, 35.160377]}, "properties": {"addr": "동구 중앙로 319-4", "cnt": 1}}, {"type": "Feature", "geometry": {"type": "Point", "coordinates": [126.919863, 35.160377]}, "properties": {"addr": "동구 중앙로 319-4", "cnt": 1}}, {"type": "Feature", "geometry": {"type": "Point", "coordinates": [126.919863, 35.160377]}, "properties": {"addr": "동구 중앙로 319-4", "cnt": 1}}, {"type": "Feature", "geometry": {"type": "Point", "coordinates": [126.920291, 35.159993]}, "properties": {"addr": "동구 중앙로 319", "cnt": 1}}, {"type": "Feature", "geometry": {"type": "Point", "coordinates": [126.920291, 35.159993]}, "properties": {"addr": "동구 중앙로 319", "cnt": 1}}, {"type": "Feature", "geometry": {"type": "Point", "coordinates": [126.917411, 35.163769]}, "properties": {"addr": "동구 계림동 730-1", "cnt": 1}}, {"type": "Feature", "geometry": {"type": "Point", "coordinates": [126.917411, 35.163769]}, "properties": {"addr": "동구 계림동 730-1", "cnt": 1}}, {"type": "Feature", "geometry": {"type": "Point", "coordinates": [126.932801, 35.121619]}, "properties": {"addr": "동구 남문로565번길 1", "cnt": 1}}, {"type": "Feature", "geometry": {"type": "Point", "coordinates": [126.932801, 35.121619]}, "properties": {"addr": "동구 남문로565번길 1", "cnt": 1}}, {"type": "Feature", "geometry": {"type": "Point", "coordinates": [126.932801, 35.121619]}, "properties": {"addr": "동구 남문로565번길 1", "cnt": 1}}, {"type": "Feature", "geometry": {"type": "Point", "coordinates": [126.921504, 35.162556]}, "properties": {"addr": "동구 중앙로342번길 27-26", "cnt": 1}}, {"type": "Feature", "geometry": {"type": "Point", "coordinates": [126.921504, 35.162556]}, "properties": {"addr": "동구 중앙로342번길 27-26", "cnt": 1}}, {"type": "Feature", "geometry": {"type": "Point", "coordinates": [126.917918, 35.15195]}, "properties": {"addr": "동구 제봉로 171", "cnt": 1}}, {"type": "Feature", "geometry": {"type": "Point", "coordinates": [126.917918, 35.15195]}, "properties": {"addr": "동구 제봉로 171", "cnt": 1}}, {"type": "Feature", "geometry": {"type": "Point", "coordinates": [126.918548, 35.150826]}, "properties": {"addr": "동구 서석로85번길 23", "cnt": 1}}, {"type": "Feature", "geometry": {"type": "Point", "coordinates": [126.918548, 35.150826]}, "properties": {"addr": "동구 서석로85번길 23", "cnt": 2}}, {"type": "Feature", "geometry": {"type": "Point", "coordinates": [126.915523, 35.14969]}, "properties": {"addr": "동구 금남로3가 20-2", "cnt": 2}}, {"type": "Feature", "geometry": {"type": "Point", "coordinates": [126.915245, 35.149662]}, "properties": {"addr": "동구 금남로3가 20-2", "cnt": 1}}, {"type": "Feature", "geometry": {"type": "Point", "coordinates": [126.915245, 35.149662]}, "properties": {"addr": "동구 금남로3가 20-2", "cnt": 1}}, {"type": "Feature", "geometry": {"type": "Point", "coordinates": [126.921311, 35.144678]}, "properties": {"addr": "동구 남동 59", "cnt": 2}}, {"type": "Feature", "geometry": {"type": "Point", "coordinates": [126.921311, 35.144678]}, "properties": {"addr": "동구 남동 59", "cnt": 1}}, {"type": "Feature", "geometry": {"type": "Point", "coordinates": [126.921311, 35.144678]}, "properties": {"addr": "동구 남동 59", "cnt": 1}}, {"type": "Feature", "geometry": {"type": "Point", "coordinates": [126.915145, 35.155538]}, "properties": {"addr": "동구 동계천로 26   ", "cnt": 1}}, {"type": "Feature", "geometry": {"type": "Point", "coordinates": [126.915145, 35.155538]}, "properties": {"addr": "동구 동계천로 26   ", "cnt": 1}}, {"type": "Feature", "geometry": {"type": "Point", "coordinates": [126.928401, 35.149656]}, "properties": {"addr": "동구 동명동 36-7", "cnt": 1}}, {"type": "Feature", "geometry": {"type": "Point", "coordinates": [126.928401, 35.149656]}, "properties": {"addr": "동구 동명동 36-7", "cnt": 1}}, {"type": "Feature", "geometry": {"type": "Point", "coordinates": [126.921251, 35.152281]}, "properties": {"addr": "동구 동계천로85번길 6-12", "cnt": 2}}, {"type": "Feature", "geometry": {"type": "Point", "coordinates": [126.924294, 35.154535]}, "properties": {"addr": "동구 동계로 33", "cnt": 2}}, {"type": "Feature", "geometry": {"type": "Point", "coordinates": [126.936089, 35.160686]}, "properties": {"addr": "동구 밤실로 142", "cnt": 1}}, {"type": "Feature", "geometry": {"type": "Point", "coordinates": [126.936089, 35.160686]}, "properties": {"addr": "동구 밤실로 142", "cnt": 1}}, {"type": "Feature", "geometry": {"type": "Point", "coordinates": [126.927743, 35.154868]}, "properties": {"addr": "동구 산수길 8", "cnt": 2}}, {"type": "Feature", "geometry": {"type": "Point", "coordinates": [126.928964, 35.155447]}, "properties": {"addr": "동구 산수동 404-4", "cnt": 1}}, {"type": "Feature", "geometry": {"type": "Point", "coordinates": [126.928964, 35.155447]}, "properties": {"addr": "동구 산수동 404-4", "cnt": 1}}, {"type": "Feature", "geometry": {"type": "Point", "coordinates": [126.928471, 35.154718]}, "properties": {"addr": "동구 경양로 355", "cnt": 1}}, {"type": "Feature", "geometry": {"type": "Point", "coordinates": [126.928471, 35.154718]}, "properties": {"addr": "동구 경양로 355", "cnt": 1}}, {"type": "Feature", "geometry": {"type": "Point", "coordinates": [126.929317, 35.15482]}, "properties": {"addr": "동구 산수동 401-1", "cnt": 1}}, {"type": "Feature", "geometry": {"type": "Point", "coordinates": [126.929317, 35.15482]}, "properties": {"addr": "동구 산수동 401-1", "cnt": 1}}, {"type": "Feature", "geometry": {"type": "Point", "coordinates": [126.927659, 35.15628]}, "properties": {"addr": "동구 산수동 407-10", "cnt": 1}}, {"type": "Feature", "geometry": {"type": "Point", "coordinates": [126.927659, 35.15628]}, "properties": {"addr": "동구 산수동 407-10", "cnt": 1}}, {"type": "Feature", "geometry": {"type": "Point", "coordinates": [126.932045, 35.158079]}, "properties": {"addr": "동구 필문대로145번길 1-10", "cnt": 1}}, {"type": "Feature", "geometry": {"type": "Point", "coordinates": [126.932045, 35.158079]}, "properties": {"addr": "동구 필문대로145번길 1-10", "cnt": 1}}, {"type": "Feature", "geometry": {"type": "Point", "coordinates": [126.932044, 35.155071]}, "properties": {"addr": "동구 필문대로 173", "cnt": 1}}, {"type": "Feature", "geometry": {"type": "Point", "coordinates": [126.932044, 35.155071]}, "properties": {"addr": "동구 필문대로 173", "cnt": 1}}, {"type": "Feature", "geometry": {"type": "Point", "coordinates": [126.929627, 35.155696]}, "properties": {"addr": "동구 경양로371번길 20", "cnt": 1}}, {"type": "Feature", "geometry": {"type": "Point", "coordinates": [126.929627, 35.155696]}, "properties": {"addr": "동구 경양로371번길 20", "cnt": 2}}, {"type": "Feature", "geometry": {"type": "Point", "coordinates": [126.935038, 35.159181]}, "properties": {"addr": "동구 산수동 568-2", "cnt": 1}}, {"type": "Feature", "geometry": {"type": "Point", "coordinates": [126.935038, 35.159181]}, "properties": {"addr": "동구 산수동 568-2", "cnt": 1}}, {"type": "Feature", "geometry": {"type": "Point", "coordinates": [126.935354, 35.160385]}, "properties": {"addr": "동구 밤실로 142", "cnt": 1}}, {"type": "Feature", "geometry": {"type": "Point", "coordinates": [126.935354, 35.160385]}, "properties": {"addr": "동구 밤실로 142", "cnt": 1}}, {"type": "Feature", "geometry": {"type": "Point", "coordinates": [126.937211, 35.161611]}, "properties": {"addr": "동구 밤실로 150", "cnt": 1}}, {"type": "Feature", "geometry": {"type": "Point", "coordinates": [126.937211, 35.161611]}, "properties": {"addr": "동구 밤실로 150", "cnt": 1}}, {"type": "Feature", "geometry": {"type": "Point", "coordinates": [126.937281, 35.160272]}, "properties": {"addr": "동구 산수동 708", "cnt": 2}}, {"type": "Feature", "geometry": {"type": "Point", "coordinates": [126.937281, 35.160272]}, "properties": {"addr": "동구 산수동 708", "cnt": 1}}, {"type": "Feature", "geometry": {"type": "Point", "coordinates": [126.937281, 35.160272]}, "properties": {"addr": "동구 산수동 708", "cnt": 1}}, {"type": "Feature", "geometry": {"type": "Point", "coordinates": [126.937897, 35.156576]}, "properties": {"addr": "동구 산수동 95-3", "cnt": 1}}, {"type": "Feature", "geometry": {"type": "Point", "coordinates": [126.937897, 35.156576]}, "properties": {"addr": "동구 산수동 95-3", "cnt": 2}}, {"type": "Feature", "geometry": {"type": "Point", "coordinates": [126.9244, 35.146327]}, "properties": {"addr": "동구 서석동 17-6", "cnt": 1}}, {"type": "Feature", "geometry": {"type": "Point", "coordinates": [126.9244, 35.146327]}, "properties": {"addr": "동구 서석동 17-6", "cnt": 1}}, {"type": "Feature", "geometry": {"type": "Point", "coordinates": [126.923764, 35.147365]}, "properties": {"addr": "동구 서석동 132", "cnt": 1}}, {"type": "Feature", "geometry": {"type": "Point", "coordinates": [126.923764, 35.147365]}, "properties": {"addr": "동구 서석동 132", "cnt": 1}}, {"type": "Feature", "geometry": {"type": "Point", "coordinates": [126.938704, 35.121307]}, "properties": {"addr": "동구 소태길 55", "cnt": 2}}, {"type": "Feature", "geometry": {"type": "Point", "coordinates": [126.935369, 35.124385]}, "properties": {"addr": "동구 지원로 27", "cnt": 1}}, {"type": "Feature", "geometry": {"type": "Point", "coordinates": [126.936713, 35.126069]}, "properties": {"addr": "동구 학소로62번길 22", "cnt": 1}}, {"type": "Feature", "geometry": {"type": "Point", "coordinates": [126.936713, 35.126069]}, "properties": {"addr": "동구 학소로62번길 22", "cnt": 1}}, {"type": "Feature", "geometry": {"type": "Point", "coordinates": [126.93222, 35.125566]}, "properties": {"addr": "동구 지원로5번길 20", "cnt": 1}}, {"type": "Feature", "geometry": {"type": "Point", "coordinates": [126.93222, 35.125566]}, "properties": {"addr": "동구 지원로5번길 20", "cnt": 1}}, {"type": "Feature", "geometry": {"type": "Point", "coordinates": [126.934591, 35.122835]}, "properties": {"addr": "동구 학소로 32", "cnt": 1}}, {"type": "Feature", "geometry": {"type": "Point", "coordinates": [126.934591, 35.122835]}, "properties": {"addr": "동구 학소로 32", "cnt": 1}}, {"type": "Feature", "geometry": {"type": "Point", "coordinates": [126.934197, 35.120763]}, "properties": {"addr": "동구 학소로 32", "cnt": 1}}, {"type": "Feature", "geometry": {"type": "Point", "coordinates": [126.934197, 35.120763]}, "properties": {"addr": "동구 학소로 32", "cnt": 2}}, {"type": "Feature", "geometry": {"type": "Point", "coordinates": [126.939913, 35.130308]}, "properties": {"addr": "동구 태봉길 25", "cnt": 1}}, {"type": "Feature", "geometry": {"type": "Point", "coordinates": [126.939913, 35.130308]}, "properties": {"addr": "동구 태봉길 25", "cnt": 1}}, {"type": "Feature", "geometry": {"type": "Point", "coordinates": [126.930466, 35.117518]}, "properties": {"addr": "동구 화산로 318-7", "cnt": 1}}, {"type": "Feature", "geometry": {"type": "Point", "coordinates": [126.930466, 35.117518]}, "properties": {"addr": "동구 화산로 318-7", "cnt": 1}}, {"type": "Feature", "geometry": {"type": "Point", "coordinates": [126.931036, 35.118983]}, "properties": {"addr": "동구 용산동 182-6", "cnt": 1}}, {"type": "Feature", "geometry": {"type": "Point", "coordinates": [126.931036, 35.118983]}, "properties": {"addr": "동구 용산동 182-6", "cnt": 1}}, {"type": "Feature", "geometry": {"type": "Point", "coordinates": [126.953182, 35.133839]}, "properties": {"addr": "동구 증심사길 2", "cnt": 1}}, {"type": "Feature", "geometry": {"type": "Point", "coordinates": [126.953182, 35.133839]}, "properties": {"addr": "동구 증심사길 2", "cnt": 1}}, {"type": "Feature", "geometry": {"type": "Point", "coordinates": [126.947582, 35.13301]}, "properties": {"addr": "동구 의재로 181", "cnt": 1}}, {"type": "Feature", "geometry": {"type": "Point", "coordinates": [126.947582, 35.13301]}, "properties": {"addr": "동구 의재로 181", "cnt": 1}}, {"type": "Feature", "geometry": {"type": "Point", "coordinates": [126.943028, 35.132692]}, "properties": {"addr": "동구 의재로 149-7", "cnt": 1}}, {"type": "Feature", "geometry": {"type": "Point", "coordinates": [126.943028, 35.132692]}, "properties": {"addr": "동구 의재로 149-7", "cnt": 1}}, {"type": "Feature", "geometry": {"type": "Point", "coordinates": [126.943579, 35.132715]}, "properties": {"addr": "동구 의재로 149-7", "cnt": 1}}, {"type": "Feature", "geometry": {"type": "Point", "coordinates": [126.910031, 35.149472]}, "properties": {"addr": "동구 천변우로 349", "cnt": 1}}, {"type": "Feature", "geometry": {"type": "Point", "coordinates": [126.910031, 35.149472]}, "properties": {"addr": "동구 천변우로 349", "cnt": 1}}, {"type": "Feature", "geometry": {"type": "Point", "coordinates": [126.910031, 35.149472]}, "properties": {"addr": "동구 천변우로 349", "cnt": 2}}, {"type": "Feature", "geometry": {"type": "Point", "coordinates": [126.944178, 35.130891]}, "properties": {"addr": "동구 운림동 693", "cnt": 1}}, {"type": "Feature", "geometry": {"type": "Point", "coordinates": [126.944178, 35.130891]}, "properties": {"addr": "동구 운림동 693", "cnt": 1}}, {"type": "Feature", "geometry": {"type": "Point", "coordinates": [126.944116, 35.130882]}, "properties": {"addr": "동구 용산동 636-132", "cnt": 1}}, {"type": "Feature", "geometry": {"type": "Point", "coordinates": [126.944116, 35.130882]}, "properties": {"addr": "동구 용산동 636-132", "cnt": 2}}, {"type": "Feature", "geometry": {"type": "Point", "coordinates": [126.944599, 35.130908]}, "properties": {"addr": "동구 운림동 693", "cnt": 3}}, {"type": "Feature", "geometry": {"type": "Point", "coordinates": [126.944599, 35.130908]}, "properties": {"addr": "동구 운림동 693", "cnt": 1}}, {"type": "Feature", "geometry": {"type": "Point", "coordinates": [126.934485, 35.147889]}, "properties": {"addr": "동구 지호로 51", "cnt": 1}}, {"type": "Feature", "geometry": {"type": "Point", "coordinates": [126.934485, 35.147889]}, "properties": {"addr": "동구 지호로 51", "cnt": 1}}, {"type": "Feature", "geometry": {"type": "Point", "coordinates": [126.93279, 35.148664]}, "properties": {"addr": "동구 지산로 54", "cnt": 1}}, {"type": "Feature", "geometry": {"type": "Point", "coordinates": [126.93279, 35.148664]}, "properties": {"addr": "동구 지산로 54", "cnt": 1}}, {"type": "Feature", "geometry": {"type": "Point", "coordinates": [126.928619, 35.150134]}, "properties": {"addr": "동구 지산동 677-3", "cnt": 1}}, {"type": "Feature", "geometry": {"type": "Point", "coordinates": [126.928619, 35.150134]}, "properties": {"addr": "동구 지산동 677-3", "cnt": 1}}, {"type": "Feature", "geometry": {"type": "Point", "coordinates": [126.939001, 35.135203]}, "properties": {"addr": "동구 증심천로 120", "cnt": 2}}, {"type": "Feature", "geometry": {"type": "Point", "coordinates": [126.935245, 35.130897]}, "properties": {"addr": "동구 증심천로 53", "cnt": 2}}, {"type": "Feature", "geometry": {"type": "Point", "coordinates": [126.921391, 35.13854]}, "properties": {"addr": "동구 제봉로 7", "cnt": 1}}, {"type": "Feature", "geometry": {"type": "Point", "coordinates": [126.921391, 35.13854]}, "properties": {"addr": "동구 제봉로 7", "cnt": 1}}, {"type": "Feature", "geometry": {"type": "Point", "coordinates": [126.927181, 35.135966]}, "properties": {"addr": "동구 학동 625", "cnt": 1}}, {"type": "Feature", "geometry": {"type": "Point", "coordinates": [126.927181, 35.135966]}, "properties": {"addr": "동구 학동 625", "cnt": 1}}, {"type": "Feature", "geometry": {"type": "Point", "coordinates": [126.927042, 35.135934]}, "properties": {"addr": "동구 학동 625", "cnt": 1}}, {"type": "Feature", "geometry": {"type": "Point", "coordinates": [126.927042, 35.135934]}, "properties": {"addr": "동구 학동 625", "cnt": 1}}, {"type": "Feature", "geometry": {"type": "Point", "coordinates": [126.926826, 35.135852]}, "properties": {"addr": "동구 학동 625", "cnt": 1}}, {"type": "Feature", "geometry": {"type": "Point", "coordinates": [126.926477, 35.135963]}, "properties": {"addr": "동구 학동 625", "cnt": 1}}, {"type": "Feature", "geometry": {"type": "Point", "coordinates": [126.926477, 35.135963]}, "properties": {"addr": "동구 학동 625", "cnt": 1}}, {"type": "Feature", "geometry": {"type": "Point", "coordinates": [126.932064, 35.131848]}, "properties": {"addr": "동구 학소로 137", "cnt": 3}}, {"type": "Feature", "geometry": {"type": "Point", "coordinates": [126.926224, 35.131196]}, "properties": {"addr": "동구 학동 898-16", "cnt": 1}}, {"type": "Feature", "geometry": {"type": "Point", "coordinates": [126.926224, 35.131196]}, "properties": {"addr": "동구 학동 898-16", "cnt": 1}}, {"type": "Feature", "geometry": {"type": "Point", "coordinates": [126.868007, 35.187722]}, "properties": {"addr": "북구 동림용산로 7", "cnt": 1}}, {"type": "Feature", "geometry": {"type": "Point", "coordinates": [126.868007, 35.187722]}, "properties": {"addr": "북구 동림용산로 7", "cnt": 1}}, {"type": "Feature", "geometry": {"type": "Point", "coordinates": [126.867905, 35.188068]}, "properties": {"addr": "북구 동림용산로 30", "cnt": 1}}, {"type": "Feature", "geometry": {"type": "Point", "coordinates": [126.867905, 35.188068]}, "properties": {"addr": "북구 동림용산로 30", "cnt": 2}}, {"type": "Feature", "geometry": {"type": "Point", "coordinates": [126.862917, 35.188944]}, "properties": {"addr": "북구 동림동 138-1", "cnt": 1}}, {"type": "Feature", "geometry": {"type": "Point", "coordinates": [126.862917, 35.188944]}, "properties": {"addr": "북구 동림동 138-1", "cnt": 1}}, {"type": "Feature", "geometry": {"type": "Point", "coordinates": [126.86572, 35.176288]}, "properties": {"addr": "북구 유림로160번길 15", "cnt": 1}}, {"type": "Feature", "geometry": {"type": "Point", "coordinates": [126.86572, 35.176288]}, "properties": {"addr": "북구 유림로160번길 15", "cnt": 1}}, {"type": "Feature", "geometry": {"type": "Point", "coordinates": [126.932699, 35.173602]}, "properties": {"addr": "북구 군왕로 135", "cnt": 1}}, {"type": "Feature", "geometry": {"type": "Point", "coordinates": [126.932699, 35.173602]}, "properties": {"addr": "북구 군왕로 135", "cnt": 1}}, {"type": "Feature", "geometry": {"type": "Point", "coordinates": [126.933522, 35.169959]}, "properties": {"addr": "북구 참판로 138", "cnt": 3}}, {"type": "Feature", "geometry": {"type": "Point", "coordinates": [126.928091, 35.179285]}, "properties": {"addr": "북구 평교로30번길 55", "cnt": 1}}, {"type": "Feature", "geometry": {"type": "Point", "coordinates": [126.928091, 35.179285]}, "properties": {"addr": "북구 평교로30번길 55", "cnt": 2}}, {"type": "Feature", "geometry": {"type": "Point", "coordinates": [126.933112, 35.17679]}, "properties": {"addr": "북구 군왕로171번길 10-7", "cnt": 1}}, {"type": "Feature", "geometry": {"type": "Point", "coordinates": [126.933112, 35.17679]}, "properties": {"addr": "북구 군왕로171번길 10-7", "cnt": 1}}, {"type": "Feature", "geometry": {"type": "Point", "coordinates": [126.933112, 35.17679]}, "properties": {"addr": "북구 군왕로171번길 10-7", "cnt": 1}}, {"type": "Feature", "geometry": {"type": "Point", "coordinates": [126.931103, 35.170889]}, "properties": {"addr": "북구 서방로181번길 43", "cnt": 1}}, {"type": "Feature", "geometry": {"type": "Point", "coordinates": [126.931103, 35.170889]}, "properties": {"addr": "북구 서방로181번길 43", "cnt": 1}}, {"type": "Feature", "geometry": {"type": "Point", "coordinates": [126.931103, 35.170889]}, "properties": {"addr": "북구 서방로181번길 43", "cnt": 1}}, {"type": "Feature", "geometry": {"type": "Point", "coordinates": [126.931127, 35.169568]}, "properties": {"addr": "북구 군왕로93번길 24", "cnt": 2}}, {"type": "Feature", "geometry": {"type": "Point", "coordinates": [126.931127, 35.169568]}, "properties": {"addr": "북구 군왕로93번길 24", "cnt": 2}}, {"type": "Feature", "geometry": {"type": "Point", "coordinates": [126.927877, 35.168696]}, "properties": {"addr": "북구 서방로148번길 18", "cnt": 1}}, {"type": "Feature", "geometry": {"type": "Point", "coordinates": [126.927877, 35.168696]}, "properties": {"addr": "북구 서방로148번길 18", "cnt": 1}}, {"type": "Feature", "geometry": {"type": "Point", "coordinates": [126.937224, 35.1695]}, "properties": {"addr": "북구 삼정로 83", "cnt": 2}}, {"type": "Feature", "geometry": {"type": "Point", "coordinates": [126.935858, 35.170551]}, "properties": {"addr": "북구 삼정로95번길 27", "cnt": 1}}, {"type": "Feature", "geometry": {"type": "Point", "coordinates": [126.935858, 35.170551]}, "properties": {"addr": "북구 삼정로95번길 27", "cnt": 1}}, {"type": "Feature", "geometry": {"type": "Point", "coordinates": [126.938302, 35.169404]}, "properties": {"addr": "북구 삼정로82번길 13-4", "cnt": 1}}, {"type": "Feature", "geometry": {"type": "Point", "coordinates": [126.938302, 35.169404]}, "properties": {"addr": "북구 삼정로82번길 13-4", "cnt": 2}}, {"type": "Feature", "geometry": {"type": "Point", "coordinates": [126.935664, 35.168478]}, "properties": {"addr": "북구 삼정로 71-1", "cnt": 1}}, {"type": "Feature", "geometry": {"type": "Point", "coordinates": [126.935664, 35.168478]}, "properties": {"addr": "북구 삼정로 71-1", "cnt": 1}}, {"type": "Feature", "geometry": {"type": "Point", "coordinates": [126.935652, 35.165585]}, "properties": {"addr": "북구 밤실로208번길 55", "cnt": 1}}, {"type": "Feature", "geometry": {"type": "Point", "coordinates": [126.935652, 35.165585]}, "properties": {"addr": "북구 밤실로208번길 55", "cnt": 1}}, {"type": "Feature", "geometry": {"type": "Point", "coordinates": [126.935649, 35.164673]}, "properties": {"addr": "북구 삼정로 7", "cnt": 1}}, {"type": "Feature", "geometry": {"type": "Point", "coordinates": [126.935649, 35.164673]}, "properties": {"addr": "북구 삼정로 7", "cnt": 1}}, {"type": "Feature", "geometry": {"type": "Point", "coordinates": [126.937469, 35.167435]}, "properties": {"addr": "북구 삼정로 64", "cnt": 1}}, {"type": "Feature", "geometry": {"type": "Point", "coordinates": [126.937469, 35.167435]}, "properties": {"addr": "북구 삼정로 64", "cnt": 1}}, {"type": "Feature", "geometry": {"type": "Point", "coordinates": [126.937184, 35.165174]}, "properties": {"addr": "북구 삼정로 36", "cnt": 2}}, {"type": "Feature", "geometry": {"type": "Point", "coordinates": [126.938588, 35.161972]}, "properties": {"addr": "북구 갈마로 73", "cnt": 1}}, {"type": "Feature", "geometry": {"type": "Point", "coordinates": [126.938588, 35.161972]}, "properties": {"addr": "북구 갈마로 73", "cnt": 1}}, {"type": "Feature", "geometry": {"type": "Point", "coordinates": [126.894782, 35.193829]}, "properties": {"addr": "북구 초당로 25", "cnt": 1}}, {"type": "Feature", "geometry": {"type": "Point", "coordinates": [126.894782, 35.193829]}, "properties": {"addr": "북구 초당로 25", "cnt": 1}}, {"type": "Feature", "geometry": {"type": "Point", "coordinates": [126.88937, 35.188085]}, "properties": {"addr": "북구 매곡동 369-8", "cnt": 1}}, {"type": "Feature", "geometry": {"type": "Point", "coordinates": [126.88937, 35.188085]}, "properties": {"addr": "북구 매곡동 369-8", "cnt": 1}}, {"type": "Feature", "geometry": {"type": "Point", "coordinates": [126.91925, 35.185646]}, "properties": {"addr": "북구 대천로 119-1", "cnt": 1}}, {"type": "Feature", "geometry": {"type": "Point", "coordinates": [126.91925, 35.185646]}, "properties": {"addr": "북구 대천로 119-1", "cnt": 1}}, {"type": "Feature", "geometry": {"type": "Point", "coordinates": [126.915598, 35.185]}, "properties": {"addr": "북구 대천로 86", "cnt": 1}}, {"type": "Feature", "geometry": {"type": "Point", "coordinates": [126.915598, 35.185]}, "properties": {"addr": "북구 대천로 86", "cnt": 2}}, {"type": "Feature", "geometry": {"type": "Point", "coordinates": [126.913227, 35.184988]}, "properties": {"addr": "북구 대천로 86", "cnt": 1}}, {"type": "Feature", "geometry": {"type": "Point", "coordinates": [126.913227, 35.184988]}, "properties": {"addr": "북구 대천로 86", "cnt": 1}}, {"type": "Feature", "geometry": {"type": "Point", "coordinates": [126.921246, 35.184567]}, "properties": {"addr": "북구 문산로 27-7", "cnt": 2}}, {"type": "Feature", "geometry": {"type": "Point", "coordinates": [126.92482, 35.182784]}, "properties": {"addr": "북구 천지인로 241", "cnt": 1}}, {"type": "Feature", "geometry": {"type": "Point", "coordinates": [126.92482, 35.182784]}, "properties": {"addr": "북구 천지인로 241", "cnt": 1}}, {"type": "Feature", "geometry": {"type": "Point", "coordinates": [126.920864, 35.182326]}, "properties": {"addr": "북구 문산로 4", "cnt": 1}}, {"type": "Feature", "geometry": {"type": "Point", "coordinates": [126.920864, 35.182326]}, "properties": {"addr": "북구 문산로 4", "cnt": 1}}, {"type": "Feature", "geometry": {"type": "Point", "coordinates": [126.915978, 35.183307]}, "properties": {"addr": "북구 대천로 86", "cnt": 1}}, {"type": "Feature", "geometry": {"type": "Point", "coordinates": [126.915978, 35.183307]}, "properties": {"addr": "북구 대천로 86", "cnt": 1}}, {"type": "Feature", "geometry": {"type": "Point", "coordinates": [126.91674, 35.180628]}, "properties": {"addr": "북구 문화소통로 214", "cnt": 2}}, {"type": "Feature", "geometry": {"type": "Point", "coordinates": [126.920224, 35.187159]}, "properties": {"addr": "북구 서하로355번길 12", "cnt": 1}}, {"type": "Feature", "geometry": {"type": "Point", "coordinates": [126.920224, 35.187159]}, "properties": {"addr": "북구 서하로355번길 12", "cnt": 1}}, {"type": "Feature", "geometry": {"type": "Point", "coordinates": [126.921326, 35.190817]}, "properties": {"addr": "북구 대천로157번길 73", "cnt": 1}}, {"type": "Feature", "geometry": {"type": "Point", "coordinates": [126.921326, 35.190817]}, "properties": {"addr": "북구 대천로157번길 73", "cnt": 1}}, {"type": "Feature", "geometry": {"type": "Point", "coordinates": [126.923848, 35.190024]}, "properties": {"addr": "북구 대천로 186", "cnt": 1}}, {"type": "Feature", "geometry": {"type": "Point", "coordinates": [126.923848, 35.190024]}, "properties": {"addr": "북구 대천로 186", "cnt": 1}}, {"type": "Feature", "geometry": {"type": "Point", "coordinates": [126.939085, 35.169778]}, "properties": {"addr": "북구 삼정로66번길 59", "cnt": 1}}, {"type": "Feature", "geometry": {"type": "Point", "coordinates": [126.939085, 35.169778]}, "properties": {"addr": "북구 삼정로66번길 59", "cnt": 1}}, {"type": "Feature", "geometry": {"type": "Point", "coordinates": [126.926187, 35.18655]}, "properties": {"addr": "북구 부남길8번길 10", "cnt": 1}}, {"type": "Feature", "geometry": {"type": "Point", "coordinates": [126.926187, 35.18655]}, "properties": {"addr": "북구 부남길8번길 10", "cnt": 1}}, {"type": "Feature", "geometry": {"type": "Point", "coordinates": [126.924338, 35.184222]}, "properties": {"addr": "북구 서하로 407", "cnt": 1}}, {"type": "Feature", "geometry": {"type": "Point", "coordinates": [126.924338, 35.184222]}, "properties": {"addr": "북구 서하로 407", "cnt": 1}}, {"type": "Feature", "geometry": {"type": "Point", "coordinates": [126.924338, 35.184222]}, "properties": {"addr": "북구 서하로 407", "cnt": 1}}, {"type": "Feature", "geometry": {"type": "Point", "coordinates": [126.922336, 35.186352]}, "properties": {"addr": "북구 문산로 43-8", "cnt": 1}}, {"type": "Feature", "geometry": {"type": "Point", "coordinates": [126.922336, 35.186352]}, "properties": {"addr": "북구 문산로 43-8", "cnt": 1}}, {"type": "Feature", "geometry": {"type": "Point", "coordinates": [126.922336, 35.186352]}, "properties": {"addr": "북구 문산로 43-8", "cnt": 1}}, {"type": "Feature", "geometry": {"type": "Point", "coordinates": [126.882299, 35.215203]}, "properties": {"addr": "북구 본촌택지로30번길 22", "cnt": 2}}, {"type": "Feature", "geometry": {"type": "Point", "coordinates": [126.882299, 35.215203]}, "properties": {"addr": "북구 본촌택지로30번길 22", "cnt": 1}}, {"type": "Feature", "geometry": {"type": "Point", "coordinates": [126.928319, 35.157155]}, "properties": {"addr": "동구 산수길39번길 1", "cnt": 2}}, {"type": "Feature", "geometry": {"type": "Point", "coordinates": [126.928319, 35.157155]}, "properties": {"addr": "동구 산수길39번길 1", "cnt": 1}}, {"type": "Feature", "geometry": {"type": "Point", "coordinates": [126.814215, 35.164347]}, "properties": {"addr": "광산구 우산동 661-4", "cnt": 1}}, {"type": "Feature", "geometry": {"type": "Point", "coordinates": [126.814215, 35.164347]}, "properties": {"addr": "광산구 우산동 661-4", "cnt": 1}}, {"type": "Feature", "geometry": {"type": "Point", "coordinates": [126.906313, 35.156894]}, "properties": {"addr": "북구 금남로 99", "cnt": 1}}, {"type": "Feature", "geometry": {"type": "Point", "coordinates": [126.906313, 35.156894]}, "properties": {"addr": "북구 금남로 99", "cnt": 1}}, {"type": "Feature", "geometry": {"type": "Point", "coordinates": [126.908104, 35.15666]}, "properties": {"addr": "북구 금재로36번길 11", "cnt": 1}}, {"type": "Feature", "geometry": {"type": "Point", "coordinates": [126.908104, 35.15666]}, "properties": {"addr": "북구 금재로36번길 11", "cnt": 1}}, {"type": "Feature", "geometry": {"type": "Point", "coordinates": [126.908104, 35.15666]}, "properties": {"addr": "북구 금재로36번길 11", "cnt": 1}}, {"type": "Feature", "geometry": {"type": "Point", "coordinates": [126.897338, 35.200983]}, "properties": {"addr": "북구 삼각동 777-2", "cnt": 1}}, {"type": "Feature", "geometry": {"type": "Point", "coordinates": [126.897338, 35.200983]}, "properties": {"addr": "북구 삼각동 777-2", "cnt": 1}}, {"type": "Feature", "geometry": {"type": "Point", "coordinates": [126.897338, 35.200983]}, "properties": {"addr": "북구 삼각동 777-2", "cnt": 1}}, {"type": "Feature", "geometry": {"type": "Point", "coordinates": [126.899558, 35.198838]}, "properties": {"addr": "북구 설죽로 439", "cnt": 3}}, {"type": "Feature", "geometry": {"type": "Point", "coordinates": [126.901224, 35.201001]}, "properties": {"addr": "북구 삼각동 809-9", "cnt": 1}}, {"type": "Feature", "geometry": {"type": "Point", "coordinates": [126.901224, 35.201001]}, "properties": {"addr": "북구 삼각동 809-9", "cnt": 1}}, {"type": "Feature", "geometry": {"type": "Point", "coordinates": [126.901548, 35.200514]}, "properties": {"addr": "북구 송해로40번길 8-31", "cnt": 2}}, {"type": "Feature", "geometry": {"type": "Point", "coordinates": [126.901548, 35.200514]}, "properties": {"addr": "북구 송해로40번길 8-31", "cnt": 1}}, {"type": "Feature", "geometry": {"type": "Point", "coordinates": [126.917712, 35.244301]}, "properties": {"addr": "북구 하서로1000번길 13", "cnt": 1}}, {"type": "Feature", "geometry": {"type": "Point", "coordinates": [126.917712, 35.244301]}, "properties": {"addr": "북구 하서로1000번길 13", "cnt": 1}}, {"type": "Feature", "geometry": {"type": "Point", "coordinates": [126.903553, 35.16269]}, "properties": {"addr": "북구 자동차로48번길 34", "cnt": 1}}, {"type": "Feature", "geometry": {"type": "Point", "coordinates": [126.903553, 35.16269]}, "properties": {"addr": "북구 자동차로48번길 34", "cnt": 2}}, {"type": "Feature", "geometry": {"type": "Point", "coordinates": [126.794006, 35.153276]}, "properties": {"addr": "광산구 소촌동 262-2", "cnt": 1}}, {"type": "Feature", "geometry": {"type": "Point", "coordinates": [126.794006, 35.153276]}, "properties": {"addr": "광산구 소촌동 262-2", "cnt": 1}}, {"type": "Feature", "geometry": {"type": "Point", "coordinates": [126.794006, 35.153276]}, "properties": {"addr": "광산구 소촌동 262-2", "cnt": 1}}, {"type": "Feature", "geometry": {"type": "Point", "coordinates": [126.901375, 35.168632]}, "properties": {"addr": "북구 신안동 235-4", "cnt": 2}}, {"type": "Feature", "geometry": {"type": "Point", "coordinates": [126.901375, 35.168632]}, "properties": {"addr": "북구 신안동 235-4", "cnt": 2}}, {"type": "Feature", "geometry": {"type": "Point", "coordinates": [126.857862, 35.210137]}, "properties": {"addr": "북구 신용동 470-4", "cnt": 1}}, {"type": "Feature", "geometry": {"type": "Point", "coordinates": [126.857862, 35.210137]}, "properties": {"addr": "북구 신용동 470-4", "cnt": 1}}, {"type": "Feature", "geometry": {"type": "Point", "coordinates": [126.899155, 35.160761]}, "properties": {"addr": "북구 서림로 130", "cnt": 1}}, {"type": "Feature", "geometry": {"type": "Point", "coordinates": [126.899155, 35.160761]}, "properties": {"addr": "북구 서림로 130", "cnt": 2}}, {"type": "Feature", "geometry": {"type": "Point", "coordinates": [126.873196, 35.204721]}, "properties": {"addr": "북구 양산제로 143", "cnt": 1}}, {"type": "Feature", "geometry": {"type": "Point", "coordinates": [126.873196, 35.204721]}, "properties": {"addr": "북구 양산제로 143", "cnt": 2}}, {"type": "Feature", "geometry": {"type": "Point", "coordinates": [126.873146, 35.196134]}, "properties": {"addr": "북구 하서로229번길 47", "cnt": 1}}, {"type": "Feature", "geometry": {"type": "Point", "coordinates": [126.880732, 35.207843]}, "properties": {"addr": "북구 자라봉로63번길 16", "cnt": 1}}, {"type": "Feature", "geometry": {"type": "Point", "coordinates": [126.880732, 35.207843]}, "properties": {"addr": "북구 자라봉로63번길 16", "cnt": 1}}, {"type": "Feature", "geometry": {"type": "Point", "coordinates": [126.880732, 35.207843]}, "properties": {"addr": "북구 자라봉로63번길 16", "cnt": 2}}, {"type": "Feature", "geometry": {"type": "Point", "coordinates": [126.881613, 35.209022]}, "properties": {"addr": "북구 양산택지로34번길 18", "cnt": 1}}, {"type": "Feature", "geometry": {"type": "Point", "coordinates": [126.881613, 35.209022]}, "properties": {"addr": "북구 양산택지로34번길 18", "cnt": 1}}, {"type": "Feature", "geometry": {"type": "Point", "coordinates": [126.874404, 35.196246]}, "properties": {"addr": "북구 하서로229번길 47", "cnt": 1}}, {"type": "Feature", "geometry": {"type": "Point", "coordinates": [126.874404, 35.196246]}, "properties": {"addr": "북구 하서로229번길 47", "cnt": 1}}, {"type": "Feature", "geometry": {"type": "Point", "coordinates": [126.84995, 35.232808]}, "properties": {"addr": "북구 앰코로 127", "cnt": 1}}, {"type": "Feature", "geometry": {"type": "Point", "coordinates": [126.84995, 35.232808]}, "properties": {"addr": "북구 앰코로 127", "cnt": 1}}, {"type": "Feature", "geometry": {"type": "Point", "coordinates": [126.91589, 35.186339]}, "properties": {"addr": "북구 송월로30번길 46", "cnt": 2}}, {"type": "Feature", "geometry": {"type": "Point", "coordinates": [126.91589, 35.186339]}, "properties": {"addr": "북구 송월로30번길 46", "cnt": 1}}, {"type": "Feature", "geometry": {"type": "Point", "coordinates": [126.916993, 35.185787]}, "properties": {"addr": "북구 능안로 1", "cnt": 1}}, {"type": "Feature", "geometry": {"type": "Point", "coordinates": [126.916993, 35.185787]}, "properties": {"addr": "북구 능안로 1", "cnt": 1}}, {"type": "Feature", "geometry": {"type": "Point", "coordinates": [126.899691, 35.185928]}, "properties": {"addr": "북구 설죽로 290", "cnt": 1}}, {"type": "Feature", "geometry": {"type": "Point", "coordinates": [126.899691, 35.185928]}, "properties": {"addr": "북구 설죽로 290", "cnt": 1}}, {"type": "Feature", "geometry": {"type": "Point", "coordinates": [126.912264, 35.18523]}, "properties": {"addr": "북구 대천로 55", "cnt": 1}}, {"type": "Feature", "geometry": {"type": "Point", "coordinates": [126.912264, 35.18523]}, "properties": {"addr": "북구 대천로 55", "cnt": 1}}, {"type": "Feature", "geometry": {"type": "Point", "coordinates": [126.91305, 35.186063]}, "properties": {"addr": "북구 대천로 55", "cnt": 1}}, {"type": "Feature", "geometry": {"type": "Point", "coordinates": [126.91305, 35.186063]}, "properties": {"addr": "북구 대천로 55", "cnt": 1}}, {"type": "Feature", "geometry": {"type": "Point", "coordinates": [126.91305, 35.186063]}, "properties": {"addr": "북구 대천로 55", "cnt": 1}}, {"type": "Feature", "geometry": {"type": "Point", "coordinates": [126.905251, 35.18477]}, "properties": {"addr": "북구 천지인로 59-5", "cnt": 2}}, {"type": "Feature", "geometry": {"type": "Point", "coordinates": [126.903704, 35.188901]}, "properties": {"addr": "북구 안산로 20-25", "cnt": 2}}, {"type": "Feature", "geometry": {"type": "Point", "coordinates": [126.908015, 35.18594]}, "properties": {"addr": "북구 우치로228번길 42-10", "cnt": 1}}, {"type": "Feature", "geometry": {"type": "Point", "coordinates": [126.908015, 35.18594]}, "properties": {"addr": "북구 우치로228번길 42-10", "cnt": 1}}, {"type": "Feature", "geometry": {"type": "Point", "coordinates": [126.908015, 35.18594]}, "properties": {"addr": "북구 우치로228번길 42-10", "cnt": 1}}, {"type": "Feature", "geometry": {"type": "Point", "coordinates": [126.907955, 35.185284]}, "properties": {"addr": "북구 대천로 15-4", "cnt": 1}}, {"type": "Feature", "geometry": {"type": "Point", "coordinates": [126.907955, 35.185284]}, "properties": {"addr": "북구 대천로 15-4", "cnt": 2}}, {"type": "Feature", "geometry": {"type": "Point", "coordinates": [126.902773, 35.180149]}, "properties": {"addr": "북구 용봉동 1227-8", "cnt": 1}}, {"type": "Feature", "geometry": {"type": "Point", "coordinates": [126.902773, 35.180149]}, "properties": {"addr": "북구 용봉동 1227-8", "cnt": 1}}, {"type": "Feature", "geometry": {"type": "Point", "coordinates": [126.899195, 35.181817]}, "properties": {"addr": "북구 용주로 15", "cnt": 1}}, {"type": "Feature", "geometry": {"type": "Point", "coordinates": [126.899195, 35.181817]}, "properties": {"addr": "북구 용주로 15", "cnt": 1}}, {"type": "Feature", "geometry": {"type": "Point", "coordinates": [126.914193, 35.176433]}, "properties": {"addr": "북구 우치로100번길 26", "cnt": 1}}, {"type": "Feature", "geometry": {"type": "Point", "coordinates": [126.914193, 35.176433]}, "properties": {"addr": "북구 우치로100번길 26", "cnt": 1}}, {"type": "Feature", "geometry": {"type": "Point", "coordinates": [126.914248, 35.176125]}, "properties": {"addr": "북구 우치로100번길 26", "cnt": 1}}, {"type": "Feature", "geometry": {"type": "Point", "coordinates": [126.914248, 35.176125]}, "properties": {"addr": "북구 우치로100번길 26", "cnt": 1}}, {"type": "Feature", "geometry": {"type": "Point", "coordinates": [126.893208, 35.175744]}, "properties": {"addr": "북구 청계로 33", "cnt": 1}}, {"type": "Feature", "geometry": {"type": "Point", "coordinates": [126.893208, 35.175744]}, "properties": {"addr": "북구 청계로 33", "cnt": 1}}, {"type": "Feature", "geometry": {"type": "Point", "coordinates": [126.920692, 35.175024]}, "properties": {"addr": "북구 서방로63번길 57", "cnt": 2}}, {"type": "Feature", "geometry": {"type": "Point", "coordinates": [126.920692, 35.175024]}, "properties": {"addr": "북구 서방로63번길 57", "cnt": 2}}, {"type": "Feature", "geometry": {"type": "Point", "coordinates": [126.926091, 35.176128]}, "properties": {"addr": "북구 동문대로 141", "cnt": 2}}, {"type": "Feature", "geometry": {"type": "Point", "coordinates": [126.921054, 35.180202]}, "properties": {"addr": "북구 중문로84번길 5", "cnt": 2}}, {"type": "Feature", "geometry": {"type": "Point", "coordinates": [126.921054, 35.180202]}, "properties": {"addr": "북구 중문로84번길 5", "cnt": 1}}, {"type": "Feature", "geometry": {"type": "Point", "coordinates": [126.922718, 35.177882]}, "properties": {"addr": "북구 면앙로 99", "cnt": 1}}, {"type": "Feature", "geometry": {"type": "Point", "coordinates": [126.922718, 35.177882]}, "properties": {"addr": "북구 면앙로 99", "cnt": 1}}, {"type": "Feature", "geometry": {"type": "Point", "coordinates": [126.872118, 35.174122]}, "properties": {"addr": "북구 대자로 5", "cnt": 1}}, {"type": "Feature", "geometry": {"type": "Point", "coordinates": [126.872118, 35.174122]}, "properties": {"addr": "북구 대자로 5", "cnt": 3}}, {"type": "Feature", "geometry": {"type": "Point", "coordinates": [126.88018, 35.180715]}, "properties": {"addr": "북구 하서로49번길 14", "cnt": 2}}, {"type": "Feature", "geometry": {"type": "Point", "coordinates": [126.886816, 35.171592]}, "properties": {"addr": "북구 운신남길 224", "cnt": 1}}, {"type": "Feature", "geometry": {"type": "Point", "coordinates": [126.886816, 35.171592]}, "properties": {"addr": "북구 운신남길 224", "cnt": 1}}, {"type": "Feature", "geometry": {"type": "Point", "coordinates": [126.886816, 35.171592]}, "properties": {"addr": "북구 운신남길 224", "cnt": 1}}, {"type": "Feature", "geometry": {"type": "Point", "coordinates": [126.879635, 35.17237]}, "properties": {"addr": "북구 운신북길 113", "cnt": 1}}, {"type": "Feature", "geometry": {"type": "Point", "coordinates": [126.879635, 35.17237]}, "properties": {"addr": "북구 운신북길 113", "cnt": 1}}, {"type": "Feature", "geometry": {"type": "Point", "coordinates": [126.879635, 35.17237]}, "properties": {"addr": "북구 운신북길 113", "cnt": 1}}, {"type": "Feature", "geometry": {"type": "Point", "coordinates": [126.883918, 35.175019]}, "properties": {"addr": "북구 북문대로8번길 21", "cnt": 1}}, {"type": "Feature", "geometry": {"type": "Point", "coordinates": [126.883918, 35.175019]}, "properties": {"addr": "북구 북문대로8번길 21", "cnt": 1}}, {"type": "Feature", "geometry": {"type": "Point", "coordinates": [127.000775, 35.185159]}, "properties": {"addr": "북구 충효동 436-4", "cnt": 1}}, {"type": "Feature", "geometry": {"type": "Point", "coordinates": [127.000775, 35.185159]}, "properties": {"addr": "북구 충효동 436-4", "cnt": 1}}, {"type": "Feature", "geometry": {"type": "Point", "coordinates": [126.873276, 35.17352]}, "properties": {"addr": "북구 대자로 5", "cnt": 1}}, {"type": "Feature", "geometry": {"type": "Point", "coordinates": [126.873276, 35.17352]}, "properties": {"addr": "북구 대자로 5", "cnt": 1}}, {"type": "Feature", "geometry": {"type": "Point", "coordinates": [126.881628, 35.173946]}, "properties": {"addr": "북구 북문대로33번길 지하27-11", "cnt": 1}}, {"type": "Feature", "geometry": {"type": "Point", "coordinates": [126.881628, 35.173946]}, "properties": {"addr": "북구 북문대로33번길 지하27-11", "cnt": 1}}, {"type": "Feature", "geometry": {"type": "Point", "coordinates": [126.881258, 35.17416]}, "properties": {"addr": "북구 북문대로33번길 지하27-11", "cnt": 3}}, {"type": "Feature", "geometry": {"type": "Point", "coordinates": [126.881258, 35.17416]}, "properties": {"addr": "북구 북문대로33번길 지하27-11", "cnt": 1}}, {"type": "Feature", "geometry": {"type": "Point", "coordinates": [126.897109, 35.212956]}, "properties": {"addr": "북구 소해로 100", "cnt": 1}}, {"type": "Feature", "geometry": {"type": "Point", "coordinates": [126.897109, 35.212956]}, "properties": {"addr": "북구 소해로 100", "cnt": 1}}, {"type": "Feature", "geometry": {"type": "Point", "coordinates": [126.89483, 35.210522]}, "properties": {"addr": "북구 일곡마을로 187", "cnt": 2}}, {"type": "Feature", "geometry": {"type": "Point", "coordinates": [126.900307, 35.212719]}, "properties": {"addr": "북구 일곡동 816-2", "cnt": 1}}, {"type": "Feature", "geometry": {"type": "Point", "coordinates": [126.900307, 35.212719]}, "properties": {"addr": "북구 일곡동 816-2", "cnt": 1}}, {"type": "Feature", "geometry": {"type": "Point", "coordinates": [126.897724, 35.207082]}, "properties": {"addr": "북구 설죽로 530", "cnt": 1}}, {"type": "Feature", "geometry": {"type": "Point", "coordinates": [126.897724, 35.207082]}, "properties": {"addr": "북구 설죽로 530", "cnt": 1}}, {"type": "Feature", "geometry": {"type": "Point", "coordinates": [126.897974, 35.206507]}, "properties": {"addr": "북구 설죽로 526", "cnt": 1}}, {"type": "Feature", "geometry": {"type": "Point", "coordinates": [126.898376, 35.20645]}, "properties": {"addr": "북구 설죽로 526", "cnt": 1}}, {"type": "Feature", "geometry": {"type": "Point", "coordinates": [126.898376, 35.20645]}, "properties": {"addr": "북구 설죽로 526", "cnt": 1}}, {"type": "Feature", "geometry": {"type": "Point", "coordinates": [126.898376, 35.20645]}, "properties": {"addr": "북구 설죽로 526", "cnt": 1}}, {"type": "Feature", "geometry": {"type": "Point", "coordinates": [126.898017, 35.205974]}, "properties": {"addr": "북구 설죽로 526", "cnt": 1}}, {"type": "Feature", "geometry": {"type": "Point", "coordinates": [126.898017, 35.205974]}, "properties": {"addr": "북구 설죽로 526", "cnt": 1}}, {"type": "Feature", "geometry": {"type": "Point", "coordinates": [126.899481, 35.205562]}, "properties": {"addr": "북구 일곡동 825-1", "cnt": 2}}, {"type": "Feature", "geometry": {"type": "Point", "coordinates": [126.899481, 35.205562]}, "properties": {"addr": "북구 일곡동 825-1", "cnt": 1}}, {"type": "Feature", "geometry": {"type": "Point", "coordinates": [126.896463, 35.2029]}, "properties": {"addr": "북구 양일로 297", "cnt": 2}}, {"type": "Feature", "geometry": {"type": "Point", "coordinates": [126.895638, 35.202558]}, "properties": {"addr": "북구 양일로 297", "cnt": 1}}, {"type": "Feature", "geometry": {"type": "Point", "coordinates": [126.895638, 35.202558]}, "properties": {"addr": "북구 양일로 297", "cnt": 1}}, {"type": "Feature", "geometry": {"type": "Point", "coordinates": [126.896833, 35.206055]}, "properties": {"addr": "북구 일곡마을로 38", "cnt": 1}}, {"type": "Feature", "geometry": {"type": "Point", "coordinates": [126.896833, 35.206055]}, "properties": {"addr": "북구 일곡마을로 38", "cnt": 1}}, {"type": "Feature", "geometry": {"type": "Point", "coordinates": [126.895006, 35.209926]}, "properties": {"addr": "북구 일곡택지로 88", "cnt": 1}}, {"type": "Feature", "geometry": {"type": "Point", "coordinates": [126.895006, 35.209926]}, "properties": {"addr": "북구 일곡택지로 88", "cnt": 1}}, {"type": "Feature", "geometry": {"type": "Point", "coordinates": [126.895491, 35.209993]}, "properties": {"addr": "북구 일곡택지로 88", "cnt": 1}}, {"type": "Feature", "geometry": {"type": "Point", "coordinates": [126.895491, 35.209993]}, "properties": {"addr": "북구 일곡택지로 88", "cnt": 1}}, {"type": "Feature", "geometry": {"type": "Point", "coordinates": [126.895405, 35.209402]}, "properties": {"addr": "북구 일곡택지로 88", "cnt": 1}}, {"type": "Feature", "geometry": {"type": "Point", "coordinates": [126.895405, 35.209402]}, "properties": {"addr": "북구 일곡택지로 88", "cnt": 1}}, {"type": "Feature", "geometry": {"type": "Point", "coordinates": [126.894706, 35.209313]}, "properties": {"addr": "북구 일곡택지로 88", "cnt": 1}}, {"type": "Feature", "geometry": {"type": "Point", "coordinates": [126.894706, 35.209313]}, "properties": {"addr": "북구 일곡택지로 88", "cnt": 1}}, {"type": "Feature", "geometry": {"type": "Point", "coordinates": [126.891767, 35.211009]}, "properties": {"addr": "북구 일곡동 857-1", "cnt": 1}}, {"type": "Feature", "geometry": {"type": "Point", "coordinates": [126.891767, 35.211009]}, "properties": {"addr": "북구 일곡동 857-1", "cnt": 1}}, {"type": "Feature", "geometry": {"type": "Point", "coordinates": [126.892868, 35.206024]}, "properties": {"addr": "북구 일곡택지로 45", "cnt": 1}}, {"type": "Feature", "geometry": {"type": "Point", "coordinates": [126.892868, 35.206024]}, "properties": {"addr": "북구 일곡택지로 45", "cnt": 1}}, {"type": "Feature", "geometry": {"type": "Point", "coordinates": [126.897736, 35.161769]}, "properties": {"addr": "북구 임동 92-1", "cnt": 1}}, {"type": "Feature", "geometry": {"type": "Point", "coordinates": [126.897736, 35.161769]}, "properties": {"addr": "북구 임동 92-1", "cnt": 2}}, {"type": "Feature", "geometry": {"type": "Point", "coordinates": [126.909521, 35.168131]}, "properties": {"addr": "북구 우치로1번길 10", "cnt": 1}}, {"type": "Feature", "geometry": {"type": "Point", "coordinates": [126.909521, 35.168131]}, "properties": {"addr": "북구 우치로1번길 10", "cnt": 1}}, {"type": "Feature", "geometry": {"type": "Point", "coordinates": [126.912579, 35.160535]}, "properties": {"addr": "북구 중흥로174번길 18", "cnt": 2}}, {"type": "Feature", "geometry": {"type": "Point", "coordinates": [126.912579, 35.160535]}, "properties": {"addr": "북구 중흥로174번길 18", "cnt": 1}}, {"type": "Feature", "geometry": {"type": "Point", "coordinates": [126.907911, 35.160206]}, "properties": {"addr": "북구 경열로234번길 19", "cnt": 1}}, {"type": "Feature", "geometry": {"type": "Point", "coordinates": [126.907911, 35.160206]}, "properties": {"addr": "북구 경열로234번길 19", "cnt": 1}}, {"type": "Feature", "geometry": {"type": "Point", "coordinates": [126.886362, 35.231053]}, "properties": {"addr": "북구 하서로 637", "cnt": 1}}, {"type": "Feature", "geometry": {"type": "Point", "coordinates": [126.886362, 35.231053]}, "properties": {"addr": "북구 하서로 637", "cnt": 1}}, {"type": "Feature", "geometry": {"type": "Point", "coordinates": [127.002538, 35.181479]}, "properties": {"addr": "북구 충효동 465-5", "cnt": 3}}, {"type": "Feature", "geometry": {"type": "Point", "coordinates": [126.924679, 35.163913]}, "properties": {"addr": "북구 필문대로 55", "cnt": 2}}, {"type": "Feature", "geometry": {"type": "Point", "coordinates": [126.921638, 35.165257]}, "properties": {"addr": "북구 동문대로10번길 33", "cnt": 2}}, {"type": "Feature", "geometry": {"type": "Point", "coordinates": [126.915199, 35.244865]}, "properties": {"addr": "북구 하서로 987", "cnt": 1}}, {"type": "Feature", "geometry": {"type": "Point", "coordinates": [126.915199, 35.244865]}, "properties": {"addr": "북구 하서로 987", "cnt": 1}}, {"type": "Feature", "geometry": {"type": "Point", "coordinates": [126.880731, 35.166652]}, "properties": {"addr": "서구 죽봉대로147번길 28", "cnt": 1}}, {"type": "Feature", "geometry": {"type": "Point", "coordinates": [126.880731, 35.166652]}, "properties": {"addr": "서구 죽봉대로147번길 28", "cnt": 2}}, {"type": "Feature", "geometry": {"type": "Point", "coordinates": [126.853413, 35.126374]}, "properties": {"addr": "서구 화개중앙로86번길 1", "cnt": 1}}, {"type": "Feature", "geometry": {"type": "Point", "coordinates": [126.853413, 35.126374]}, "properties": {"addr": "서구 화개중앙로86번길 1", "cnt": 3}}, {"type": "Feature", "geometry": {"type": "Point", "coordinates": [126.8536, 35.132134]}, "properties": {"addr": "서구 금화로 41", "cnt": 2}}, {"type": "Feature", "geometry": {"type": "Point", "coordinates": [126.8536, 35.132134]}, "properties": {"addr": "서구 금화로 41", "cnt": 1}}, {"type": "Feature", "geometry": {"type": "Point", "coordinates": [126.851851, 35.128076]}, "properties": {"addr": "서구 화개중앙로114번길 4", "cnt": 1}}, {"type": "Feature", "geometry": {"type": "Point", "coordinates": [126.851851, 35.128076]}, "properties": {"addr": "서구 화개중앙로114번길 4", "cnt": 1}}, {"type": "Feature", "geometry": {"type": "Point", "coordinates": [126.851851, 35.128076]}, "properties": {"addr": "서구 화개중앙로114번길 4", "cnt": 1}}, {"type": "Feature", "geometry": {"type": "Point", "coordinates": [126.854591, 35.132181]}, "properties": {"addr": "서구 금화로 53", "cnt": 1}}, {"type": "Feature", "geometry": {"type": "Point", "coordinates": [126.854591, 35.132181]}, "properties": {"addr": "서구 금화로 53", "cnt": 1}}, {"type": "Feature", "geometry": {"type": "Point", "coordinates": [126.857444, 35.140656]}, "properties": {"addr": "서구 운천로91번길 9", "cnt": 2}}, {"type": "Feature", "geometry": {"type": "Point", "coordinates": [126.857545, 35.140425]}, "properties": {"addr": "서구 운천로91번길 9", "cnt": 1}}, {"type": "Feature", "geometry": {"type": "Point", "coordinates": [126.8574, 35.136484]}, "properties": {"addr": "서구 금호운천길 10", "cnt": 1}}, {"type": "Feature", "geometry": {"type": "Point", "coordinates": [126.8574, 35.136484]}, "properties": {"addr": "서구 금호운천길 10", "cnt": 1}}, {"type": "Feature", "geometry": {"type": "Point", "coordinates": [126.861183, 35.137666]}, "properties": {"addr": "서구 금화로115번길 52", "cnt": 1}}, {"type": "Feature", "geometry": {"type": "Point", "coordinates": [126.861183, 35.137666]}, "properties": {"addr": "서구 금화로115번길 52", "cnt": 1}}, {"type": "Feature", "geometry": {"type": "Point", "coordinates": [126.857364, 35.134554]}, "properties": {"addr": "서구 금화로73번길 28-8", "cnt": 1}}, {"type": "Feature", "geometry": {"type": "Point", "coordinates": [126.85719, 35.134629]}, "properties": {"addr": "서구 금화로73번길 28-8", "cnt": 1}}, {"type": "Feature", "geometry": {"type": "Point", "coordinates": [126.861954, 35.135451]}, "properties": {"addr": "서구 금화로115번길 22", "cnt": 2}}, {"type": "Feature", "geometry": {"type": "Point", "coordinates": [126.863348, 35.130128]}, "properties": {"addr": "서구 마재로 27", "cnt": 2}}, {"type": "Feature", "geometry": {"type": "Point", "coordinates": [126.857331, 35.129148]}, "properties": {"addr": "서구 풍금로 135", "cnt": 1}}, {"type": "Feature", "geometry": {"type": "Point", "coordinates": [126.857472, 35.129536]}, "properties": {"addr": "서구 풍금로 135", "cnt": 1}}, {"type": "Feature", "geometry": {"type": "Point", "coordinates": [126.857472, 35.129536]}, "properties": {"addr": "서구 풍금로 135", "cnt": 1}}, {"type": "Feature", "geometry": {"type": "Point", "coordinates": [126.856321, 35.124768]}, "properties": {"addr": "서구 화개중앙로 48", "cnt": 2}}, {"type": "Feature", "geometry": {"type": "Point", "coordinates": [126.854309, 35.133275]}, "properties": {"addr": "서구 금호동 715-7", "cnt": 1}}, {"type": "Feature", "geometry": {"type": "Point", "coordinates": [126.854309, 35.133275]}, "properties": {"addr": "서구 금호동 715-7", "cnt": 1}}, {"type": "Feature", "geometry": {"type": "Point", "coordinates": [126.887234, 35.148132]}, "properties": {"addr": "서구 화정로276번길 5", "cnt": 1}}, {"type": "Feature", "geometry": {"type": "Point", "coordinates": [126.887234, 35.148132]}, "properties": {"addr": "서구 화정로276번길 5", "cnt": 2}}, {"type": "Feature", "geometry": {"type": "Point", "coordinates": [126.891826, 35.153232]}, "properties": {"addr": "서구 농성동 73-1", "cnt": 1}}, {"type": "Feature", "geometry": {"type": "Point", "coordinates": [126.891826, 35.153232]}, "properties": {"addr": "서구 농성동 73-1", "cnt": 1}}, {"type": "Feature", "geometry": {"type": "Point", "coordinates": [126.891826, 35.153232]}, "properties": {"addr": "서구 농성동 73-1", "cnt": 1}}, {"type": "Feature", "geometry": {"type": "Point", "coordinates": [126.836426, 35.168928]}, "properties": {"addr": "서구 덕흥동 506-4", "cnt": 2}}, {"type": "Feature", "geometry": {"type": "Point", "coordinates": [126.836426, 35.168928]}, "properties": {"addr": "서구 덕흥동 506-4", "cnt": 1}}, {"type": "Feature", "geometry": {"type": "Point", "coordinates": [126.859496, 35.168585]}, "properties": {"addr": "서구 동천로 7", "cnt": 1}}, {"type": "Feature", "geometry": {"type": "Point", "coordinates": [126.859496, 35.168585]}, "properties": {"addr": "서구 동천로 7", "cnt": 1}}, {"type": "Feature", "geometry": {"type": "Point", "coordinates": [126.860006, 35.169178]}, "properties": {"addr": "서구 동천로 7", "cnt": 1}}, {"type": "Feature", "geometry": {"type": "Point", "coordinates": [126.860006, 35.169178]}, "properties": {"addr": "서구 동천로 7", "cnt": 1}}, {"type": "Feature", "geometry": {"type": "Point", "coordinates": [126.866899, 35.168809]}, "properties": {"addr": "서구 하남대로680번길 27", "cnt": 2}}, {"type": "Feature", "geometry": {"type": "Point", "coordinates": [126.870211, 35.16977]}, "properties": {"addr": "서구 하남대로710번길 19", "cnt": 1}}, {"type": "Feature", "geometry": {"type": "Point", "coordinates": [126.870211, 35.16977]}, "properties": {"addr": "서구 하남대로710번길 19", "cnt": 1}}, {"type": "Feature", "geometry": {"type": "Point", "coordinates": [126.869301, 35.170623]}, "properties": {"addr": "서구 동천동 646", "cnt": 2}}, {"type": "Feature", "geometry": {"type": "Point", "coordinates": [126.849138, 35.115306]}, "properties": {"addr": "서구 전평길 9", "cnt": 1}}, {"type": "Feature", "geometry": {"type": "Point", "coordinates": [126.849138, 35.115306]}, "properties": {"addr": "서구 전평길 9", "cnt": 1}}, {"type": "Feature", "geometry": {"type": "Point", "coordinates": [126.847061, 35.116859]}, "properties": {"addr": "서구 전평길 37-3", "cnt": 2}}, {"type": "Feature", "geometry": {"type": "Point", "coordinates": [126.847773, 35.117368]}, "properties": {"addr": "서구 전평길 41", "cnt": 1}}, {"type": "Feature", "geometry": {"type": "Point", "coordinates": [126.847773, 35.117368]}, "properties": {"addr": "서구 전평길 41", "cnt": 1}}, {"type": "Feature", "geometry": {"type": "Point", "coordinates": [126.829719, 35.114376]}, "properties": {"addr": "서구 눌재로 410", "cnt": 2}}, {"type": "Feature", "geometry": {"type": "Point", "coordinates": [126.864962, 35.166728]}, "properties": {"addr": "서구 유림로46번길 12", "cnt": 2}}, {"type": "Feature", "geometry": {"type": "Point", "coordinates": [126.866931, 35.147254]}, "properties": {"addr": "서구 쌍촌로36번길 25", "cnt": 1}}, {"type": "Feature", "geometry": {"type": "Point", "coordinates": [126.866931, 35.147254]}, "properties": {"addr": "서구 쌍촌로36번길 25", "cnt": 2}}, {"type": "Feature", "geometry": {"type": "Point", "coordinates": [126.866993, 35.146945]}, "properties": {"addr": "서구 화정로85번길 26", "cnt": 1}}, {"type": "Feature", "geometry": {"type": "Point", "coordinates": [126.866963, 35.147067]}, "properties": {"addr": "서구 화정로85번길 26", "cnt": 1}}, {"type": "Feature", "geometry": {"type": "Point", "coordinates": [126.866963, 35.147067]}, "properties": {"addr": "서구 화정로85번길 26", "cnt": 1}}, {"type": "Feature", "geometry": {"type": "Point", "coordinates": [126.867248, 35.146644]}, "properties": {"addr": "서구 화정로85번길 26", "cnt": 2}}, {"type": "Feature", "geometry": {"type": "Point", "coordinates": [126.863227, 35.145815]}, "properties": {"addr": "서구 화정로49번길 14", "cnt": 1}}, {"type": "Feature", "geometry": {"type": "Point", "coordinates": [126.863227, 35.145815]}, "properties": {"addr": "서구 화정로49번길 14", "cnt": 1}}, {"type": "Feature", "geometry": {"type": "Point", "coordinates": [126.863487, 35.146082]}, "properties": {"addr": "서구 화정로49번길 14", "cnt": 1}}, {"type": "Feature", "geometry": {"type": "Point", "coordinates": [126.863487, 35.146082]}, "properties": {"addr": "서구 화정로49번길 14", "cnt": 1}}, {"type": "Feature", "geometry": {"type": "Point", "coordinates": [126.869289, 35.143902]}, "properties": {"addr": "서구 화정로 106-25", "cnt": 2}}, {"type": "Feature", "geometry": {"type": "Point", "coordinates": [126.860992, 35.145136]}, "properties": {"addr": "서구 화정로21번길 4-21", "cnt": 2}}, {"type": "Feature", "geometry": {"type": "Point", "coordinates": [126.858863, 35.143585]}, "properties": {"addr": "서구 운천로114번길 7-10", "cnt": 1}}, {"type": "Feature", "geometry": {"type": "Point", "coordinates": [126.858863, 35.143585]}, "properties": {"addr": "서구 운천로114번길 7-10", "cnt": 1}}, {"type": "Feature", "geometry": {"type": "Point", "coordinates": [126.858861, 35.143951]}, "properties": {"addr": "서구 금부로95번길 48-12", "cnt": 1}}, {"type": "Feature", "geometry": {"type": "Point", "coordinates": [126.858861, 35.143951]}, "properties": {"addr": "서구 금부로95번길 48-12", "cnt": 1}}, {"type": "Feature", "geometry": {"type": "Point", "coordinates": [126.858861, 35.143951]}, "properties": {"addr": "서구 금부로95번길 48-12", "cnt": 1}}, {"type": "Feature", "geometry": {"type": "Point", "coordinates": [126.858899, 35.142076]}, "properties": {"addr": "서구 금부로95번길 26-11", "cnt": 2}}, {"type": "Feature", "geometry": {"type": "Point", "coordinates": [126.858899, 35.142076]}, "properties": {"addr": "서구 금부로95번길 26-11", "cnt": 1}}, {"type": "Feature", "geometry": {"type": "Point", "coordinates": [126.859656, 35.143132]}, "properties": {"addr": "서구 금부로95번길 26-11", "cnt": 1}}, {"type": "Feature", "geometry": {"type": "Point", "coordinates": [126.859656, 35.143132]}, "properties": {"addr": "서구 금부로95번길 26-11", "cnt": 1}}, {"type": "Feature", "geometry": {"type": "Point", "coordinates": [126.859656, 35.143132]}, "properties": {"addr": "서구 금부로95번길 26-11", "cnt": 1}}, {"type": "Feature", "geometry": {"type": "Point", "coordinates": [126.860906, 35.141273]}, "properties": {"addr": "서구 금부로103번길 16-10", "cnt": 1}}, {"type": "Feature", "geometry": {"type": "Point", "coordinates": [126.860906, 35.141273]}, "properties": {"addr": "서구 금부로103번길 16-10", "cnt": 1}}, {"type": "Feature", "geometry": {"type": "Point", "coordinates": [126.861122, 35.141035]}, "properties": {"addr": "서구 금화로149번길 97", "cnt": 1}}, {"type": "Feature", "geometry": {"type": "Point", "coordinates": [126.861122, 35.141035]}, "properties": {"addr": "서구 금화로149번길 97", "cnt": 1}}, {"type": "Feature", "geometry": {"type": "Point", "coordinates": [126.861122, 35.141035]}, "properties": {"addr": "서구 금화로149번길 97", "cnt": 1}}, {"type": "Feature", "geometry": {"type": "Point", "coordinates": [126.862408, 35.155931]}, "properties": {"addr": "서구 상무오월로19번길 4-13", "cnt": 1}}, {"type": "Feature", "geometry": {"type": "Point", "coordinates": [126.862408, 35.155931]}, "properties": {"addr": "서구 상무오월로19번길 4-13", "cnt": 1}}, {"type": "Feature", "geometry": {"type": "Point", "coordinates": [126.858107, 35.159391]}, "properties": {"addr": "서구 내방로 153", "cnt": 2}}, {"type": "Feature", "geometry": {"type": "Point", "coordinates": [126.857634, 35.16119]}, "properties": {"addr": "서구 계수로59번길 4-9", "cnt": 1}}, {"type": "Feature", "geometry": {"type": "Point", "coordinates": [126.857634, 35.16119]}, "properties": {"addr": "서구 계수로59번길 4-9", "cnt": 1}}, {"type": "Feature", "geometry": {"type": "Point", "coordinates": [126.85743, 35.161017]}, "properties": {"addr": "서구 계수로59번길 4-9", "cnt": 2}}, {"type": "Feature", "geometry": {"type": "Point", "coordinates": [126.865316, 35.15933]}, "properties": {"addr": "서구 쌍촌동 1344-6", "cnt": 1}}, {"type": "Feature", "geometry": {"type": "Point", "coordinates": [126.865316, 35.15933]}, "properties": {"addr": "서구 쌍촌동 1344-6", "cnt": 1}}, {"type": "Feature", "geometry": {"type": "Point", "coordinates": [126.86512, 35.15367]}, "properties": {"addr": "서구 상무오월로38번길 36", "cnt": 1}}, {"type": "Feature", "geometry": {"type": "Point", "coordinates": [126.86512, 35.15367]}, "properties": {"addr": "서구 상무오월로38번길 36", "cnt": 1}}, {"type": "Feature", "geometry": {"type": "Point", "coordinates": [126.86512, 35.15367]}, "properties": {"addr": "서구 상무오월로38번길 36", "cnt": 1}}, {"type": "Feature", "geometry": {"type": "Point", "coordinates": [126.864024, 35.154882]}, "properties": {"addr": "서구 상무오월로38번길 11", "cnt": 1}}, {"type": "Feature", "geometry": {"type": "Point", "coordinates": [126.864024, 35.154882]}, "properties": {"addr": "서구 상무오월로38번길 11", "cnt": 1}}, {"type": "Feature", "geometry": {"type": "Point", "coordinates": [126.864024, 35.154882]}, "properties": {"addr": "서구 상무오월로38번길 11", "cnt": 1}}, {"type": "Feature", "geometry": {"type": "Point", "coordinates": [126.856323, 35.147354]}, "properties": {"addr": "서구 운천로 165", "cnt": 2}}, {"type": "Feature", "geometry": {"type": "Point", "coordinates": [126.855146, 35.14673]}, "properties": {"addr": "서구 운천로 165", "cnt": 2}}, {"type": "Feature", "geometry": {"type": "Point", "coordinates": [126.856318, 35.140987]}, "properties": {"addr": "서구 금호운천길 67", "cnt": 1}}, {"type": "Feature", "geometry": {"type": "Point", "coordinates": [126.856318, 35.140987]}, "properties": {"addr": "서구 금호운천길 67", "cnt": 1}}, {"type": "Feature", "geometry": {"type": "Point", "coordinates": [126.855443, 35.139895]}, "properties": {"addr": "서구 금호동 산128-23", "cnt": 1}}, {"type": "Feature", "geometry": {"type": "Point", "coordinates": [126.855443, 35.139895]}, "properties": {"addr": "서구 금호동 산128-23", "cnt": 1}}, {"type": "Feature", "geometry": {"type": "Point", "coordinates": [126.856733, 35.14318]}, "properties": {"addr": "서구 운천로113번길 4-13", "cnt": 3}}, {"type": "Feature", "geometry": {"type": "Point", "coordinates": [126.868795, 35.153769]}, "properties": {"addr": "서구 월드컵4강로197번길 5-4", "cnt": 1}}, {"type": "Feature", "geometry": {"type": "Point", "coordinates": [126.868795, 35.153769]}, "properties": {"addr": "서구 월드컵4강로197번길 5-4", "cnt": 2}}, {"type": "Feature", "geometry": {"type": "Point", "coordinates": [126.898812, 35.153417]}, "properties": {"addr": "서구 양동시장1길 26-2", "cnt": 1}}, {"type": "Feature", "geometry": {"type": "Point", "coordinates": [126.898812, 35.153417]}, "properties": {"addr": "서구 양동시장1길 26-2", "cnt": 1}}, {"type": "Feature", "geometry": {"type": "Point", "coordinates": [126.894416, 35.158259]}, "properties": {"addr": "서구 발산로 33-1", "cnt": 1}}, {"type": "Feature", "geometry": {"type": "Point", "coordinates": [126.894416, 35.158259]}, "properties": {"addr": "서구 발산로 33-1", "cnt": 1}}, {"type": "Feature", "geometry": {"type": "Point", "coordinates": [126.857884, 35.16644]}, "properties": {"addr": "서구 상무버들로54번길 5", "cnt": 1}}, {"type": "Feature", "geometry": {"type": "Point", "coordinates": [126.857884, 35.16644]}, "properties": {"addr": "서구 상무버들로54번길 5", "cnt": 1}}, {"type": "Feature", "geometry": {"type": "Point", "coordinates": [126.857518, 35.164657]}, "properties": {"addr": "서구 상무버들로 54", "cnt": 1}}, {"type": "Feature", "geometry": {"type": "Point", "coordinates": [126.857518, 35.164657]}, "properties": {"addr": "서구 상무버들로 54", "cnt": 2}}, {"type": "Feature", "geometry": {"type": "Point", "coordinates": [126.857518, 35.164657]}, "properties": {"addr": "서구 상무버들로 54", "cnt": 1}}, {"type": "Feature", "geometry": {"type": "Point", "coordinates": [126.842282, 35.154496]}, "properties": {"addr": "서구 상무자유로 59", "cnt": 1}}, {"type": "Feature", "geometry": {"type": "Point", "coordinates": [126.842282, 35.154496]}, "properties": {"addr": "서구 상무자유로 59", "cnt": 1}}, {"type": "Feature", "geometry": {"type": "Point", "coordinates": [126.842282, 35.154496]}, "properties": {"addr": "서구 상무자유로 59", "cnt": 1}}, {"type": "Feature", "geometry": {"type": "Point", "coordinates": [126.840771, 35.152699]}, "properties": {"addr": "서구 상무자유로 59", "cnt": 1}}, {"type": "Feature", "geometry": {"type": "Point", "coordinates": [126.840771, 35.152699]}, "properties": {"addr": "서구 상무자유로 59", "cnt": 1}}, {"type": "Feature", "geometry": {"type": "Point", "coordinates": [126.843724, 35.156906]}, "properties": {"addr": "서구 상무공원로 142", "cnt": 1}}, {"type": "Feature", "geometry": {"type": "Point", "coordinates": [126.843724, 35.156906]}, "properties": {"addr": "서구 상무공원로 142", "cnt": 1}}, {"type": "Feature", "geometry": {"type": "Point", "coordinates": [126.84541, 35.156081]}, "properties": {"addr": "서구 상무시민로 51", "cnt": 2}}, {"type": "Feature", "geometry": {"type": "Point", "coordinates": [126.844658, 35.155351]}, "properties": {"addr": "서구 상무시민로 51", "cnt": 1}}, {"type": "Feature", "geometry": {"type": "Point", "coordinates": [126.844658, 35.155351]}, "properties": {"addr": "서구 상무시민로 51", "cnt": 1}}, {"type": "Feature", "geometry": {"type": "Point", "coordinates": [126.846667, 35.15316]}, "properties": {"addr": "서구 치평로 67", "cnt": 2}}, {"type": "Feature", "geometry": {"type": "Point", "coordinates": [126.846667, 35.15316]}, "properties": {"addr": "서구 치평로 67", "cnt": 1}}, {"type": "Feature", "geometry": {"type": "Point", "coordinates": [126.846066, 35.152473]}, "properties": {"addr": "서구 치평로 59", "cnt": 1}}, {"type": "Feature", "geometry": {"type": "Point", "coordinates": [126.846066, 35.152473]}, "properties": {"addr": "서구 치평로 59", "cnt": 1}}, {"type": "Feature", "geometry": {"type": "Point", "coordinates": [126.843843, 35.148192]}, "properties": {"addr": "서구 상무평화로 43", "cnt": 1}}, {"type": "Feature", "geometry": {"type": "Point", "coordinates": [126.843843, 35.148192]}, "properties": {"addr": "서구 상무평화로 43", "cnt": 1}}, {"type": "Feature", "geometry": {"type": "Point", "coordinates": [126.844135, 35.14954]}, "properties": {"addr": "서구 상무공원로 58", "cnt": 2}}, {"type": "Feature", "geometry": {"type": "Point", "coordinates": [126.843555, 35.149793]}, "properties": {"addr": "서구 상무공원로 58", "cnt": 2}}, {"type": "Feature", "geometry": {"type": "Point", "coordinates": [126.8434, 35.146555]}, "properties": {"addr": "서구 마륵로 115", "cnt": 2}}, {"type": "Feature", "geometry": {"type": "Point", "coordinates": [126.8434, 35.146555]}, "properties": {"addr": "서구 마륵로 115", "cnt": 1}}, {"type": "Feature", "geometry": {"type": "Point", "coordinates": [126.876024, 35.124095]}, "properties": {"addr": "서구 풍암순환로 28", "cnt": 1}}, {"type": "Feature", "geometry": {"type": "Point", "coordinates": [126.876024, 35.124095]}, "properties": {"addr": "서구 풍암순환로 28", "cnt": 1}}, {"type": "Feature", "geometry": {"type": "Point", "coordinates": [126.880589, 35.12318]}, "properties": {"addr": "서구 풍암2로 56", "cnt": 1}}, {"type": "Feature", "geometry": {"type": "Point", "coordinates": [126.880589, 35.12318]}, "properties": {"addr": "서구 풍암2로 56", "cnt": 1}}, {"type": "Feature", "geometry": {"type": "Point", "coordinates": [126.88029, 35.124921]}, "properties": {"addr": "서구 풍암2로 26", "cnt": 1}}, {"type": "Feature", "geometry": {"type": "Point", "coordinates": [126.88029, 35.124921]}, "properties": {"addr": "서구 풍암2로 26", "cnt": 1}}, {"type": "Feature", "geometry": {"type": "Point", "coordinates": [126.882189, 35.126945]}, "properties": {"addr": "서구 풍암중앙로 83", "cnt": 2}}, {"type": "Feature", "geometry": {"type": "Point", "coordinates": [126.883266, 35.126437]}, "properties": {"addr": "서구 풍암중앙로 83", "cnt": 1}}, {"type": "Feature", "geometry": {"type": "Point", "coordinates": [126.883266, 35.126437]}, "properties": {"addr": "서구 풍암중앙로 83", "cnt": 1}}, {"type": "Feature", "geometry": {"type": "Point", "coordinates": [126.883577, 35.127532]}, "properties": {"addr": "서구 풍암중앙로91번길 14", "cnt": 1}}, {"type": "Feature", "geometry": {"type": "Point", "coordinates": [126.883577, 35.127532]}, "properties": {"addr": "서구 풍암중앙로91번길 14", "cnt": 3}}, {"type": "Feature", "geometry": {"type": "Point", "coordinates": [126.88421, 35.129154]}, "properties": {"addr": "서구 풍암동 37-1", "cnt": 1}}, {"type": "Feature", "geometry": {"type": "Point", "coordinates": [126.88421, 35.129154]}, "properties": {"addr": "서구 풍암동 37-1", "cnt": 1}}, {"type": "Feature", "geometry": {"type": "Point", "coordinates": [126.883583, 35.121343]}, "properties": {"addr": "서구 풍암순환로109번길 4", "cnt": 1}}, {"type": "Feature", "geometry": {"type": "Point", "coordinates": [126.883583, 35.121343]}, "properties": {"addr": "광산구 산정공원로50번길 26", "cnt": 1}}, {"type": "Feature", "geometry": {"type": "Point", "coordinates": [126.880325, 35.148955]}, "properties": {"addr": "서구 화운로100번길 6", "cnt": 2}}, {"type": "Feature", "geometry": {"type": "Point", "coordinates": [126.837715, 35.16149]}, "properties": {"addr": "서구 덕흥동 41-9 ", "cnt": 1}}, {"type": "Feature", "geometry": {"type": "Point", "coordinates": [126.837715, 35.16149]}, "properties": {"addr": "서구 덕흥동 41-9 ", "cnt": 1}}, {"type": "Feature", "geometry": {"type": "Point", "coordinates": [126.864056, 35.122726]}, "properties": {"addr": "서구 풍암운리로7번길 5", "cnt": 1}}, {"type": "Feature", "geometry": {"type": "Point", "coordinates": [126.864056, 35.122726]}, "properties": {"addr": "서구 풍암운리로7번길 5", "cnt": 1}}, {"type": "Feature", "geometry": {"type": "Point", "coordinates": [126.864567, 35.122573]}, "properties": {"addr": "서구 풍암운리로7번길 5", "cnt": 1}}, {"type": "Feature", "geometry": {"type": "Point", "coordinates": [126.864567, 35.122573]}, "properties": {"addr": "서구 풍암운리로7번길 5", "cnt": 2}}, {"type": "Feature", "geometry": {"type": "Point", "coordinates": [126.864359, 35.123259]}, "properties": {"addr": "서구 풍금로38번길 4-20", "cnt": 1}}, {"type": "Feature", "geometry": {"type": "Point", "coordinates": [126.864359, 35.123259]}, "properties": {"addr": "서구 풍금로38번길 4-20", "cnt": 1}}, {"type": "Feature", "geometry": {"type": "Point", "coordinates": [126.866158, 35.123728]}, "properties": {"addr": "서구 풍암운리로23번길 5", "cnt": 2}}, {"type": "Feature", "geometry": {"type": "Point", "coordinates": [126.865284, 35.123129]}, "properties": {"addr": "서구 풍암운리로23번길 5", "cnt": 1}}, {"type": "Feature", "geometry": {"type": "Point", "coordinates": [126.865284, 35.123129]}, "properties": {"addr": "서구 풍암운리로23번길 5", "cnt": 1}}, {"type": "Feature", "geometry": {"type": "Point", "coordinates": [126.87204, 35.149253]}, "properties": {"addr": "서구 월드컵4강로146번길 10", "cnt": 1}}, {"type": "Feature", "geometry": {"type": "Point", "coordinates": [126.87204, 35.149253]}, "properties": {"addr": "서구 월드컵4강로146번길 10", "cnt": 2}}, {"type": "Feature", "geometry": {"type": "Point", "coordinates": [126.884378, 35.144164]}, "properties": {"addr": "서구 화운로 36", "cnt": 2}}, {"type": "Feature", "geometry": {"type": "Point", "coordinates": [126.876508, 35.149908]}, "properties": {"addr": "서구 화정동 702-4", "cnt": 1}}, {"type": "Feature", "geometry": {"type": "Point", "coordinates": [126.876508, 35.149908]}, "properties": {"addr": "서구 화정동 702-4", "cnt": 2}}, {"type": "Feature", "geometry": {"type": "Point", "coordinates": [126.872756, 35.147977]}, "properties": {"addr": "서구 월드컵4강로146번길 10", "cnt": 1}}, {"type": "Feature", "geometry": {"type": "Point", "coordinates": [126.872756, 35.147977]}, "properties": {"addr": "서구 월드컵4강로146번길 10", "cnt": 1}}, {"type": "Feature", "geometry": {"type": "Point", "coordinates": [126.877428, 35.154584]}, "properties": {"addr": "서구 상무대로1057번길 28", "cnt": 2}}, {"type": "Feature", "geometry": {"type": "Point", "coordinates": [126.877428, 35.154584]}, "properties": {"addr": "서구 상무대로1057번길 28", "cnt": 1}}, {"type": "Feature", "geometry": {"type": "Point", "coordinates": [126.877428, 35.154584]}, "properties": {"addr": "서구 상무대로1057번길 28", "cnt": 1}}, {"type": "Feature", "geometry": {"type": "Point", "coordinates": [126.88507, 35.144759]}, "properties": {"addr": "서구 화정동 1621", "cnt": 2}}, {"type": "Feature", "geometry": {"type": "Point", "coordinates": [126.865876, 35.143491]}, "properties": {"addr": "서구 화정로78번길 16-1", "cnt": 2}}, {"type": "Feature", "geometry": {"type": "Point", "coordinates": [126.865876, 35.143491]}, "properties": {"addr": "서구 화정로78번길 16-1", "cnt": 1}}, {"type": "Feature", "geometry": {"type": "Point", "coordinates": [126.872427, 35.142638]}, "properties": {"addr": "서구 염화로83번길 20", "cnt": 1}}, {"type": "Feature", "geometry": {"type": "Point", "coordinates": [126.872427, 35.142638]}, "properties": {"addr": "서구 염화로83번길 20", "cnt": 1}}, {"type": "Feature", "geometry": {"type": "Point", "coordinates": [126.998316, 35.18507]}, "properties": {"addr": "북구 충효동 918-1", "cnt": 1}}, {"type": "Feature", "geometry": {"type": "Point", "coordinates": [126.998316, 35.18507]}, "properties": {"addr": "북구 충효동 918-1", "cnt": 1}}, {"type": "Feature", "geometry": {"type": "Point", "coordinates": [126.873014, 35.138608]}, "properties": {"addr": "서구 화정동 932-1", "cnt": 1}}, {"type": "Feature", "geometry": {"type": "Point", "coordinates": [126.873014, 35.138608]}, "properties": {"addr": "서구 화정동 932-1", "cnt": 1}}, {"type": "Feature", "geometry": {"type": "Point", "coordinates": [126.871637, 35.137388]}, "properties": {"addr": "서구 염화로31번길 10", "cnt": 1}}, {"type": "Feature", "geometry": {"type": "Point", "coordinates": [126.871637, 35.137388]}, "properties": {"addr": "서구 염화로31번길 10", "cnt": 1}}, {"type": "Feature", "geometry": {"type": "Point", "coordinates": [126.93245, 35.132981]}, "properties": {"addr": "동구 의재로43번길 6", "cnt": 3}}, {"type": "Feature", "geometry": {"type": "Point", "coordinates": [126.92353, 35.162039]}, "properties": {"addr": "동구 계림동 116-7", "cnt": 2}}, {"type": "Feature", "geometry": {"type": "Point", "coordinates": [126.938021, 35.14839]}, "properties": {"addr": "동구 지산동 224-1", "cnt": 3}}, {"type": "Feature", "geometry": {"type": "Point", "coordinates": [126.925094, 35.158493]}, "properties": {"addr": "동구 중앙로342번길 18", "cnt": 2}}, {"type": "Feature", "geometry": {"type": "Point", "coordinates": [126.851836, 35.164947]}, "properties": {"addr": "서구 유덕로 22", "cnt": 2}}, {"type": "Feature", "geometry": {"type": "Point", "coordinates": [126.834993, 35.142936]}, "properties": {"addr": "서구 마륵로 23", "cnt": 1}}, {"type": "Feature", "geometry": {"type": "Point", "coordinates": [126.834993, 35.142936]}, "properties": {"addr": "서구 마륵로 23", "cnt": 1}}, {"type": "Feature", "geometry": {"type": "Point", "coordinates": [126.881387, 35.14179]}, "properties": {"addr": "서구 월드컵4강로42번길 51-3", "cnt": 1}}, {"type": "Feature", "geometry": {"type": "Point", "coordinates": [126.881387, 35.14179]}, "properties": {"addr": "서구 월드컵4강로42번길 51-3", "cnt": 1}}, {"type": "Feature", "geometry": {"type": "Point", "coordinates": [126.878086, 35.167028]}, "properties": {"addr": "서구 화운로314번길 7", "cnt": 1}}, {"type": "Feature", "geometry": {"type": "Point", "coordinates": [126.878086, 35.167028]}, "properties": {"addr": "서구 화운로314번길 7", "cnt": 1}}, {"type": "Feature", "geometry": {"type": "Point", "coordinates": [126.864656, 35.157382]}, "properties": {"addr": "서구 상일로14번길 13", "cnt": 1}}, {"type": "Feature", "geometry": {"type": "Point", "coordinates": [126.864656, 35.157382]}, "properties": {"addr": "서구 상일로14번길 13", "cnt": 2}}, {"type": "Feature", "geometry": {"type": "Point", "coordinates": [126.858341, 35.165508]}, "properties": {"addr": "서구 칠성로4번길 16", "cnt": 2}}, {"type": "Feature", "geometry": {"type": "Point", "coordinates": [126.858341, 35.165508]}, "properties": {"addr": "서구 칠성로4번길 16", "cnt": 1}}, {"type": "Feature", "geometry": {"type": "Point", "coordinates": [126.858341, 35.165508]}, "properties": {"addr": "서구 칠성로4번길 16", "cnt": 1}}, {"type": "Feature", "geometry": {"type": "Point", "coordinates": [126.860068, 35.133134]}, "properties": {"addr": "서구 금화로115번길 3", "cnt": 1}}, {"type": "Feature", "geometry": {"type": "Point", "coordinates": [126.860068, 35.133134]}, "properties": {"addr": "서구 금화로115번길 3", "cnt": 1}}, {"type": "Feature", "geometry": {"type": "Point", "coordinates": [126.87286, 35.169573]}, "properties": {"addr": "서구 동천동 729", "cnt": 1}}, {"type": "Feature", "geometry": {"type": "Point", "coordinates": [126.87286, 35.169573]}, "properties": {"addr": "서구 동천동 729", "cnt": 1}}, {"type": "Feature", "geometry": {"type": "Point", "coordinates": [126.909035, 35.126589]}, "properties": {"addr": "남구 봉선동 452-2", "cnt": 1}}, {"type": "Feature", "geometry": {"type": "Point", "coordinates": [126.909035, 35.126589]}, "properties": {"addr": "남구 봉선동 452-2", "cnt": 2}}, {"type": "Feature", "geometry": {"type": "Point", "coordinates": [126.905016, 35.138451]}, "properties": {"addr": "남구 백운동 81-9", "cnt": 1}}, {"type": "Feature", "geometry": {"type": "Point", "coordinates": [126.905016, 35.138451]}, "properties": {"addr": "남구 백운동 81-9", "cnt": 2}}, {"type": "Feature", "geometry": {"type": "Point", "coordinates": [126.902131, 35.102771]}, "properties": {"addr": "남구 노대동 769", "cnt": 2}}, {"type": "Feature", "geometry": {"type": "Point", "coordinates": [126.917434, 35.119727]}, "properties": {"addr": "남구 봉선동 88", "cnt": 1}}, {"type": "Feature", "geometry": {"type": "Point", "coordinates": [126.917434, 35.119727]}, "properties": {"addr": "남구 봉선동 88", "cnt": 1}}, {"type": "Feature", "geometry": {"type": "Point", "coordinates": [126.897299, 35.162658]}, "properties": {"addr": "북구 서림로 102", "cnt": 1}}, {"type": "Feature", "geometry": {"type": "Point", "coordinates": [126.897299, 35.162658]}, "properties": {"addr": "북구 서림로 102", "cnt": 2}}, {"type": "Feature", "geometry": {"type": "Point", "coordinates": [126.929363, 35.173568]}, "properties": {"addr": "북구 동문대로134번길 55", "cnt": 1}}, {"type": "Feature", "geometry": {"type": "Point", "coordinates": [126.929363, 35.173568]}, "properties": {"addr": "북구 동문대로134번길 55", "cnt": 1}}, {"type": "Feature", "geometry": {"type": "Point", "coordinates": [126.883219, 35.17697]}, "properties": {"addr": "북구 운암동 151-13", "cnt": 1}}, {"type": "Feature", "geometry": {"type": "Point", "coordinates": [126.883219, 35.17697]}, "properties": {"addr": "북구 운암동 151-13", "cnt": 1}}, {"type": "Feature", "geometry": {"type": "Point", "coordinates": [126.883219, 35.17697]}, "properties": {"addr": "북구 운암동 151-13", "cnt": 1}}, {"type": "Feature", "geometry": {"type": "Point", "coordinates": [126.894575, 35.19177]}, "properties": {"addr": "북구 어매마을길 32-4", "cnt": 1}}, {"type": "Feature", "geometry": {"type": "Point", "coordinates": [126.894575, 35.19177]}, "properties": {"addr": "북구 어매마을길 32-4", "cnt": 1}}, {"type": "Feature", "geometry": {"type": "Point", "coordinates": [126.91435, 35.182124]}, "properties": {"addr": "북구 문화소통로 186", "cnt": 1}}, {"type": "Feature", "geometry": {"type": "Point", "coordinates": [126.91435, 35.182124]}, "properties": {"addr": "북구 문화소통로 186", "cnt": 1}}, {"type": "Feature", "geometry": {"type": "Point", "coordinates": [126.919808, 35.179784]}, "properties": {"addr": "북구 중문로83번길 7-10", "cnt": 1}}, {"type": "Feature", "geometry": {"type": "Point", "coordinates": [126.919808, 35.179784]}, "properties": {"addr": "북구 중문로83번길 7-10", "cnt": 2}}, {"type": "Feature", "geometry": {"type": "Point", "coordinates": [126.927298, 35.1879]}, "properties": {"addr": "북구 부남길26번길 20", "cnt": 2}}, {"type": "Feature", "geometry": {"type": "Point", "coordinates": [126.918194, 35.178709]}, "properties": {"addr": "북구 중문로 55", "cnt": 1}}, {"type": "Feature", "geometry": {"type": "Point", "coordinates": [126.918194, 35.178709]}, "properties": {"addr": "북구 중문로 55", "cnt": 1}}, {"type": "Feature", "geometry": {"type": "Point", "coordinates": [126.883661, 35.175676]}, "properties": {"addr": "북구 북문대로20번길 23", "cnt": 1}}, {"type": "Feature", "geometry": {"type": "Point", "coordinates": [126.883661, 35.175676]}, "properties": {"addr": "북구 북문대로20번길 23", "cnt": 1}}, {"type": "Feature", "geometry": {"type": "Point", "coordinates": [126.81305, 35.18275]}, "properties": {"addr": "광산구 풍영로 125", "cnt": 2}}, {"type": "Feature", "geometry": {"type": "Point", "coordinates": [126.812736, 35.195612]}, "properties": {"addr": "광산구 장덕로 28", "cnt": 1}}, {"type": "Feature", "geometry": {"type": "Point", "coordinates": [126.812736, 35.195612]}, "properties": {"addr": "광산구 장덕로 28", "cnt": 1}}, {"type": "Feature", "geometry": {"type": "Point", "coordinates": [126.823836, 35.174293]}, "properties": {"addr": "광산구 목련로253번길 32", "cnt": 1}}, {"type": "Feature", "geometry": {"type": "Point", "coordinates": [126.823836, 35.174293]}, "properties": {"addr": "광산구 목련로253번길 32", "cnt": 1}}, {"type": "Feature", "geometry": {"type": "Point", "coordinates": [126.794019, 35.152044]}, "properties": {"addr": "광산구 소촌로86번길 6", "cnt": 2}}, {"type": "Feature", "geometry": {"type": "Point", "coordinates": [126.806287, 35.150367]}, "properties": {"addr": "광산구 신촌동 884-1", "cnt": 4}}, {"type": "Feature", "geometry": {"type": "Point", "coordinates": [126.806287, 35.150367]}, "properties": {"addr": "광산구 신촌동 884-1", "cnt": 1}}, {"type": "Feature", "geometry": {"type": "Point", "coordinates": [126.806287, 35.150367]}, "properties": {"addr": "광산구 신촌동 884-1", "cnt": 1}}, {"type": "Feature", "geometry": {"type": "Point", "coordinates": [126.796563, 35.133194]}, "properties": {"addr": "광산구 송도로226번길 16", "cnt": 1}}, {"type": "Feature", "geometry": {"type": "Point", "coordinates": [126.796563, 35.133194]}, "properties": {"addr": "광산구 송도로226번길 16", "cnt": 1}}, {"type": "Feature", "geometry": {"type": "Point", "coordinates": [126.812267, 35.17451]}, "properties": {"addr": "광산구 풍영로 34", "cnt": 1}}, {"type": "Feature", "geometry": {"type": "Point", "coordinates": [126.812267, 35.17451]}, "properties": {"addr": "광산구 풍영로 34", "cnt": 1}}, {"type": "Feature", "geometry": {"type": "Point", "coordinates": [126.79909, 35.138269]}, "properties": {"addr": "광산구 광산로56번길 49", "cnt": 1}}, {"type": "Feature", "geometry": {"type": "Point", "coordinates": [126.79909, 35.138269]}, "properties": {"addr": "광산구 광산로56번길 49", "cnt": 2}}, {"type": "Feature", "geometry": {"type": "Point", "coordinates": [126.838508, 35.198567]}, "properties": {"addr": "광산구 왕버들로251번길 66", "cnt": 3}}, {"type": "Feature", "geometry": {"type": "Point", "coordinates": [126.832172, 35.185834]}, "properties": {"addr": "광산구 신가동 961-2", "cnt": 1}}, {"type": "Feature", "geometry": {"type": "Point", "coordinates": [126.832172, 35.185834]}, "properties": {"addr": "광산구 신가동 961-2", "cnt": 1}}, {"type": "Feature", "geometry": {"type": "Point", "coordinates": [126.837647, 35.212554]}, "properties": {"addr": "광산구 월계동 815-1", "cnt": 2}}, {"type": "Feature", "geometry": {"type": "Point", "coordinates": [126.814584, 35.168799]}, "properties": {"addr": "광산구 월곡반월로48번길 26", "cnt": 2}}, {"type": "Feature", "geometry": {"type": "Point", "coordinates": [126.814584, 35.168799]}, "properties": {"addr": "광산구 월곡반월로48번길 26", "cnt": 2}}, {"type": "Feature", "geometry": {"type": "Point", "coordinates": [126.811322, 35.154943]}, "properties": {"addr": "광산구 우산동 1045-2", "cnt": 1}}, {"type": "Feature", "geometry": {"type": "Point", "coordinates": [126.811322, 35.154943]}, "properties": {"addr": "광산구 우산동 1045-2", "cnt": 1}}, {"type": "Feature", "geometry": {"type": "Point", "coordinates": [126.942399, 35.13561]}, "properties": {"addr": "동구 운림길 51", "cnt": 1}}, {"type": "Feature", "geometry": {"type": "Point", "coordinates": [126.942399, 35.13561]}, "properties": {"addr": "동구 운림길 51", "cnt": 1}}, {"type": "Feature", "geometry": {"type": "Point", "coordinates": [126.915545, 35.15088]}, "properties": {"addr": "동구 중앙로 193-5", "cnt": 1}}, {"type": "Feature", "geometry": {"type": "Point", "coordinates": [126.915545, 35.15088]}, "properties": {"addr": "동구 중앙로 193-5", "cnt": 1}}, {"type": "Feature", "geometry": {"type": "Point", "coordinates": [126.836997, 35.151775]}, "properties": {"addr": "서구 상무자유로 25", "cnt": 1}}, {"type": "Feature", "geometry": {"type": "Point", "coordinates": [126.836997, 35.151775]}, "properties": {"addr": "서구 상무자유로 25", "cnt": 1}}, {"type": "Feature", "geometry": {"type": "Point", "coordinates": [126.860161, 35.166552]}, "properties": {"addr": "서구 칠성로 21-1", "cnt": 1}}, {"type": "Feature", "geometry": {"type": "Point", "coordinates": [126.860161, 35.166552]}, "properties": {"addr": "서구 칠성로 21-1", "cnt": 1}}, {"type": "Feature", "geometry": {"type": "Point", "coordinates": [126.877056, 35.140461]}, "properties": {"addr": "서구 염화로104번길 25", "cnt": 1}}, {"type": "Feature", "geometry": {"type": "Point", "coordinates": [126.877056, 35.140461]}, "properties": {"addr": "서구 염화로104번길 25", "cnt": 1}}, {"type": "Feature", "geometry": {"type": "Point", "coordinates": [126.879588, 35.1396]}, "properties": {"addr": "서구 월드컵4강로28번길 30-1", "cnt": 1}}, {"type": "Feature", "geometry": {"type": "Point", "coordinates": [126.879588, 35.1396]}, "properties": {"addr": "서구 월드컵4강로28번길 30-1", "cnt": 1}}, {"type": "Feature", "geometry": {"type": "Point", "coordinates": [126.850047, 35.142822]}, "properties": {"addr": "서구 백석길 1", "cnt": 3}}, {"type": "Feature", "geometry": {"type": "Point", "coordinates": [126.850047, 35.142822]}, "properties": {"addr": "서구 백석길 1", "cnt": 1}}, {"type": "Feature", "geometry": {"type": "Point", "coordinates": [126.914882, 35.125769]}, "properties": {"addr": "남구 봉선로175번길 16", "cnt": 1}}, {"type": "Feature", "geometry": {"type": "Point", "coordinates": [126.914882, 35.125769]}, "properties": {"addr": "남구 봉선로175번길 16", "cnt": 1}}, {"type": "Feature", "geometry": {"type": "Point", "coordinates": [126.914882, 35.125769]}, "properties": {"addr": "남구 봉선로175번길 16", "cnt": 1}}, {"type": "Feature", "geometry": {"type": "Point", "coordinates": [126.893498, 35.130658]}, "properties": {"addr": "남구 회서로22번길 4", "cnt": 1}}, {"type": "Feature", "geometry": {"type": "Point", "coordinates": [126.893498, 35.130658]}, "properties": {"addr": "남구 회서로22번길 4", "cnt": 1}}, {"type": "Feature", "geometry": {"type": "Point", "coordinates": [126.805524, 35.066263]}, "properties": {"addr": "남구 월지길 7", "cnt": 1}}, {"type": "Feature", "geometry": {"type": "Point", "coordinates": [126.805524, 35.066263]}, "properties": {"addr": "남구 월지길 7", "cnt": 2}}, {"type": "Feature", "geometry": {"type": "Point", "coordinates": [126.885157, 35.100289]}, "properties": {"addr": "남구 효우2로 70", "cnt": 1}}, {"type": "Feature", "geometry": {"type": "Point", "coordinates": [126.885157, 35.100289]}, "properties": {"addr": "남구 효우2로 70", "cnt": 1}}, {"type": "Feature", "geometry": {"type": "Point", "coordinates": [126.905141, 35.131696]}, "properties": {"addr": "남구 봉선로19번길 18", "cnt": 2}}, {"type": "Feature", "geometry": {"type": "Point", "coordinates": [126.846932, 35.232863]}, "properties": {"addr": "북구 삼소로 106", "cnt": 1}}, {"type": "Feature", "geometry": {"type": "Point", "coordinates": [126.846932, 35.232863]}, "properties": {"addr": "북구 삼소로 106", "cnt": 1}}, {"type": "Feature", "geometry": {"type": "Point", "coordinates": [126.85692, 35.218554]}, "properties": {"addr": "북구 추암로 37", "cnt": 1}}, {"type": "Feature", "geometry": {"type": "Point", "coordinates": [126.85692, 35.218554]}, "properties": {"addr": "북구 추암로 37", "cnt": 1}}, {"type": "Feature", "geometry": {"type": "Point", "coordinates": [126.866245, 35.209943]}, "properties": {"addr": "북구 신용동 492-10", "cnt": 1}}, {"type": "Feature", "geometry": {"type": "Point", "coordinates": [126.866245, 35.209943]}, "properties": {"addr": "북구 신용동 492-10", "cnt": 1}}, {"type": "Feature", "geometry": {"type": "Point", "coordinates": [126.870437, 35.209813]}, "properties": {"addr": "북구 임방울대로1042번길 29", "cnt": 1}}, {"type": "Feature", "geometry": {"type": "Point", "coordinates": [126.870437, 35.209813]}, "properties": {"addr": "북구 임방울대로1042번길 29", "cnt": 1}}, {"type": "Feature", "geometry": {"type": "Point", "coordinates": [126.902636, 35.19142]}, "properties": {"addr": "북구 우치로303번길 46-9", "cnt": 1}}, {"type": "Feature", "geometry": {"type": "Point", "coordinates": [126.902636, 35.19142]}, "properties": {"addr": "북구 우치로303번길 46-9", "cnt": 1}}, {"type": "Feature", "geometry": {"type": "Point", "coordinates": [126.902765, 35.186272]}, "properties": {"addr": "북구 우치로241번길 45", "cnt": 2}}, {"type": "Feature", "geometry": {"type": "Point", "coordinates": [126.902765, 35.186272]}, "properties": {"addr": "북구 우치로241번길 45", "cnt": 1}}, {"type": "Feature", "geometry": {"type": "Point", "coordinates": [126.902785, 35.186846]}, "properties": {"addr": "북구 서하로 202-5", "cnt": 1}}, {"type": "Feature", "geometry": {"type": "Point", "coordinates": [126.917391, 35.1725]}, "properties": {"addr": "북구 서방로40번길 3", "cnt": 1}}, {"type": "Feature", "geometry": {"type": "Point", "coordinates": [126.917391, 35.1725]}, "properties": {"addr": "북구 서방로40번길 3", "cnt": 3}}, {"type": "Feature", "geometry": {"type": "Point", "coordinates": [126.795766, 35.127061]}, "properties": {"addr": "광산구 도산동 1252-1", "cnt": 1}}, {"type": "Feature", "geometry": {"type": "Point", "coordinates": [126.795766, 35.127061]}, "properties": {"addr": "광산구 도산동 1252-1", "cnt": 1}}, {"type": "Feature", "geometry": {"type": "Point", "coordinates": [126.81811, 35.171633]}, "properties": {"addr": "광산구 목련로 184", "cnt": 1}}, {"type": "Feature", "geometry": {"type": "Point", "coordinates": [126.81811, 35.171633]}, "properties": {"addr": "광산구 목련로 184", "cnt": 1}}, {"type": "Feature", "geometry": {"type": "Point", "coordinates": [126.82021, 35.171797]}, "properties": {"addr": "광산구 목련로 201", "cnt": 1}}, {"type": "Feature", "geometry": {"type": "Point", "coordinates": [126.82021, 35.171797]}, "properties": {"addr": "광산구 목련로 201", "cnt": 1}}, {"type": "Feature", "geometry": {"type": "Point", "coordinates": [126.818432, 35.173744]}, "properties": {"addr": "광산구 운남동 387-29", "cnt": 2}}, {"type": "Feature", "geometry": {"type": "Point", "coordinates": [126.82667, 35.211348]}, "properties": {"addr": "광산구 임방울대로 603", "cnt": 1}}, {"type": "Feature", "geometry": {"type": "Point", "coordinates": [126.82667, 35.211348]}, "properties": {"addr": "광산구 임방울대로 603", "cnt": 1}}, {"type": "Feature", "geometry": {"type": "Point", "coordinates": [126.820395, 35.223326]}, "properties": {"addr": "광산구 비아로147번길 16", "cnt": 1}}, {"type": "Feature", "geometry": {"type": "Point", "coordinates": [126.820395, 35.223326]}, "properties": {"addr": "광산구 비아로147번길 16", "cnt": 1}}, {"type": "Feature", "geometry": {"type": "Point", "coordinates": [126.820395, 35.223326]}, "properties": {"addr": "광산구 비아로147번길 16", "cnt": 2}}, {"type": "Feature", "geometry": {"type": "Point", "coordinates": [126.834349, 35.22368]}, "properties": {"addr": "광산구 첨단과기로 79-15", "cnt": 1}}, {"type": "Feature", "geometry": {"type": "Point", "coordinates": [126.834349, 35.22368]}, "properties": {"addr": "광산구 첨단과기로 79-15", "cnt": 1}}, {"type": "Feature", "geometry": {"type": "Point", "coordinates": [126.832409, 35.223022]}, "properties": {"addr": "광산구 첨단과기로 59-14", "cnt": 1}}, {"type": "Feature", "geometry": {"type": "Point", "coordinates": [126.832409, 35.223022]}, "properties": {"addr": "광산구 첨단과기로 59-14", "cnt": 1}}, {"type": "Feature", "geometry": {"type": "Point", "coordinates": [126.831701, 35.190913]}, "properties": {"addr": "광산구 수완동 1359", "cnt": 1}}, {"type": "Feature", "geometry": {"type": "Point", "coordinates": [126.831701, 35.190913]}, "properties": {"addr": "광산구 수완동 1359", "cnt": 1}}, {"type": "Feature", "geometry": {"type": "Point", "coordinates": [126.812723, 35.189052]}, "properties": {"addr": "광산구 풍영로199번길 25", "cnt": 1}}, {"type": "Feature", "geometry": {"type": "Point", "coordinates": [126.812723, 35.189052]}, "properties": {"addr": "광산구 풍영로199번길 25", "cnt": 1}}, {"type": "Feature", "geometry": {"type": "Point", "coordinates": [126.928104, 35.154378]}, "properties": {"addr": "동구 경양로 355", "cnt": 1}}, {"type": "Feature", "geometry": {"type": "Point", "coordinates": [126.928104, 35.154378]}, "properties": {"addr": "동구 경양로 355", "cnt": 1}}, {"type": "Feature", "geometry": {"type": "Point", "coordinates": [126.922523, 35.139297]}, "properties": {"addr": "동구 남문로754번길 14-4", "cnt": 1}}, {"type": "Feature", "geometry": {"type": "Point", "coordinates": [126.922523, 35.139297]}, "properties": {"addr": "동구 남문로754번길 14-4", "cnt": 1}}, {"type": "Feature", "geometry": {"type": "Point", "coordinates": [126.923167, 35.154907]}, "properties": {"addr": "동구 산수동 490-7", "cnt": 1}}, {"type": "Feature", "geometry": {"type": "Point", "coordinates": [126.923167, 35.154907]}, "properties": {"addr": "동구 산수동 490-7", "cnt": 1}}, {"type": "Feature", "geometry": {"type": "Point", "coordinates": [126.925356, 35.15817]}, "properties": {"addr": "동구 산수동 447-4", "cnt": 1}}, {"type": "Feature", "geometry": {"type": "Point", "coordinates": [126.925356, 35.15817]}, "properties": {"addr": "동구 산수동 447-4", "cnt": 1}}, {"type": "Feature", "geometry": {"type": "Point", "coordinates": [126.861373, 35.137282]}, "properties": {"addr": "서구 금화로115번길 52", "cnt": 1}}, {"type": "Feature", "geometry": {"type": "Point", "coordinates": [126.861373, 35.137282]}, "properties": {"addr": "서구 금화로115번길 52", "cnt": 1}}, {"type": "Feature", "geometry": {"type": "Point", "coordinates": [126.862959, 35.137911]}, "properties": {"addr": "서구 금화로149번길 62", "cnt": 1}}, {"type": "Feature", "geometry": {"type": "Point", "coordinates": [126.862959, 35.137911]}, "properties": {"addr": "서구 금화로149번길 62", "cnt": 1}}, {"type": "Feature", "geometry": {"type": "Point", "coordinates": [126.860091, 35.121989]}, "properties": {"addr": "서구 금호동 862", "cnt": 1}}, {"type": "Feature", "geometry": {"type": "Point", "coordinates": [126.860091, 35.121989]}, "properties": {"addr": "서구 금호동 862", "cnt": 1}}, {"type": "Feature", "geometry": {"type": "Point", "coordinates": [126.870263, 35.168438]}, "properties": {"addr": "서구 천변우하로 469", "cnt": 1}}, {"type": "Feature", "geometry": {"type": "Point", "coordinates": [126.870263, 35.168438]}, "properties": {"addr": "서구 천변우하로 469", "cnt": 2}}, {"type": "Feature", "geometry": {"type": "Point", "coordinates": [126.857978, 35.168201]}, "properties": {"addr": "서구 천변우하로 337", "cnt": 1}}, {"type": "Feature", "geometry": {"type": "Point", "coordinates": [126.857978, 35.168201]}, "properties": {"addr": "서구 천변우하로 337", "cnt": 1}}, {"type": "Feature", "geometry": {"type": "Point", "coordinates": [126.840622, 35.149107]}, "properties": {"addr": "서구 상무평화로 13", "cnt": 1}}, {"type": "Feature", "geometry": {"type": "Point", "coordinates": [126.840622, 35.149108]}, "properties": {"addr": "서구 상무평화로 13", "cnt": 1}}, {"type": "Feature", "geometry": {"type": "Point", "coordinates": [126.840622, 35.149108]}, "properties": {"addr": "서구 상무평화로 13", "cnt": 1}}, {"type": "Feature", "geometry": {"type": "Point", "coordinates": [126.89055, 35.146659]}, "properties": {"addr": "남구 월성동 608-4", "cnt": 1}}, {"type": "Feature", "geometry": {"type": "Point", "coordinates": [126.89055, 35.146659]}, "properties": {"addr": "남구 월성동 608-4", "cnt": 1}}, {"type": "Feature", "geometry": {"type": "Point", "coordinates": [126.89055, 35.146659]}, "properties": {"addr": "남구 월성동 608-4", "cnt": 1}}, {"type": "Feature", "geometry": {"type": "Point", "coordinates": [126.87889, 35.101509]}, "properties": {"addr": "남구 행암동 520", "cnt": 1}}, {"type": "Feature", "geometry": {"type": "Point", "coordinates": [126.87889, 35.101509]}, "properties": {"addr": "남구 행암동 520", "cnt": 1}}, {"type": "Feature", "geometry": {"type": "Point", "coordinates": [126.886582, 35.099936]}, "properties": {"addr": "남구 효우2로 65", "cnt": 1}}, {"type": "Feature", "geometry": {"type": "Point", "coordinates": [126.886582, 35.099936]}, "properties": {"addr": "남구 효우2로 65", "cnt": 1}}, {"type": "Feature", "geometry": {"type": "Point", "coordinates": [126.912451, 35.120005]}, "properties": {"addr": "남구 봉선동 1086", "cnt": 1}}, {"type": "Feature", "geometry": {"type": "Point", "coordinates": [126.912451, 35.120005]}, "properties": {"addr": "남구 봉선동 1086", "cnt": 1}}, {"type": "Feature", "geometry": {"type": "Point", "coordinates": [126.861283, 35.208176]}, "properties": {"addr": "북구 첨단연신로107번길 26", "cnt": 1}}, {"type": "Feature", "geometry": {"type": "Point", "coordinates": [126.861283, 35.208176]}, "properties": {"addr": "북구 첨단연신로107번길 26", "cnt": 1}}, {"type": "Feature", "geometry": {"type": "Point", "coordinates": [126.898377, 35.171229]}, "properties": {"addr": "북구 용봉로 12", "cnt": 1}}, {"type": "Feature", "geometry": {"type": "Point", "coordinates": [126.898377, 35.171229]}, "properties": {"addr": "북구 용봉로 12", "cnt": 1}}, {"type": "Feature", "geometry": {"type": "Point", "coordinates": [126.864767, 35.188644]}, "properties": {"addr": "북구 북문대로242번길 11", "cnt": 1}}, {"type": "Feature", "geometry": {"type": "Point", "coordinates": [126.864767, 35.188644]}, "properties": {"addr": "북구 북문대로242번길 11", "cnt": 1}}, {"type": "Feature", "geometry": {"type": "Point", "coordinates": [126.910248, 35.186117]}, "properties": {"addr": "북구 서하로274번길 16", "cnt": 2}}, {"type": "Feature", "geometry": {"type": "Point", "coordinates": [126.910248, 35.186117]}, "properties": {"addr": "북구 서하로274번길 16", "cnt": 1}}, {"type": "Feature", "geometry": {"type": "Point", "coordinates": [126.793256, 35.157812]}, "properties": {"addr": "광산구 소촌동 290-33", "cnt": 1}}, {"type": "Feature", "geometry": {"type": "Point", "coordinates": [126.793256, 35.157812]}, "properties": {"addr": "광산구 소촌동 290-33", "cnt": 1}}, {"type": "Feature", "geometry": {"type": "Point", "coordinates": [126.813354, 35.183052]}, "properties": {"addr": "광산구 흑석동 520", "cnt": 1}}, {"type": "Feature", "geometry": {"type": "Point", "coordinates": [126.813354, 35.183052]}, "properties": {"addr": "광산구 흑석동 520", "cnt": 1}}, {"type": "Feature", "geometry": {"type": "Point", "coordinates": [126.810365, 35.181451]}, "properties": {"addr": "광산구 흑석동 573", "cnt": 1}}, {"type": "Feature", "geometry": {"type": "Point", "coordinates": [126.810365, 35.181451]}, "properties": {"addr": "광산구 흑석동 573", "cnt": 1}}, {"type": "Feature", "geometry": {"type": "Point", "coordinates": [126.810276, 35.157676]}, "properties": {"addr": "광산구 우산로85번길 29", "cnt": 2}}, {"type": "Feature", "geometry": {"type": "Point", "coordinates": [126.816773, 35.171557]}, "properties": {"addr": "광산구 목련로 156", "cnt": 1}}, {"type": "Feature", "geometry": {"type": "Point", "coordinates": [126.816773, 35.171557]}, "properties": {"addr": "광산구 목련로 156", "cnt": 1}}, {"type": "Feature", "geometry": {"type": "Point", "coordinates": [126.810352, 35.170238]}, "properties": {"addr": "광산구 월곡중앙로47번길 17", "cnt": 1}}, {"type": "Feature", "geometry": {"type": "Point", "coordinates": [126.810352, 35.170238]}, "properties": {"addr": "광산구 월곡중앙로47번길 17", "cnt": 1}}, {"type": "Feature", "geometry": {"type": "Point", "coordinates": [126.788552, 35.130477]}, "properties": {"addr": "광산구 남동길 40", "cnt": 1}}, {"type": "Feature", "geometry": {"type": "Point", "coordinates": [126.788552, 35.130477]}, "properties": {"addr": "광산구 남동길 40", "cnt": 2}}, {"type": "Feature", "geometry": {"type": "Point", "coordinates": [126.835205, 35.189137]}, "properties": {"addr": "광산구 신가동 1031", "cnt": 1}}, {"type": "Feature", "geometry": {"type": "Point", "coordinates": [126.835205, 35.189137]}, "properties": {"addr": "광산구 신가동 1031", "cnt": 1}}, {"type": "Feature", "geometry": {"type": "Point", "coordinates": [126.823212, 35.185306]}, "properties": {"addr": "광산구 신가동 1063", "cnt": 2}}, {"type": "Feature", "geometry": {"type": "Point", "coordinates": [126.837448, 35.186004]}, "properties": {"addr": "광산구 신창동 1108-2", "cnt": 1}}, {"type": "Feature", "geometry": {"type": "Point", "coordinates": [126.837448, 35.186004]}, "properties": {"addr": "광산구 신창동 1108-2", "cnt": 1}}, {"type": "Feature", "geometry": {"type": "Point", "coordinates": [126.845972, 35.195132]}, "properties": {"addr": "광산구 왕버들로 331", "cnt": 2}}, {"type": "Feature", "geometry": {"type": "Point", "coordinates": [126.837787, 35.181939]}, "properties": {"addr": "광산구 신창동 855-22", "cnt": 1}}, {"type": "Feature", "geometry": {"type": "Point", "coordinates": [126.837787, 35.181939]}, "properties": {"addr": "광산구 신창동 855-22", "cnt": 1}}, {"type": "Feature", "geometry": {"type": "Point", "coordinates": [126.936338, 35.155089]}, "properties": {"addr": "동구 필문대로187번길 31", "cnt": 1}}, {"type": "Feature", "geometry": {"type": "Point", "coordinates": [126.936338, 35.155089]}, "properties": {"addr": "동구 필문대로187번길 31", "cnt": 1}}, {"type": "Feature", "geometry": {"type": "Point", "coordinates": [126.857235, 35.134256]}, "properties": {"addr": "서구 금화로73번길 22", "cnt": 1}}, {"type": "Feature", "geometry": {"type": "Point", "coordinates": [126.857235, 35.134256]}, "properties": {"addr": "서구 금화로73번길 22", "cnt": 1}}, {"type": "Feature", "geometry": {"type": "Point", "coordinates": [126.882937, 35.121626]}, "properties": {"addr": "서구 풍암순환로109번길 10", "cnt": 2}}, {"type": "Feature", "geometry": {"type": "Point", "coordinates": [126.857306, 35.140823]}, "properties": {"addr": "서구 금호운천길 58-10", "cnt": 1}}, {"type": "Feature", "geometry": {"type": "Point", "coordinates": [126.857306, 35.140823]}, "properties": {"addr": "서구 금호운천길 58-10", "cnt": 1}}, {"type": "Feature", "geometry": {"type": "Point", "coordinates": [126.884252, 35.152107]}, "properties": {"addr": "서구 대남대로487번길 10", "cnt": 1}}, {"type": "Feature", "geometry": {"type": "Point", "coordinates": [126.884252, 35.152107]}, "properties": {"addr": "서구 대남대로487번길 10", "cnt": 1}}, {"type": "Feature", "geometry": {"type": "Point", "coordinates": [126.867243, 35.156896]}, "properties": {"addr": "서구 내방로240번길 13", "cnt": 1}}, {"type": "Feature", "geometry": {"type": "Point", "coordinates": [126.867243, 35.156896]}, "properties": {"addr": "서구 내방로240번길 13", "cnt": 1}}, {"type": "Feature", "geometry": {"type": "Point", "coordinates": [126.909292, 35.127363]}, "properties": {"addr": "남구 봉선1로16번안길 22", "cnt": 2}}, {"type": "Feature", "geometry": {"type": "Point", "coordinates": [126.909292, 35.127363]}, "properties": {"addr": "남구 봉선1로16번안길 22", "cnt": 1}}, {"type": "Feature", "geometry": {"type": "Point", "coordinates": [126.909292, 35.127363]}, "properties": {"addr": "남구 봉선1로16번안길 22", "cnt": 1}}, {"type": "Feature", "geometry": {"type": "Point", "coordinates": [126.907504, 35.115996]}, "properties": {"addr": "남구 제석로 12", "cnt": 2}}, {"type": "Feature", "geometry": {"type": "Point", "coordinates": [126.907504, 35.115996]}, "properties": {"addr": "남구 제석로 12", "cnt": 1}}, {"type": "Feature", "geometry": {"type": "Point", "coordinates": [126.895541, 35.118771]}, "properties": {"addr": "남구 광복마을3길 23", "cnt": 1}}, {"type": "Feature", "geometry": {"type": "Point", "coordinates": [126.895541, 35.118771]}, "properties": {"addr": "남구 광복마을3길 23", "cnt": 1}}, {"type": "Feature", "geometry": {"type": "Point", "coordinates": [126.896987, 35.213225]}, "properties": {"addr": "북구 소해로 94", "cnt": 2}}, {"type": "Feature", "geometry": {"type": "Point", "coordinates": [126.924137, 35.191203]}, "properties": {"addr": "북구 대천로 193", "cnt": 2}}, {"type": "Feature", "geometry": {"type": "Point", "coordinates": [126.895214, 35.216432]}, "properties": {"addr": "북구 모룡대길 53", "cnt": 2}}, {"type": "Feature", "geometry": {"type": "Point", "coordinates": [126.881094, 35.207382]}, "properties": {"addr": "북구 양지길31번길 14", "cnt": 2}}, {"type": "Feature", "geometry": {"type": "Point", "coordinates": [126.870278, 35.205646]}, "properties": {"addr": "북구 연양로28번길 17", "cnt": 1}}, {"type": "Feature", "geometry": {"type": "Point", "coordinates": [126.870278, 35.205646]}, "properties": {"addr": "북구 연양로28번길 17", "cnt": 1}}, {"type": "Feature", "geometry": {"type": "Point", "coordinates": [126.896328, 35.194876]}, "properties": {"addr": "북구 설죽로389번길 36", "cnt": 1}}, {"type": "Feature", "geometry": {"type": "Point", "coordinates": [126.896328, 35.194876]}, "properties": {"addr": "북구 설죽로389번길 36", "cnt": 1}}, {"type": "Feature", "geometry": {"type": "Point", "coordinates": [126.901097, 35.196846]}, "properties": {"addr": "북구 설죽로418번길 17", "cnt": 1}}, {"type": "Feature", "geometry": {"type": "Point", "coordinates": [126.901097, 35.196846]}, "properties": {"addr": "북구 설죽로418번길 17", "cnt": 2}}, {"type": "Feature", "geometry": {"type": "Point", "coordinates": [126.79875, 35.165291]}, "properties": {"addr": "광산구 산정동 1142", "cnt": 2}}, {"type": "Feature", "geometry": {"type": "Point", "coordinates": [126.79875, 35.165291]}, "properties": {"addr": "광산구 산정동 1142", "cnt": 1}}, {"type": "Feature", "geometry": {"type": "Point", "coordinates": [126.837808, 35.211549]}, "properties": {"addr": "광산구 첨단중앙로67번길 86", "cnt": 1}}, {"type": "Feature", "geometry": {"type": "Point", "coordinates": [126.837808, 35.211549]}, "properties": {"addr": "광산구 첨단중앙로67번길 86", "cnt": 1}}, {"type": "Feature", "geometry": {"type": "Point", "coordinates": [126.810863, 35.164194]}, "properties": {"addr": "광산구 월곡동 613-5", "cnt": 1}}, {"type": "Feature", "geometry": {"type": "Point", "coordinates": [126.810863, 35.164194]}, "properties": {"addr": "광산구 월곡동 613-5", "cnt": 1}}, {"type": "Feature", "geometry": {"type": "Point", "coordinates": [126.810136, 35.184007]}, "properties": {"addr": "광산구 풍영로145번길 76", "cnt": 1}}, {"type": "Feature", "geometry": {"type": "Point", "coordinates": [126.810136, 35.184007]}, "properties": {"addr": "광산구 풍영로145번길 76", "cnt": 1}}, {"type": "Feature", "geometry": {"type": "Point", "coordinates": [126.937493, 35.161597]}, "properties": {"addr": "동구 갈마로 68", "cnt": 1}}, {"type": "Feature", "geometry": {"type": "Point", "coordinates": [126.937493, 35.161597]}, "properties": {"addr": "동구 갈마로 68", "cnt": 1}}, {"type": "Feature", "geometry": {"type": "Point", "coordinates": [126.867259, 35.14389]}, "properties": {"addr": "서구 학생독립로 11", "cnt": 1}}, {"type": "Feature", "geometry": {"type": "Point", "coordinates": [126.867259, 35.14389]}, "properties": {"addr": "서구 학생독립로 11", "cnt": 1}}, {"type": "Feature", "geometry": {"type": "Point", "coordinates": [126.876326, 35.143421]}, "properties": {"addr": "서구 월드컵4강로68번길 17", "cnt": 1}}, {"type": "Feature", "geometry": {"type": "Point", "coordinates": [126.876326, 35.143421]}, "properties": {"addr": "서구 월드컵4강로68번길 17", "cnt": 1}}, {"type": "Feature", "geometry": {"type": "Point", "coordinates": [126.872419, 35.144374]}, "properties": {"addr": "서구 화정로138번길 12", "cnt": 1}}, {"type": "Feature", "geometry": {"type": "Point", "coordinates": [126.872419, 35.144374]}, "properties": {"addr": "서구 화정로138번길 12", "cnt": 1}}, {"type": "Feature", "geometry": {"type": "Point", "coordinates": [126.876838, 35.141155]}, "properties": {"addr": "서구 월드컵4강로42번길 12-8", "cnt": 1}}, {"type": "Feature", "geometry": {"type": "Point", "coordinates": [126.876838, 35.141155]}, "properties": {"addr": "서구 월드컵4강로42번길 12-8", "cnt": 1}}, {"type": "Feature", "geometry": {"type": "Point", "coordinates": [126.846424, 35.159662]}, "properties": {"addr": "서구 시청서편로12번길 8", "cnt": 1}}, {"type": "Feature", "geometry": {"type": "Point", "coordinates": [126.846424, 35.159662]}, "properties": {"addr": "서구 시청서편로12번길 8", "cnt": 1}}, {"type": "Feature", "geometry": {"type": "Point", "coordinates": [126.908417, 35.105383]}, "properties": {"addr": "남구 노대동 834", "cnt": 1}}, {"type": "Feature", "geometry": {"type": "Point", "coordinates": [126.908417, 35.105383]}, "properties": {"addr": "남구 노대동 834", "cnt": 1}}, {"type": "Feature", "geometry": {"type": "Point", "coordinates": [126.883089, 35.097827]}, "properties": {"addr": "남구 행암동 542", "cnt": 1}}, {"type": "Feature", "geometry": {"type": "Point", "coordinates": [126.883089, 35.097827]}, "properties": {"addr": "남구 행암동 542", "cnt": 1}}, {"type": "Feature", "geometry": {"type": "Point", "coordinates": [126.890718, 35.10346]}, "properties": {"addr": "남구 행암동 637", "cnt": 2}}, {"type": "Feature", "geometry": {"type": "Point", "coordinates": [126.936529, 35.177191]}, "properties": {"addr": "북구 월동로 67", "cnt": 1}}, {"type": "Feature", "geometry": {"type": "Point", "coordinates": [126.936529, 35.177191]}, "properties": {"addr": "북구 월동로 67", "cnt": 1}}, {"type": "Feature", "geometry": {"type": "Point", "coordinates": [126.87963, 35.217847]}, "properties": {"addr": "북구 본촌동 2849", "cnt": 1}}, {"type": "Feature", "geometry": {"type": "Point", "coordinates": [126.87963, 35.217847]}, "properties": {"addr": "북구 본촌동 2849", "cnt": 1}}, {"type": "Feature", "geometry": {"type": "Point", "coordinates": [126.861248, 35.200021]}, "properties": {"addr": "북구 첨단연신로29번길 23", "cnt": 1}}, {"type": "Feature", "geometry": {"type": "Point", "coordinates": [126.861248, 35.200021]}, "properties": {"addr": "북구 첨단연신로29번길 23", "cnt": 1}}, {"type": "Feature", "geometry": {"type": "Point", "coordinates": [126.899182, 35.209722]}, "properties": {"addr": "북구 일곡동 818-2", "cnt": 1}}, {"type": "Feature", "geometry": {"type": "Point", "coordinates": [126.899182, 35.209722]}, "properties": {"addr": "북구 일곡동 818-2", "cnt": 2}}, {"type": "Feature", "geometry": {"type": "Point", "coordinates": [126.818305, 35.192744]}, "properties": {"addr": "광산구 장덕동 1127", "cnt": 1}}, {"type": "Feature", "geometry": {"type": "Point", "coordinates": [126.818305, 35.192744]}, "properties": {"addr": "광산구 장덕동 1127", "cnt": 1}}, {"type": "Feature", "geometry": {"type": "Point", "coordinates": [126.824637, 35.1927]}, "properties": {"addr": "광산구 수완동 969", "cnt": 1}}, {"type": "Feature", "geometry": {"type": "Point", "coordinates": [126.824637, 35.1927]}, "properties": {"addr": "광산구 수완동 969", "cnt": 1}}, {"type": "Feature", "geometry": {"type": "Point", "coordinates": [126.770333, 35.147192]}, "properties": {"addr": "광산구 선암동 793", "cnt": 2}}, {"type": "Feature", "geometry": {"type": "Point", "coordinates": [126.813374, 35.188024]}, "properties": {"addr": "광산구 장덕동 1596", "cnt": 1}}, {"type": "Feature", "geometry": {"type": "Point", "coordinates": [126.813374, 35.188024]}, "properties": {"addr": "광산구 장덕동 1596", "cnt": 1}}, {"type": "Feature", "geometry": {"type": "Point", "coordinates": [126.834817, 35.209996]}, "properties": {"addr": "광산구 월계동 789-1", "cnt": 1}}, {"type": "Feature", "geometry": {"type": "Point", "coordinates": [126.834817, 35.209996]}, "properties": {"addr": "광산구 월계동 789-1", "cnt": 1}}, {"type": "Feature", "geometry": {"type": "Point", "coordinates": [126.826182, 35.187615]}, "properties": {"addr": "광산구 수완로33번길 51", "cnt": 2}}, {"type": "Feature", "geometry": {"type": "Point", "coordinates": [126.801979, 35.175774]}, "properties": {"addr": "광산구 용아로379번길 25-1", "cnt": 1}}, {"type": "Feature", "geometry": {"type": "Point", "coordinates": [126.801979, 35.175774]}, "properties": {"addr": "광산구 용아로379번길 25-1", "cnt": 1}}, {"type": "Feature", "geometry": {"type": "Point", "coordinates": [126.822945, 35.107168]}, "properties": {"addr": "서구 서창발산길 17-8", "cnt": 1}}, {"type": "Feature", "geometry": {"type": "Point", "coordinates": [126.822945, 35.107168]}, "properties": {"addr": "서구 서창발산길 17-8", "cnt": 3}}, {"type": "Feature", "geometry": {"type": "Point", "coordinates": [126.902371, 35.112844]}, "properties": {"addr": "남구 화산로 43", "cnt": 1}}, {"type": "Feature", "geometry": {"type": "Point", "coordinates": [126.902371, 35.112844]}, "properties": {"addr": "남구 화산로 43", "cnt": 1}}, {"type": "Feature", "geometry": {"type": "Point", "coordinates": [126.906896, 35.122938]}, "properties": {"addr": "남구 제석로 93-3", "cnt": 2}}, {"type": "Feature", "geometry": {"type": "Point", "coordinates": [126.906896, 35.122938]}, "properties": {"addr": "남구 제석로 93-3", "cnt": 1}}, {"type": "Feature", "geometry": {"type": "Point", "coordinates": [126.886783, 35.130089]}, "properties": {"addr": "남구 회재로 1140-9", "cnt": 1}}, {"type": "Feature", "geometry": {"type": "Point", "coordinates": [126.886783, 35.130089]}, "properties": {"addr": "남구 회재로 1140-9", "cnt": 1}}, {"type": "Feature", "geometry": {"type": "Point", "coordinates": [126.886783, 35.130089]}, "properties": {"addr": "남구 회재로 1140-9", "cnt": 1}}, {"type": "Feature", "geometry": {"type": "Point", "coordinates": [126.893818, 35.124337]}, "properties": {"addr": "남구 서문대로749번마길 19", "cnt": 2}}, {"type": "Feature", "geometry": {"type": "Point", "coordinates": [126.893236, 35.207848]}, "properties": {"addr": "북구 일곡로 45-1", "cnt": 1}}, {"type": "Feature", "geometry": {"type": "Point", "coordinates": [126.893236, 35.207848]}, "properties": {"addr": "북구 일곡로 45-1", "cnt": 2}}, {"type": "Feature", "geometry": {"type": "Point", "coordinates": [126.893064, 35.209932]}, "properties": {"addr": "북구 일곡로49번길 66", "cnt": 1}}, {"type": "Feature", "geometry": {"type": "Point", "coordinates": [126.893064, 35.209932]}, "properties": {"addr": "북구 일곡로49번길 66", "cnt": 2}}, {"type": "Feature", "geometry": {"type": "Point", "coordinates": [126.891993, 35.190106]}, "properties": {"addr": "북구 매곡로69번길 15", "cnt": 1}}, {"type": "Feature", "geometry": {"type": "Point", "coordinates": [126.891993, 35.190106]}, "properties": {"addr": "북구 매곡로69번길 15", "cnt": 1}}, {"type": "Feature", "geometry": {"type": "Point", "coordinates": [126.904051, 35.182198]}, "properties": {"addr": "북구 용주로46번길 15-2", "cnt": 2}}, {"type": "Feature", "geometry": {"type": "Point", "coordinates": [126.904051, 35.182198]}, "properties": {"addr": "북구 용주로46번길 15-2", "cnt": 3}}, {"type": "Feature", "geometry": {"type": "Point", "coordinates": [126.89542, 35.200279]}, "properties": {"addr": "북구 삼각동 770-2", "cnt": 1}}, {"type": "Feature", "geometry": {"type": "Point", "coordinates": [126.89542, 35.200279]}, "properties": {"addr": "북구 삼각동 770-2", "cnt": 1}}, {"type": "Feature", "geometry": {"type": "Point", "coordinates": [126.858187, 35.220204]}, "properties": {"addr": "북구 추암로 37", "cnt": 1}}, {"type": "Feature", "geometry": {"type": "Point", "coordinates": [126.858187, 35.220204]}, "properties": {"addr": "북구 추암로 37", "cnt": 1}}, {"type": "Feature", "geometry": {"type": "Point", "coordinates": [126.752128, 35.13107]}, "properties": {"addr": "광산구 용동 680-1", "cnt": 1}}, {"type": "Feature", "geometry": {"type": "Point", "coordinates": [126.752128, 35.13107]}, "properties": {"addr": "광산구 용동 680-1", "cnt": 1}}, {"type": "Feature", "geometry": {"type": "Point", "coordinates": [126.819124, 35.17817]}, "properties": {"addr": "광산구 운남동 769-7", "cnt": 1}}, {"type": "Feature", "geometry": {"type": "Point", "coordinates": [126.819124, 35.17817]}, "properties": {"addr": "광산구 운남동 769-7", "cnt": 1}}, {"type": "Feature", "geometry": {"type": "Point", "coordinates": [126.819124, 35.17817]}, "properties": {"addr": "광산구 운남동 769-7", "cnt": 1}}, {"type": "Feature", "geometry": {"type": "Point", "coordinates": [126.8934, 35.212694]}, "properties": {"addr": "북구 일곡동 140", "cnt": 1}}, {"type": "Feature", "geometry": {"type": "Point", "coordinates": [126.892836, 35.212399]}, "properties": {"addr": "북구 일곡동 470", "cnt": 1}}, {"type": "Feature", "geometry": {"type": "Point", "coordinates": [126.892931, 35.212301]}, "properties": {"addr": "북구 일곡동 470", "cnt": 1}}, {"type": "Feature", "geometry": {"type": "Point", "coordinates": [126.929385, 35.128353]}, "properties": {"addr": "동구 천변좌로630번길 3", "cnt": 1}}, {"type": "Feature", "geometry": {"type": "Point", "coordinates": [126.929385, 35.128353]}, "properties": {"addr": "동구 천변좌로630번길 3", "cnt": 2}}, {"type": "Feature", "geometry": {"type": "Point", "coordinates": [126.928293, 35.149421]}, "properties": {"addr": "동구 동계천로 172-1", "cnt": 1}}, {"type": "Feature", "geometry": {"type": "Point", "coordinates": [126.928293, 35.149421]}, "properties": {"addr": "동구 동계천로 172-1", "cnt": 2}}, {"type": "Feature", "geometry": {"type": "Point", "coordinates": [126.938695, 35.103589]}, "properties": {"addr": "동구 월남동 200", "cnt": 1}}, {"type": "Feature", "geometry": {"type": "Point", "coordinates": [126.938695, 35.103589]}, "properties": {"addr": "동구 월남동 200", "cnt": 2}}, {"type": "Feature", "geometry": {"type": "Point", "coordinates": [126.883076, 35.143114]}, "properties": {"addr": "서구 화운로23번길 12-14", "cnt": 1}}, {"type": "Feature", "geometry": {"type": "Point", "coordinates": [126.883076, 35.143114]}, "properties": {"addr": "서구 화운로23번길 12-14", "cnt": 3}}, {"type": "Feature", "geometry": {"type": "Point", "coordinates": [126.864651, 35.148687]}, "properties": {"addr": "서구 쌍촌로43번길 1", "cnt": 2}}, {"type": "Feature", "geometry": {"type": "Point", "coordinates": [126.864651, 35.148687]}, "properties": {"addr": "서구 쌍촌로43번길 1", "cnt": 1}}, {"type": "Feature", "geometry": {"type": "Point", "coordinates": [126.862461, 35.166924]}, "properties": {"addr": "서구 쌍촌동 1132-5", "cnt": 1}}, {"type": "Feature", "geometry": {"type": "Point", "coordinates": [126.862461, 35.166924]}, "properties": {"addr": "서구 쌍촌동 1132-5", "cnt": 3}}, {"type": "Feature", "geometry": {"type": "Point", "coordinates": [126.888229, 35.158149]}, "properties": {"addr": "서구 농성동 348-13", "cnt": 2}}, {"type": "Feature", "geometry": {"type": "Point", "coordinates": [126.888229, 35.158149]}, "properties": {"addr": "서구 농성동 348-13", "cnt": 2}}, {"type": "Feature", "geometry": {"type": "Point", "coordinates": [126.854982, 35.127665]}, "properties": {"addr": "서구 화개1로 45", "cnt": 1}}, {"type": "Feature", "geometry": {"type": "Point", "coordinates": [126.854982, 35.127665]}, "properties": {"addr": "서구 화개1로 45", "cnt": 2}}, {"type": "Feature", "geometry": {"type": "Point", "coordinates": [126.851372, 35.142902]}, "properties": {"addr": "서구 백석길 20", "cnt": 2}}, {"type": "Feature", "geometry": {"type": "Point", "coordinates": [126.851372, 35.142902]}, "properties": {"addr": "서구 백석길 20", "cnt": 1}}, {"type": "Feature", "geometry": {"type": "Point", "coordinates": [126.859059, 35.166987]}, "properties": {"addr": "서구 유촌동 15-3", "cnt": 2}}, {"type": "Feature", "geometry": {"type": "Point", "coordinates": [126.88736, 35.156362]}, "properties": {"addr": "서구 내방로408번길 33", "cnt": 1}}, {"type": "Feature", "geometry": {"type": "Point", "coordinates": [126.88736, 35.156362]}, "properties": {"addr": "서구 내방로408번길 33", "cnt": 3}}, {"type": "Feature", "geometry": {"type": "Point", "coordinates": [126.882558, 35.168485]}, "properties": {"addr": "서구 광천동 782-369", "cnt": 1}}, {"type": "Feature", "geometry": {"type": "Point", "coordinates": [126.882558, 35.168485]}, "properties": {"addr": "서구 광천동 782-369", "cnt": 2}}, {"type": "Feature", "geometry": {"type": "Point", "coordinates": [126.88073, 35.140445]}, "properties": {"addr": "서구 월드컵4강로28번길 44", "cnt": 2}}, {"type": "Feature", "geometry": {"type": "Point", "coordinates": [126.88073, 35.140445]}, "properties": {"addr": "서구 월드컵4강로28번길 44", "cnt": 1}}, {"type": "Feature", "geometry": {"type": "Point", "coordinates": [126.872154, 35.166137]}, "properties": {"addr": "서구 칠성로 131", "cnt": 2}}, {"type": "Feature", "geometry": {"type": "Point", "coordinates": [126.872154, 35.166137]}, "properties": {"addr": "서구 칠성로 131", "cnt": 1}}, {"type": "Feature", "geometry": {"type": "Point", "coordinates": [126.88238, 35.1427]}, "properties": {"addr": "서구 염화로160번길 12", "cnt": 1}}, {"type": "Feature", "geometry": {"type": "Point", "coordinates": [126.88238, 35.1427]}, "properties": {"addr": "서구 염화로160번길 12", "cnt": 1}}, {"type": "Feature", "geometry": {"type": "Point", "coordinates": [126.88238, 35.1427]}, "properties": {"addr": "서구 염화로160번길 12", "cnt": 2}}, {"type": "Feature", "geometry": {"type": "Point", "coordinates": [126.892446, 35.158325]}, "properties": {"addr": "서구 천변좌로130번길 20", "cnt": 1}}, {"type": "Feature", "geometry": {"type": "Point", "coordinates": [126.892446, 35.158325]}, "properties": {"addr": "서구 천변좌로130번길 20", "cnt": 2}}, {"type": "Feature", "geometry": {"type": "Point", "coordinates": [126.864598, 35.143577]}, "properties": {"addr": "서구 화정로78번길 16-20", "cnt": 1}}, {"type": "Feature", "geometry": {"type": "Point", "coordinates": [126.864598, 35.143577]}, "properties": {"addr": "서구 화정로78번길 16-20", "cnt": 3}}, {"type": "Feature", "geometry": {"type": "Point", "coordinates": [126.884924, 35.140822]}, "properties": {"addr": "서구 화정동 1081", "cnt": 1}}, {"type": "Feature", "geometry": {"type": "Point", "coordinates": [126.884924, 35.140822]}, "properties": {"addr": "서구 화정동 1081", "cnt": 2}}, {"type": "Feature", "geometry": {"type": "Point", "coordinates": [126.881421, 35.123826]}, "properties": {"addr": "서구 풍암동 1129", "cnt": 1}}, {"type": "Feature", "geometry": {"type": "Point", "coordinates": [126.881421, 35.123826]}, "properties": {"addr": "서구 풍암동 1129", "cnt": 2}}, {"type": "Feature", "geometry": {"type": "Point", "coordinates": [126.856308, 35.12412]}, "properties": {"addr": "서구 금호동 890", "cnt": 1}}, {"type": "Feature", "geometry": {"type": "Point", "coordinates": [126.856308, 35.12412]}, "properties": {"addr": "서구 금호동 890", "cnt": 2}}, {"type": "Feature", "geometry": {"type": "Point", "coordinates": [126.858876, 35.170351]}, "properties": {"addr": "서구 동천동 503", "cnt": 1}}, {"type": "Feature", "geometry": {"type": "Point", "coordinates": [126.858876, 35.170351]}, "properties": {"addr": "서구 동천동 503", "cnt": 2}}, {"type": "Feature", "geometry": {"type": "Point", "coordinates": [126.868464, 35.123033]}, "properties": {"addr": "서구 풍암동 1008", "cnt": 1}}, {"type": "Feature", "geometry": {"type": "Point", "coordinates": [126.868464, 35.123033]}, "properties": {"addr": "서구 풍암동 1008", "cnt": 1}}, {"type": "Feature", "geometry": {"type": "Point", "coordinates": [126.85779, 35.152838]}, "properties": {"addr": "서구 상무민주로 61", "cnt": 3}}, {"type": "Feature", "geometry": {"type": "Point", "coordinates": [126.85779, 35.152838]}, "properties": {"addr": "서구 상무민주로 61", "cnt": 1}}, {"type": "Feature", "geometry": {"type": "Point", "coordinates": [126.884923, 35.160134]}, "properties": {"addr": "서구 농성동 417-8", "cnt": 1}}, {"type": "Feature", "geometry": {"type": "Point", "coordinates": [126.884923, 35.160134]}, "properties": {"addr": "서구 농성동 417-8", "cnt": 2}}, {"type": "Feature", "geometry": {"type": "Point", "coordinates": [126.841103, 35.144757]}, "properties": {"addr": "서구 치평동 1280-1", "cnt": 1}}, {"type": "Feature", "geometry": {"type": "Point", "coordinates": [126.841103, 35.144757]}, "properties": {"addr": "서구 치평동 1280-1", "cnt": 1}}, {"type": "Feature", "geometry": {"type": "Point", "coordinates": [126.911752, 35.12195]}, "properties": {"addr": "남구 불로마을길 18", "cnt": 2}}, {"type": "Feature", "geometry": {"type": "Point", "coordinates": [126.911752, 35.12195]}, "properties": {"addr": "남구 불로마을길 18", "cnt": 1}}, {"type": "Feature", "geometry": {"type": "Point", "coordinates": [126.924223, 35.129417]}, "properties": {"addr": "남구 천변좌로586번길 27-2", "cnt": 3}}, {"type": "Feature", "geometry": {"type": "Point", "coordinates": [126.924223, 35.129417]}, "properties": {"addr": "남구 천변좌로586번길 27-2", "cnt": 1}}, {"type": "Feature", "geometry": {"type": "Point", "coordinates": [126.920917, 35.134339]}, "properties": {"addr": "남구 큰방림길 4-2", "cnt": 3}}, {"type": "Feature", "geometry": {"type": "Point", "coordinates": [126.920917, 35.134339]}, "properties": {"addr": "남구 큰방림길 4-2", "cnt": 1}}, {"type": "Feature", "geometry": {"type": "Point", "coordinates": [126.831774, 35.083466]}, "properties": {"addr": "남구 고싸움로164번길 19-1", "cnt": 2}}, {"type": "Feature", "geometry": {"type": "Point", "coordinates": [126.915862, 35.136814]}, "properties": {"addr": "남구 3·1만세운동길 6", "cnt": 1}}, {"type": "Feature", "geometry": {"type": "Point", "coordinates": [126.915862, 35.136814]}, "properties": {"addr": "남구 3·1만세운동길 6", "cnt": 2}}, {"type": "Feature", "geometry": {"type": "Point", "coordinates": [126.879026, 35.104714]}, "properties": {"addr": "남구 효천길 30", "cnt": 2}}, {"type": "Feature", "geometry": {"type": "Point", "coordinates": [126.900204, 35.11947]}, "properties": {"addr": "남구 서문대로678번길 14", "cnt": 2}}, {"type": "Feature", "geometry": {"type": "Point", "coordinates": [126.885451, 35.102555]}, "properties": {"addr": "남구 행암동 554", "cnt": 1}}, {"type": "Feature", "geometry": {"type": "Point", "coordinates": [126.885451, 35.102555]}, "properties": {"addr": "남구 행암동 554", "cnt": 1}}, {"type": "Feature", "geometry": {"type": "Point", "coordinates": [126.915628, 35.142617]}, "properties": {"addr": "남구 양림동 311", "cnt": 1}}, {"type": "Feature", "geometry": {"type": "Point", "coordinates": [126.915628, 35.142617]}, "properties": {"addr": "남구 양림동 311", "cnt": 2}}, {"type": "Feature", "geometry": {"type": "Point", "coordinates": [126.912193, 35.142038]}, "properties": {"addr": "남구 사직길 28-2", "cnt": 1}}, {"type": "Feature", "geometry": {"type": "Point", "coordinates": [126.912193, 35.142038]}, "properties": {"addr": "남구 사직길 28-2", "cnt": 3}}, {"type": "Feature", "geometry": {"type": "Point", "coordinates": [126.934283, 35.164638]}, "properties": {"addr": "북구 삼정로3번길 45", "cnt": 1}}, {"type": "Feature", "geometry": {"type": "Point", "coordinates": [126.934283, 35.164638]}, "properties": {"addr": "북구 삼정로3번길 45", "cnt": 2}}, {"type": "Feature", "geometry": {"type": "Point", "coordinates": [126.900841, 35.164627]}, "properties": {"addr": "북구 중흥로 59", "cnt": 1}}, {"type": "Feature", "geometry": {"type": "Point", "coordinates": [126.900841, 35.164627]}, "properties": {"addr": "북구 중흥로 59", "cnt": 3}}, {"type": "Feature", "geometry": {"type": "Point", "coordinates": [126.864479, 35.18578]}, "properties": {"addr": "북구 동림동 37-34", "cnt": 2}}, {"type": "Feature", "geometry": {"type": "Point", "coordinates": [126.926682, 35.187983]}, "properties": {"addr": "북구 부남길 26", "cnt": 1}}, {"type": "Feature", "geometry": {"type": "Point", "coordinates": [126.926682, 35.187983]}, "properties": {"addr": "북구 부남길 26", "cnt": 2}}, {"type": "Feature", "geometry": {"type": "Point", "coordinates": [126.906228, 35.189406]}, "properties": {"addr": "북구 우치로274번길 10", "cnt": 1}}, {"type": "Feature", "geometry": {"type": "Point", "coordinates": [126.906228, 35.189406]}, "properties": {"addr": "북구 우치로274번길 10", "cnt": 3}}, {"type": "Feature", "geometry": {"type": "Point", "coordinates": [126.877105, 35.209674]}, "properties": {"addr": "북구 양산택지로33번길 19", "cnt": 1}}, {"type": "Feature", "geometry": {"type": "Point", "coordinates": [126.877105, 35.209674]}, "properties": {"addr": "북구 양산택지로33번길 19", "cnt": 3}}, {"type": "Feature", "geometry": {"type": "Point", "coordinates": [126.900355, 35.198223]}, "properties": {"addr": "북구 설죽로436번길 7", "cnt": 1}}, {"type": "Feature", "geometry": {"type": "Point", "coordinates": [126.900355, 35.198223]}, "properties": {"addr": "북구 설죽로436번길 7", "cnt": 2}}, {"type": "Feature", "geometry": {"type": "Point", "coordinates": [126.89001, 35.1901]}, "properties": {"addr": "북구 매곡동 320-4", "cnt": 1}}, {"type": "Feature", "geometry": {"type": "Point", "coordinates": [126.89001, 35.1901]}, "properties": {"addr": "북구 매곡동 320-4", "cnt": 2}}, {"type": "Feature", "geometry": {"type": "Point", "coordinates": [126.914261, 35.179156]}, "properties": {"addr": "북구 호동로15번길 91", "cnt": 2}}, {"type": "Feature", "geometry": {"type": "Point", "coordinates": [126.914261, 35.179156]}, "properties": {"addr": "북구 호동로15번길 91", "cnt": 2}}, {"type": "Feature", "geometry": {"type": "Point", "coordinates": [126.903767, 35.190997]}, "properties": {"addr": "북구 우치로303번길 31", "cnt": 1}}, {"type": "Feature", "geometry": {"type": "Point", "coordinates": [126.903767, 35.190997]}, "properties": {"addr": "북구 우치로303번길 31", "cnt": 3}}, {"type": "Feature", "geometry": {"type": "Point", "coordinates": [126.891264, 35.180851]}, "properties": {"addr": "북구 저불로69번길 37", "cnt": 2}}, {"type": "Feature", "geometry": {"type": "Point", "coordinates": [126.896493, 35.201063]}, "properties": {"addr": "북구 설죽로471번길 22", "cnt": 1}}, {"type": "Feature", "geometry": {"type": "Point", "coordinates": [126.896493, 35.201063]}, "properties": {"addr": "북구 설죽로471번길 22", "cnt": 2}}, {"type": "Feature", "geometry": {"type": "Point", "coordinates": [126.871408, 35.199718]}, "properties": {"addr": "북구 양산제로 38", "cnt": 2}}, {"type": "Feature", "geometry": {"type": "Point", "coordinates": [126.871408, 35.199718]}, "properties": {"addr": "북구 양산제로 38", "cnt": 1}}, {"type": "Feature", "geometry": {"type": "Point", "coordinates": [126.881089, 35.210813]}, "properties": {"addr": "북구 양산로 57-6", "cnt": 1}}, {"type": "Feature", "geometry": {"type": "Point", "coordinates": [126.881089, 35.210813]}, "properties": {"addr": "북구 양산로 57-6", "cnt": 2}}, {"type": "Feature", "geometry": {"type": "Point", "coordinates": [126.90478, 35.199612]}, "properties": {"addr": "북구 원삼각길 18", "cnt": 1}}, {"type": "Feature", "geometry": {"type": "Point", "coordinates": [126.90478, 35.199612]}, "properties": {"addr": "북구 원삼각길 18", "cnt": 2}}, {"type": "Feature", "geometry": {"type": "Point", "coordinates": [126.863974, 35.176458]}, "properties": {"addr": "북구 유림로 155-1", "cnt": 1}}, {"type": "Feature", "geometry": {"type": "Point", "coordinates": [126.863974, 35.176458]}, "properties": {"addr": "북구 유림로 155-1", "cnt": 2}}, {"type": "Feature", "geometry": {"type": "Point", "coordinates": [126.915006, 35.165653]}, "properties": {"addr": "북구 서암대로 286-1", "cnt": 1}}, {"type": "Feature", "geometry": {"type": "Point", "coordinates": [126.915006, 35.165653]}, "properties": {"addr": "북구 서암대로 286-1", "cnt": 2}}, {"type": "Feature", "geometry": {"type": "Point", "coordinates": [126.870103, 35.177825]}, "properties": {"addr": "북구 서강로67번길 20", "cnt": 1}}, {"type": "Feature", "geometry": {"type": "Point", "coordinates": [126.870103, 35.177825]}, "properties": {"addr": "북구 서강로67번길 20", "cnt": 2}}, {"type": "Feature", "geometry": {"type": "Point", "coordinates": [126.873019, 35.215574]}, "properties": {"addr": "북구 거진길 36", "cnt": 1}}, {"type": "Feature", "geometry": {"type": "Point", "coordinates": [126.873019, 35.215574]}, "properties": {"addr": "북구 거진길 36", "cnt": 2}}, {"type": "Feature", "geometry": {"type": "Point", "coordinates": [126.87703, 35.214986]}, "properties": {"addr": "북구 용두동 산43-25", "cnt": 3}}, {"type": "Feature", "geometry": {"type": "Point", "coordinates": [126.87703, 35.214986]}, "properties": {"addr": "북구 용두동 산43-25", "cnt": 1}}, {"type": "Feature", "geometry": {"type": "Point", "coordinates": [126.927881, 35.180526]}, "properties": {"addr": "북구 면앙로133번길 80", "cnt": 1}}, {"type": "Feature", "geometry": {"type": "Point", "coordinates": [126.927881, 35.180526]}, "properties": {"addr": "북구 면앙로133번길 80", "cnt": 2}}, {"type": "Feature", "geometry": {"type": "Point", "coordinates": [126.89139, 35.207909]}, "properties": {"addr": "북구 일곡마을로124번길 23-10", "cnt": 1}}, {"type": "Feature", "geometry": {"type": "Point", "coordinates": [126.89139, 35.207909]}, "properties": {"addr": "북구 일곡마을로124번길 23-10", "cnt": 2}}, {"type": "Feature", "geometry": {"type": "Point", "coordinates": [126.898544, 35.160995]}, "properties": {"addr": "북구 서림로 122", "cnt": 1}}, {"type": "Feature", "geometry": {"type": "Point", "coordinates": [126.898544, 35.160995]}, "properties": {"addr": "북구 서림로 122", "cnt": 2}}, {"type": "Feature", "geometry": {"type": "Point", "coordinates": [126.89686, 35.180151]}, "properties": {"addr": "북구 저불로70번길 14", "cnt": 1}}, {"type": "Feature", "geometry": {"type": "Point", "coordinates": [126.89686, 35.180151]}, "properties": {"addr": "북구 저불로70번길 14", "cnt": 3}}, {"type": "Feature", "geometry": {"type": "Point", "coordinates": [126.903502, 35.191247]}, "properties": {"addr": "북구 오치동 913-19", "cnt": 1}}, {"type": "Feature", "geometry": {"type": "Point", "coordinates": [126.903502, 35.191247]}, "properties": {"addr": "북구 오치동 913-19", "cnt": 3}}, {"type": "Feature", "geometry": {"type": "Point", "coordinates": [126.939366, 35.162245]}, "properties": {"addr": "북구 무진성길 58", "cnt": 2}}, {"type": "Feature", "geometry": {"type": "Point", "coordinates": [126.939366, 35.162245]}, "properties": {"addr": "북구 무진성길 58", "cnt": 1}}, {"type": "Feature", "geometry": {"type": "Point", "coordinates": [126.845852, 35.205963]}, "properties": {"addr": "광산구 첨단봉산길 16-7", "cnt": 1}}, {"type": "Feature", "geometry": {"type": "Point", "coordinates": [126.845852, 35.205963]}, "properties": {"addr": "광산구 첨단봉산길 16-7", "cnt": 2}}, {"type": "Feature", "geometry": {"type": "Point", "coordinates": [126.818938, 35.180574]}, "properties": {"addr": "광산구 임방울대로216번길 6-17", "cnt": 2}}, {"type": "Feature", "geometry": {"type": "Point", "coordinates": [126.818938, 35.180574]}, "properties": {"addr": "광산구 임방울대로216번길 6-17", "cnt": 2}}, {"type": "Feature", "geometry": {"type": "Point", "coordinates": [126.821042, 35.202659]}, "properties": {"addr": "광산구 왕버들로 93", "cnt": 1}}, {"type": "Feature", "geometry": {"type": "Point", "coordinates": [126.821042, 35.202659]}, "properties": {"addr": "광산구 왕버들로 93", "cnt": 2}}, {"type": "Feature", "geometry": {"type": "Point", "coordinates": [126.817799, 35.172359]}, "properties": {"addr": "광산구 임방울대로 126", "cnt": 1}}, {"type": "Feature", "geometry": {"type": "Point", "coordinates": [126.817799, 35.172359]}, "properties": {"addr": "광산구 임방울대로 126", "cnt": 2}}, {"type": "Feature", "geometry": {"type": "Point", "coordinates": [126.836007, 35.18036]}, "properties": {"addr": "광산구 목련로382번안길 34", "cnt": 1}}, {"type": "Feature", "geometry": {"type": "Point", "coordinates": [126.836007, 35.18036]}, "properties": {"addr": "광산구 목련로382번안길 34", "cnt": 3}}, {"type": "Feature", "geometry": {"type": "Point", "coordinates": [126.811297, 35.154842]}, "properties": {"addr": "광산구 사암로118번길 66", "cnt": 1}}, {"type": "Feature", "geometry": {"type": "Point", "coordinates": [126.811297, 35.154842]}, "properties": {"addr": "광산구 사암로118번길 66", "cnt": 1}}, {"type": "Feature", "geometry": {"type": "Point", "coordinates": [126.811297, 35.154842]}, "properties": {"addr": "광산구 사암로118번길 66", "cnt": 2}}, {"type": "Feature", "geometry": {"type": "Point", "coordinates": [126.807498, 35.139348]}, "properties": {"addr": "광산구 야촌길 9", "cnt": 1}}, {"type": "Feature", "geometry": {"type": "Point", "coordinates": [126.807498, 35.139348]}, "properties": {"addr": "광산구 야촌길 9", "cnt": 1}}, {"type": "Feature", "geometry": {"type": "Point", "coordinates": [126.802111, 35.139278]}, "properties": {"addr": "광산구 송도로304번길 24", "cnt": 2}}, {"type": "Feature", "geometry": {"type": "Point", "coordinates": [126.824141, 35.202993]}, "properties": {"addr": "광산구 왕버들로 113-24", "cnt": 1}}, {"type": "Feature", "geometry": {"type": "Point", "coordinates": [126.824141, 35.202993]}, "properties": {"addr": "광산구 왕버들로 113-24", "cnt": 2}}, {"type": "Feature", "geometry": {"type": "Point", "coordinates": [126.838755, 35.188776]}, "properties": {"addr": "광산구 신창로36번길 32", "cnt": 1}}, {"type": "Feature", "geometry": {"type": "Point", "coordinates": [126.838755, 35.188776]}, "properties": {"addr": "광산구 신창로36번길 32", "cnt": 2}}, {"type": "Feature", "geometry": {"type": "Point", "coordinates": [126.8252, 35.19438]}, "properties": {"addr": "광산구 임방울대로378번길 37", "cnt": 1}}, {"type": "Feature", "geometry": {"type": "Point", "coordinates": [126.8252, 35.19438]}, "properties": {"addr": "광산구 임방울대로378번길 37", "cnt": 3}}, {"type": "Feature", "geometry": {"type": "Point", "coordinates": [126.795219, 35.151313]}, "properties": {"addr": "광산구 소촌로86번길 20-16", "cnt": 1}}, {"type": "Feature", "geometry": {"type": "Point", "coordinates": [126.795219, 35.151313]}, "properties": {"addr": "광산구 소촌로86번길 20-16", "cnt": 2}}, {"type": "Feature", "geometry": {"type": "Point", "coordinates": [126.747124, 35.193086]}, "properties": {"addr": "광산구 산수동 678-2", "cnt": 1}}, {"type": "Feature", "geometry": {"type": "Point", "coordinates": [126.747124, 35.193086]}, "properties": {"addr": "광산구 산수동 678-2", "cnt": 2}}, {"type": "Feature", "geometry": {"type": "Point", "coordinates": [126.801766, 35.176154]}, "properties": {"addr": "광산구 용아로379번길 57", "cnt": 1}}, {"type": "Feature", "geometry": {"type": "Point", "coordinates": [126.801766, 35.176154]}, "properties": {"addr": "광산구 용아로379번길 57", "cnt": 2}}, {"type": "Feature", "geometry": {"type": "Point", "coordinates": [126.818657, 35.215291]}, "properties": {"addr": "광산구 도천동 449-3", "cnt": 1}}, {"type": "Feature", "geometry": {"type": "Point", "coordinates": [126.818657, 35.215291]}, "properties": {"addr": "광산구 도천동 449-3", "cnt": 2}}, {"type": "Feature", "geometry": {"type": "Point", "coordinates": [126.786871, 35.128816]}, "properties": {"addr": "광산구 서도산길 70-8", "cnt": 2}}, {"type": "Feature", "geometry": {"type": "Point", "coordinates": [126.786871, 35.128816]}, "properties": {"addr": "광산구 서도산길 70-8", "cnt": 1}}, {"type": "Feature", "geometry": {"type": "Point", "coordinates": [126.827887, 35.205254]}, "properties": {"addr": "광산구 상완길 115-47", "cnt": 2}}, {"type": "Feature", "geometry": {"type": "Point", "coordinates": [126.840791, 35.187297]}, "properties": {"addr": "광산구 신가매결길 50", "cnt": 1}}, {"type": "Feature", "geometry": {"type": "Point", "coordinates": [126.840791, 35.187297]}, "properties": {"addr": "광산구 신가매결길 50", "cnt": 2}}, {"type": "Feature", "geometry": {"type": "Point", "coordinates": [126.82711, 35.191289]}, "properties": {"addr": "광산구 장신로147번길 6-5", "cnt": 2}}, {"type": "Feature", "geometry": {"type": "Point", "coordinates": [126.790272, 35.131647]}, "properties": {"addr": "광산구 도산로 39", "cnt": 2}}, {"type": "Feature", "geometry": {"type": "Point", "coordinates": [126.790272, 35.131647]}, "properties": {"addr": "광산구 도산로 39", "cnt": 2}}, {"type": "Feature", "geometry": {"type": "Point", "coordinates": [126.786266, 35.126544]}, "properties": {"addr": "광산구 송도로85번길 29", "cnt": 2}}, {"type": "Feature", "geometry": {"type": "Point", "coordinates": [126.842655, 35.189181]}, "properties": {"addr": "광산구 구촌반촌길 33", "cnt": 2}}, {"type": "Feature", "geometry": {"type": "Point", "coordinates": [126.798297, 35.176497]}, "properties": {"addr": "광산구 손재로110번길 29", "cnt": 2}}, {"type": "Feature", "geometry": {"type": "Point", "coordinates": [126.798297, 35.176497]}, "properties": {"addr": "광산구 손재로110번길 29", "cnt": 2}}, {"type": "Feature", "geometry": {"type": "Point", "coordinates": [126.817559, 35.222314]}, "properties": {"addr": "광산구 비아로 121", "cnt": 1}}, {"type": "Feature", "geometry": {"type": "Point", "coordinates": [126.817559, 35.222314]}, "properties": {"addr": "광산구 비아로 121", "cnt": 2}}, {"type": "Feature", "geometry": {"type": "Point", "coordinates": [126.804981, 35.174738]}, "properties": {"addr": "광산구 산정공원로71번길 32-9", "cnt": 1}}, {"type": "Feature", "geometry": {"type": "Point", "coordinates": [126.804981, 35.174738]}, "properties": {"addr": "광산구 산정공원로71번길 32-9", "cnt": 1}}, {"type": "Feature", "geometry": {"type": "Point", "coordinates": [126.751559, 35.12975]}, "properties": {"addr": "광산구 평동산단외로64번길 40-6", "cnt": 1}}, {"type": "Feature", "geometry": {"type": "Point", "coordinates": [126.751559, 35.12975]}, "properties": {"addr": "광산구 평동산단외로64번길 40-6", "cnt": 2}}, {"type": "Feature", "geometry": {"type": "Point", "coordinates": [126.822195, 35.177631]}, "properties": {"addr": "광산구 운남동 771-4", "cnt": 1}}, {"type": "Feature", "geometry": {"type": "Point", "coordinates": [126.822195, 35.177631]}, "properties": {"addr": "광산구 운남동 771-4", "cnt": 2}}, {"type": "Feature", "geometry": {"type": "Point", "coordinates": [126.832321, 35.184716]}, "properties": {"addr": "광산구 신가동 963-5", "cnt": 1}}, {"type": "Feature", "geometry": {"type": "Point", "coordinates": [126.832321, 35.184716]}, "properties": {"addr": "광산구 신가동 963-5", "cnt": 3}}, {"type": "Feature", "geometry": {"type": "Point", "coordinates": [126.809459, 35.178003]}, "properties": {"addr": "광산구 풍영로 63", "cnt": 1}}, {"type": "Feature", "geometry": {"type": "Point", "coordinates": [126.809459, 35.178003]}, "properties": {"addr": "광산구 풍영로 63", "cnt": 2}}, {"type": "Feature", "geometry": {"type": "Point", "coordinates": [126.878107, 35.211742]}, "properties": {"addr": "북구 상촌로31번길 1", "cnt": 2}}, {"type": "Feature", "geometry": {"type": "Point", "coordinates": [126.878107, 35.211742]}, "properties": {"addr": "북구 상촌로31번길 1", "cnt": 1}}, {"type": "Feature", "geometry": {"type": "Point", "coordinates": [126.892522, 35.20852]}, "properties": {"addr": "북구 일곡동 919-1", "cnt": 2}}, {"type": "Feature", "geometry": {"type": "Point", "coordinates": [126.875304, 35.214009]}, "properties": {"addr": "북구 하서로 437-1", "cnt": 2}}, {"type": "Feature", "geometry": {"type": "Point", "coordinates": [126.901756, 35.19483]}, "properties": {"addr": "북구 안산로 85", "cnt": 1}}, {"type": "Feature", "geometry": {"type": "Point", "coordinates": [126.901756, 35.19483]}, "properties": {"addr": "북구 안산로 85", "cnt": 3}}, {"type": "Feature", "geometry": {"type": "Point", "coordinates": [126.908802, 35.187199]}, "properties": {"addr": "북구 서하로257번길 2", "cnt": 2}}, {"type": "Feature", "geometry": {"type": "Point", "coordinates": [126.869245, 35.197321]}, "properties": {"addr": "북구 연제외촌길 140", "cnt": 2}}, {"type": "Feature", "geometry": {"type": "Point", "coordinates": [126.879198, 35.213883]}, "properties": {"addr": "북구 양산택지로79번길 24-2", "cnt": 1}}, {"type": "Feature", "geometry": {"type": "Point", "coordinates": [126.879198, 35.213883]}, "properties": {"addr": "북구 양산택지로79번길 24-2", "cnt": 1}}, {"type": "Feature", "geometry": {"type": "Point", "coordinates": [126.879198, 35.213883]}, "properties": {"addr": "북구 양산택지로79번길 24-2", "cnt": 1}}, {"type": "Feature", "geometry": {"type": "Point", "coordinates": [126.93206, 35.163664]}, "properties": {"addr": "북구 밤실로191번길 30", "cnt": 2}}, {"type": "Feature", "geometry": {"type": "Point", "coordinates": [126.918481, 35.175821]}, "properties": {"addr": "북구 서방로39번길 68", "cnt": 1}}, {"type": "Feature", "geometry": {"type": "Point", "coordinates": [126.918481, 35.175821]}, "properties": {"addr": "북구 서방로39번길 68", "cnt": 2}}, {"type": "Feature", "geometry": {"type": "Point", "coordinates": [126.865735, 35.191564]}, "properties": {"addr": "북구 동림동 1146-2", "cnt": 1}}, {"type": "Feature", "geometry": {"type": "Point", "coordinates": [126.865735, 35.191564]}, "properties": {"addr": "북구 동림동 1146-2", "cnt": 2}}, {"type": "Feature", "geometry": {"type": "Point", "coordinates": [126.892759, 35.208513]}, "properties": {"addr": "북구 일곡로41번길 16", "cnt": 1}}, {"type": "Feature", "geometry": {"type": "Point", "coordinates": [126.892759, 35.208513]}, "properties": {"addr": "북구 일곡로41번길 16", "cnt": 2}}, {"type": "Feature", "geometry": {"type": "Point", "coordinates": [126.891252, 35.206571]}, "properties": {"addr": "북구 일곡동 902-1", "cnt": 1}}, {"type": "Feature", "geometry": {"type": "Point", "coordinates": [126.891252, 35.206571]}, "properties": {"addr": "북구 일곡동 902-1", "cnt": 1}}, {"type": "Feature", "geometry": {"type": "Point", "coordinates": [126.893649, 35.179788]}, "properties": {"addr": "북구 용봉동 1363-1", "cnt": 1}}, {"type": "Feature", "geometry": {"type": "Point", "coordinates": [126.893649, 35.179788]}, "properties": {"addr": "북구 용봉동 1363-1", "cnt": 3}}, {"type": "Feature", "geometry": {"type": "Point", "coordinates": [126.841591, 35.184113]}, "properties": {"addr": "광산구 수등로258번길 82", "cnt": 2}}, {"type": "Feature", "geometry": {"type": "Point", "coordinates": [126.795043, 35.125528]}, "properties": {"addr": "광산구 원도산길 101", "cnt": 2}}, {"type": "Feature", "geometry": {"type": "Point", "coordinates": [126.808265, 35.173089]}, "properties": {"addr": "광산구 사암로339번길 39", "cnt": 2}}, {"type": "Feature", "geometry": {"type": "Point", "coordinates": [126.804057, 35.168456]}, "properties": {"addr": "광산구 산정로18번길 7-6", "cnt": 1}}, {"type": "Feature", "geometry": {"type": "Point", "coordinates": [126.804057, 35.168456]}, "properties": {"addr": "광산구 산정로18번길 7-6", "cnt": 2}}, {"type": "Feature", "geometry": {"type": "Point", "coordinates": [126.8327, 35.209589]}, "properties": {"addr": "광산구 월계로 38", "cnt": 2}}, {"type": "Feature", "geometry": {"type": "Point", "coordinates": [126.8327, 35.209589]}, "properties": {"addr": "광산구 월계로 38", "cnt": 1}}, {"type": "Feature", "geometry": {"type": "Point", "coordinates": [126.849348, 35.201103]}, "properties": {"addr": "광산구 월봉반월길 183", "cnt": 2}}, {"type": "Feature", "geometry": {"type": "Point", "coordinates": [126.839556, 35.208718]}, "properties": {"addr": "광산구 산월로 19", "cnt": 2}}, {"type": "Feature", "geometry": {"type": "Point", "coordinates": [126.839556, 35.208718]}, "properties": {"addr": "광산구 산월로 19", "cnt": 1}}, {"type": "Feature", "geometry": {"type": "Point", "coordinates": [126.837537, 35.225072]}, "properties": {"addr": "광산구 첨단과기로 93-30", "cnt": 2}}, {"type": "Feature", "geometry": {"type": "Point", "coordinates": [126.829246, 35.189831]}, "properties": {"addr": "광산구 수완로52번길 1-6", "cnt": 2}}, {"type": "Feature", "geometry": {"type": "Point", "coordinates": [126.811203, 35.15254]}, "properties": {"addr": "광산구 사암로92번길 67", "cnt": 1}}, {"type": "Feature", "geometry": {"type": "Point", "coordinates": [126.811203, 35.15254]}, "properties": {"addr": "광산구 사암로92번길 67", "cnt": 2}}, {"type": "Feature", "geometry": {"type": "Point", "coordinates": [126.822531, 35.18085]}, "properties": {"addr": "광산구 하남대로261번길 16", "cnt": 2}}, {"type": "Feature", "geometry": {"type": "Point", "coordinates": [126.82774, 35.201876]}, "properties": {"addr": "광산구 상완길 50", "cnt": 2}}, {"type": "Feature", "geometry": {"type": "Point", "coordinates": [126.833761, 35.187065]}, "properties": {"addr": "광산구 신가삼효로 19-7", "cnt": 2}}, {"type": "Feature", "geometry": {"type": "Point", "coordinates": [126.833761, 35.187065]}, "properties": {"addr": "광산구 신가삼효로 19-7", "cnt": 1}}, {"type": "Feature", "geometry": {"type": "Point", "coordinates": [126.794175, 35.148944]}, "properties": {"addr": "광산구 소촌로42번길 11-14", "cnt": 2}}, {"type": "Feature", "geometry": {"type": "Point", "coordinates": [126.803272, 35.137804]}, "properties": {"addr": "광산구 용보로27번길 53", "cnt": 2}}, {"type": "Feature", "geometry": {"type": "Point", "coordinates": [126.803272, 35.137804]}, "properties": {"addr": "광산구 용보로27번길 53", "cnt": 2}}, {"type": "Feature", "geometry": {"type": "Point", "coordinates": [126.840833, 35.189707]}, "properties": {"addr": "광산구 신가매결길 95", "cnt": 2}}, {"type": "Feature", "geometry": {"type": "Point", "coordinates": [126.83966, 35.193031]}, "properties": {"addr": "광산구 장신로265번길 49", "cnt": 1}}, {"type": "Feature", "geometry": {"type": "Point", "coordinates": [126.83966, 35.193031]}, "properties": {"addr": "광산구 장신로265번길 49", "cnt": 2}}, {"type": "Feature", "geometry": {"type": "Point", "coordinates": [126.810652, 35.17331]}, "properties": {"addr": "광산구 월곡동 685-2", "cnt": 1}}, {"type": "Feature", "geometry": {"type": "Point", "coordinates": [126.810652, 35.17331]}, "properties": {"addr": "광산구 월곡동 685-2", "cnt": 2}}, {"type": "Feature", "geometry": {"type": "Point", "coordinates": [126.850895, 35.211731]}, "properties": {"addr": "광산구 산월동 883-3", "cnt": 1}}, {"type": "Feature", "geometry": {"type": "Point", "coordinates": [126.850895, 35.211731]}, "properties": {"addr": "광산구 산월동 883-3", "cnt": 3}}, {"type": "Feature", "geometry": {"type": "Point", "coordinates": [126.841936, 35.196776]}, "properties": {"addr": "광산구 신창동 1170", "cnt": 1}}, {"type": "Feature", "geometry": {"type": "Point", "coordinates": [126.841936, 35.196776]}, "properties": {"addr": "광산구 신창동 1170", "cnt": 2}}, {"type": "Feature", "geometry": {"type": "Point", "coordinates": [126.812926, 35.20069]}, "properties": {"addr": "광산구 장덕동 1038", "cnt": 1}}, {"type": "Feature", "geometry": {"type": "Point", "coordinates": [126.812926, 35.20069]}, "properties": {"addr": "광산구 장덕동 1038", "cnt": 2}}, {"type": "Feature", "geometry": {"type": "Point", "coordinates": [126.794623, 35.192164]}, "properties": {"addr": "광산구 손재로287번길 36", "cnt": 2}}, {"type": "Feature", "geometry": {"type": "Point", "coordinates": [126.890151, 35.137202]}, "properties": {"addr": "남구 봉주7안길 1", "cnt": 1}}, {"type": "Feature", "geometry": {"type": "Point", "coordinates": [126.890151, 35.137202]}, "properties": {"addr": "남구 봉주7안길 1", "cnt": 2}}, {"type": "Feature", "geometry": {"type": "Point", "coordinates": [126.864282, 35.170877]}, "properties": {"addr": "서구 유림로98번길 4", "cnt": 2}}, {"type": "Feature", "geometry": {"type": "Point", "coordinates": [126.85828, 35.157384]}, "properties": {"addr": "서구 상무민주로 61", "cnt": 2}}, {"type": "Feature", "geometry": {"type": "Point", "coordinates": [126.85828, 35.157384]}, "properties": {"addr": "서구 상무민주로 61", "cnt": 1}}, {"type": "Feature", "geometry": {"type": "Point", "coordinates": [126.856686, 35.158173]}, "properties": {"addr": "서구 상무민주로 61", "cnt": 2}}, {"type": "Feature", "geometry": {"type": "Point", "coordinates": [126.856686, 35.158173]}, "properties": {"addr": "서구 상무민주로 61", "cnt": 1}}, {"type": "Feature", "geometry": {"type": "Point", "coordinates": [126.893919, 35.120558]}, "properties": {"addr": "남구 광복마을4길 29", "cnt": 1}}, {"type": "Feature", "geometry": {"type": "Point", "coordinates": [126.893919, 35.120558]}, "properties": {"addr": "남구 광복마을4길 29", "cnt": 1}}, {"type": "Feature", "geometry": {"type": "Point", "coordinates": [126.892866, 35.146656]}, "properties": {"addr": "남구 금화로446번나길 10", "cnt": 1}}, {"type": "Feature", "geometry": {"type": "Point", "coordinates": [126.892866, 35.146656]}, "properties": {"addr": "남구 금화로446번나길 10", "cnt": 2}}, {"type": "Feature", "geometry": {"type": "Point", "coordinates": [126.892866, 35.146656]}, "properties": {"addr": "남구 금화로446번나길 10", "cnt": 1}}, {"type": "Feature", "geometry": {"type": "Point", "coordinates": [126.891512, 35.101951]}, "properties": {"addr": "남구 덕남길 7", "cnt": 2}}, {"type": "Feature", "geometry": {"type": "Point", "coordinates": [126.939672, 35.1696]}, "properties": {"addr": "북구 두암동 산79-2", "cnt": 3}}, {"type": "Feature", "geometry": {"type": "Point", "coordinates": [126.939672, 35.1696]}, "properties": {"addr": "북구 두암동 산79-2", "cnt": 1}}, {"type": "Feature", "geometry": {"type": "Point", "coordinates": [126.880369, 35.214966]}, "properties": {"addr": "북구 본촌동 2990", "cnt": 2}}, {"type": "Feature", "geometry": {"type": "Point", "coordinates": [126.880369, 35.214966]}, "properties": {"addr": "북구 본촌동 2990", "cnt": 1}}, {"type": "Feature", "geometry": {"type": "Point", "coordinates": [126.884075, 35.21165]}, "properties": {"addr": "북구 본촌동 3080", "cnt": 1}}, {"type": "Feature", "geometry": {"type": "Point", "coordinates": [126.884075, 35.21165]}, "properties": {"addr": "북구 본촌동 3080", "cnt": 2}}, {"type": "Feature", "geometry": {"type": "Point", "coordinates": [126.895647, 35.176063]}, "properties": {"addr": "북구 용봉동 1407-5", "cnt": 2}}, {"type": "Feature", "geometry": {"type": "Point", "coordinates": [126.895647, 35.176063]}, "properties": {"addr": "북구 용봉동 1407-5", "cnt": 1}}, {"type": "Feature", "geometry": {"type": "Point", "coordinates": [126.876726, 35.209528]}, "properties": {"addr": "북구 양산동 837", "cnt": 1}}, {"type": "Feature", "geometry": {"type": "Point", "coordinates": [126.876726, 35.209528]}, "properties": {"addr": "북구 양산동 837", "cnt": 2}}, {"type": "Feature", "geometry": {"type": "Point", "coordinates": [126.87813, 35.207318]}, "properties": {"addr": "북구 양산동 1006", "cnt": 1}}, {"type": "Feature", "geometry": {"type": "Point", "coordinates": [126.87813, 35.207318]}, "properties": {"addr": "북구 양산동 1006", "cnt": 1}}, {"type": "Feature", "geometry": {"type": "Point", "coordinates": [126.864601, 35.210498]}, "properties": {"addr": "북구 신용동 740", "cnt": 1}}, {"type": "Feature", "geometry": {"type": "Point", "coordinates": [126.864601, 35.210498]}, "properties": {"addr": "북구 신용동 740", "cnt": 1}}, {"type": "Feature", "geometry": {"type": "Point", "coordinates": [126.82078, 35.175203]}, "properties": {"addr": "광산구 목련로253번길 86", "cnt": 2}}, {"type": "Feature", "geometry": {"type": "Point", "coordinates": [126.793535, 35.145279]}, "properties": {"addr": "광산구 어등대로647번길 38", "cnt": 2}}, {"type": "Feature", "geometry": {"type": "Point", "coordinates": [126.798459, 35.171008]}, "properties": {"addr": "광산구 목련로2번길 37", "cnt": 1}}, {"type": "Feature", "geometry": {"type": "Point", "coordinates": [126.798459, 35.171008]}, "properties": {"addr": "광산구 목련로2번길 37", "cnt": 2}}, {"type": "Feature", "geometry": {"type": "Point", "coordinates": [126.80376, 35.210842]}, "properties": {"addr": "광산구 하남산단9번로 62", "cnt": 1}}, {"type": "Feature", "geometry": {"type": "Point", "coordinates": [126.80376, 35.210842]}, "properties": {"addr": "광산구 하남산단9번로 62", "cnt": 3}}, {"type": "Feature", "geometry": {"type": "Point", "coordinates": [126.838317, 35.189144]}, "properties": {"addr": "광산구 신창동 1210-3", "cnt": 2}}, {"type": "Feature", "geometry": {"type": "Point", "coordinates": [126.803672, 35.151039]}, "properties": {"addr": "광산구 소촌동 20-1", "cnt": 2}}, {"type": "Feature", "geometry": {"type": "Point", "coordinates": [126.813246, 35.191824]}, "properties": {"addr": "광산구 장덕동 1456", "cnt": 2}}, {"type": "Feature", "geometry": {"type": "Point", "coordinates": [126.816528, 35.187884]}, "properties": {"addr": "광산구 장덕동 1692", "cnt": 2}}, {"type": "Feature", "geometry": {"type": "Point", "coordinates": [126.840835, 35.21274]}, "properties": {"addr": "광산구 월계동 824-1", "cnt": 1}}, {"type": "Feature", "geometry": {"type": "Point", "coordinates": [126.840835, 35.21274]}, "properties": {"addr": "광산구 월계동 824-1", "cnt": 1}}, {"type": "Feature", "geometry": {"type": "Point", "coordinates": [126.816559, 35.200774]}, "properties": {"addr": "광산구 장덕동 1099", "cnt": 1}}, {"type": "Feature", "geometry": {"type": "Point", "coordinates": [126.816559, 35.200774]}, "properties": {"addr": "광산구 장덕동 1099", "cnt": 3}}, {"type": "Feature", "geometry": {"type": "Point", "coordinates": [126.799961, 35.147434]}, "properties": {"addr": "광산구 신촌동 1077-1", "cnt": 1}}, {"type": "Feature", "geometry": {"type": "Point", "coordinates": [126.799961, 35.147434]}, "properties": {"addr": "광산구 신촌동 1077-1", "cnt": 3}}, {"type": "Feature", "geometry": {"type": "Point", "coordinates": [126.787579, 35.084272]}, "properties": {"addr": "광산구 마곡길 39", "cnt": 1}}, {"type": "Feature", "geometry": {"type": "Point", "coordinates": [126.751812, 35.207989]}, "properties": {"addr": "광산구 선동 316", "cnt": 1}}, {"type": "Feature", "geometry": {"type": "Point", "coordinates": [126.804542, 35.105792]}, "properties": {"addr": "광산구 극락둑길 349", "cnt": 1}}, {"type": "Feature", "geometry": {"type": "Point", "coordinates": [126.740437, 35.173883]}, "properties": {"addr": "광산구 송치동 183-17", "cnt": 1}}, {"type": "Feature", "geometry": {"type": "Point", "coordinates": [126.823402, 35.153457]}, "properties": {"addr": "광산구 우산천변길 261", "cnt": 1}}, {"type": "Feature", "geometry": {"type": "Point", "coordinates": [126.913739, 35.14409]}, "properties": {"addr": "남구 천변좌로 392", "cnt": 1}}, {"type": "Feature", "geometry": {"type": "Point", "coordinates": [126.76753, 35.056163]}, "properties": {"addr": "남구 승촌동 682-23", "cnt": 1}}, {"type": "Feature", "geometry": {"type": "Point", "coordinates": [126.81817, 35.05282]}, "properties": {"addr": "남구 도장길 51", "cnt": 1}}, {"type": "Feature", "geometry": {"type": "Point", "coordinates": [126.947529, 35.088409]}, "properties": {"addr": "동구 선교동 206-4", "cnt": 1}}, {"type": "Feature", "geometry": {"type": "Point", "coordinates": [126.908041, 35.151578]}, "properties": {"addr": "동구 독립로 218", "cnt": 1}}, {"type": "Feature", "geometry": {"type": "Point", "coordinates": [126.93228, 35.119715]}, "properties": {"addr": "동구 용산동 636-49", "cnt": 1}}, {"type": "Feature", "geometry": {"type": "Point", "coordinates": [126.925915, 35.13101]}, "properties": {"addr": "동구 천변우로 603", "cnt": 1}}, {"type": "Feature", "geometry": {"type": "Point", "coordinates": [126.938594, 35.133002]}, "properties": {"addr": "동구 운림동 615-2", "cnt": 1}}, {"type": "Feature", "geometry": {"type": "Point", "coordinates": [126.928808, 35.129393]}, "properties": {"addr": "동구 학동 898-109", "cnt": 1}}, {"type": "Feature", "geometry": {"type": "Point", "coordinates": [126.885617, 35.166934]}, "properties": {"addr": "북구 임동 615", "cnt": 1}}, {"type": "Feature", "geometry": {"type": "Point", "coordinates": [126.961864, 35.162294]}, "properties": {"addr": "북구 청풍동 233-3", "cnt": 1}}, {"type": "Feature", "geometry": {"type": "Point", "coordinates": [126.839091, 35.159745]}, "properties": {"addr": "서구 덕흥동 36-3", "cnt": 1}}, {"type": "Feature", "geometry": {"type": "Point", "coordinates": [126.858252, 35.167009]}, "properties": {"addr": "서구 유촌동 17-1", "cnt": 1}}, {"type": "Feature", "geometry": {"type": "Point", "coordinates": [126.873997, 35.145793]}, "properties": {"addr": "북구 각화대로 103-5", "cnt": 1}}, {"type": "Feature", "geometry": {"type": "Point", "coordinates": [126.951016, 35.173663]}, "properties": {"addr": "북구 각화동 산124", "cnt": 1}}, {"type": "Feature", "geometry": {"type": "Point", "coordinates": [126.889554, 35.119084]}, "properties": {"addr": "남구 진월동 산241", "cnt": 1}}, {"type": "Feature", "geometry": {"type": "Point", "coordinates": [126.965947, 35.104007]}, "properties": {"addr": "동구 용연동 산309-1", "cnt": 1}}, {"type": "Feature", "geometry": {"type": "Point", "coordinates": [126.677978, 35.127333]}, "properties": {"addr": "광산구 송학동 산28", "cnt": 1}}, {"type": "Feature", "geometry": {"type": "Point", "coordinates": [126.964501, 35.148259]}, "properties": {"addr": "북구 금곡동 산1-4", "cnt": 1}}, {"type": "Feature", "geometry": {"type": "Point", "coordinates": [126.913454, 35.225373]}, "properties": {"addr": "북구 효령동 산45", "cnt": 1}}, {"type": "Feature", "geometry": {"type": "Point", "coordinates": [126.83221, 35.091652]}, "properties": {"addr": "서구 용두동 산47-1", "cnt": 1}}, {"type": "Feature", "geometry": {"type": "Point", "coordinates": [126.729746, 35.207233]}, "properties": {"addr": "광산구 선동 산69", "cnt": 1}}, {"type": "Feature", "geometry": {"type": "Point", "coordinates": [126.821832, 35.215902]}, "properties": {"addr": "광산구 도천동 106-57", "cnt": 2}}, {"type": "Feature", "geometry": {"type": "Point", "coordinates": [126.772877, 35.094936]}, "properties": {"addr": "광산구 하산동 149-5", "cnt": 1}}, {"type": "Feature", "geometry": {"type": "Point", "coordinates": [126.772877, 35.094936]}, "properties": {"addr": "광산구 하산동 149-5", "cnt": 1}}, {"type": "Feature", "geometry": {"type": "Point", "coordinates": [126.826561, 35.224012]}, "properties": {"addr": "광산구 비아동 산56-4", "cnt": 2}}, {"type": "Feature", "geometry": {"type": "Point", "coordinates": [126.66801, 35.166797]}, "properties": {"addr": "광산구 삼거동 550-4", "cnt": 1}}, {"type": "Feature", "geometry": {"type": "Point", "coordinates": [126.754862, 35.15135]}, "properties": {"addr": "광산구 서봉동 161-3", "cnt": 1}}, {"type": "Feature", "geometry": {"type": "Point", "coordinates": [126.754862, 35.15135]}, "properties": {"addr": "광산구 서봉동 161-3", "cnt": 1}}, {"type": "Feature", "geometry": {"type": "Point", "coordinates": [126.856381, 35.189846]}, "properties": {"addr": "광산구 신창동 77-278", "cnt": 1}}, {"type": "Feature", "geometry": {"type": "Point", "coordinates": [126.819345, 35.161098]}, "properties": {"addr": "광산구 우산동 535-4", "cnt": 2}}, {"type": "Feature", "geometry": {"type": "Point", "coordinates": [126.902405, 35.101075]}, "properties": {"addr": "남구 노대동 875", "cnt": 1}}, {"type": "Feature", "geometry": {"type": "Point", "coordinates": [126.925808, 35.130265]}, "properties": {"addr": "남구 중앙로 123", "cnt": 2}}, {"type": "Feature", "geometry": {"type": "Point", "coordinates": [126.9104, 35.146162]}, "properties": {"addr": "남구 중앙로 123", "cnt": 1}}, {"type": "Feature", "geometry": {"type": "Point", "coordinates": [126.917598, 35.120664]}, "properties": {"addr": "남구 봉선동 산55-10", "cnt": 1}}, {"type": "Feature", "geometry": {"type": "Point", "coordinates": [126.87187, 35.114303]}, "properties": {"addr": "남구 송암로 114", "cnt": 2}}, {"type": "Feature", "geometry": {"type": "Point", "coordinates": [126.890044, 35.131603]}, "properties": {"addr": "남구 주월동 47-6", "cnt": 2}}, {"type": "Feature", "geometry": {"type": "Point", "coordinates": [126.83463, 35.071053]}, "properties": {"addr": "남구 회재로 69-4", "cnt": 1}}, {"type": "Feature", "geometry": {"type": "Point", "coordinates": [126.86322, 35.08113]}, "properties": {"addr": "남구 이장동 51-11", "cnt": 1}}, {"type": "Feature", "geometry": {"type": "Point", "coordinates": [126.920019, 35.162275]}, "properties": {"addr": "동구 중앙로 343-1", "cnt": 1}}, {"type": "Feature", "geometry": {"type": "Point", "coordinates": [126.931849, 35.156181]}, "properties": {"addr": "동구 필문대로 159", "cnt": 1}}, {"type": "Feature", "geometry": {"type": "Point", "coordinates": [126.92496, 35.143132]}, "properties": {"addr": "동구 서석동 466-16", "cnt": 1}}, {"type": "Feature", "geometry": {"type": "Point", "coordinates": [126.92496, 35.143132]}, "properties": {"addr": "동구 서석동 466-16", "cnt": 1}}, {"type": "Feature", "geometry": {"type": "Point", "coordinates": [126.940628, 35.093758]}, "properties": {"addr": "동구 내남동 17", "cnt": 2}}, {"type": "Feature", "geometry": {"type": "Point", "coordinates": [126.938503, 35.161664]}, "properties": {"addr": "북구 두암동 979-1", "cnt": 2}}, {"type": "Feature", "geometry": {"type": "Point", "coordinates": [126.949202, 35.212185]}, "properties": {"addr": "북구 망월동 1166-7", "cnt": 2}}, {"type": "Feature", "geometry": {"type": "Point", "coordinates": [126.892965, 35.238723]}, "properties": {"addr": "북구 용전동 1223-39", "cnt": 3}}, {"type": "Feature", "geometry": {"type": "Point", "coordinates": [126.861695, 35.215385]}, "properties": {"addr": "북구 임방울대로 953", "cnt": 1}}, {"type": "Feature", "geometry": {"type": "Point", "coordinates": [126.861695, 35.215385]}, "properties": {"addr": "북구 임방울대로 953", "cnt": 1}}, {"type": "Feature", "geometry": {"type": "Point", "coordinates": [126.883042, 35.181692]}, "properties": {"addr": "북구 운암동 179-6", "cnt": 2}}, {"type": "Feature", "geometry": {"type": "Point", "coordinates": [126.876012, 35.243]}, "properties": {"addr": "북구 월출동 51-4", "cnt": 2}}, {"type": "Feature", "geometry": {"type": "Point", "coordinates": [126.898942, 35.202011]}, "properties": {"addr": "북구 송해로39번길 18-9", "cnt": 2}}, {"type": "Feature", "geometry": {"type": "Point", "coordinates": [126.913258, 35.157366]}, "properties": {"addr": "북구 중흥동 666-12", "cnt": 2}}, {"type": "Feature", "geometry": {"type": "Point", "coordinates": [126.888875, 35.153873]}, "properties": {"addr": "서구 농성동 311-37", "cnt": 2}}, {"type": "Feature", "geometry": {"type": "Point", "coordinates": [126.83538, 35.1405]}, "properties": {"addr": "서구 마륵동 184-8", "cnt": 2}}, {"type": "Feature", "geometry": {"type": "Point", "coordinates": [126.851369, 35.115308]}, "properties": {"addr": "서구 회산길 12", "cnt": 1}}, {"type": "Feature", "geometry": {"type": "Point", "coordinates": [126.851369, 35.115308]}, "properties": {"addr": "서구 회산길 12", "cnt": 1}}, {"type": "Feature", "geometry": {"type": "Point", "coordinates": [126.871654, 35.147489]}, "properties": {"addr": "서구 월드컵4강로 129", "cnt": 2}}, {"type": "Feature", "geometry": {"type": "Point", "coordinates": [126.855585, 35.157263]}, "properties": {"addr": "서구 치평동 1225", "cnt": 2}}, {"type": "Feature", "geometry": {"type": "Point", "coordinates": [126.872944, 35.145943]}, "properties": {"addr": "서구 화정로 149", "cnt": 1}}, {"type": "Feature", "geometry": {"type": "Point", "coordinates": [126.872944, 35.145943]}, "properties": {"addr": "서구 화정로 149", "cnt": 1}}, {"type": "Feature", "geometry": {"type": "Point", "coordinates": [126.753943, 35.151131]}, "properties": {"addr": "광산구 서봉동 222-7", "cnt": 1}}, {"type": "Feature", "geometry": {"type": "Point", "coordinates": [126.753943, 35.151131]}, "properties": {"addr": "광산구 서봉동 222-7", "cnt": 1}}, {"type": "Feature", "geometry": {"type": "Point", "coordinates": [126.784178, 35.185803]}, "properties": {"addr": "광산구 고봉로 244", "cnt": 2}}, {"type": "Feature", "geometry": {"type": "Point", "coordinates": [126.825999, 35.224067]}, "properties": {"addr": "광산구 비아동 산49-29", "cnt": 1}}, {"type": "Feature", "geometry": {"type": "Point", "coordinates": [126.878438, 35.237429]}, "properties": {"addr": "북구 신용산길 306", "cnt": 3}}, {"type": "Feature", "geometry": {"type": "Point", "coordinates": [126.91841, 35.151344]}, "properties": {"addr": "동구 제봉로 167", "cnt": 4}}, {"type": "Feature", "geometry": {"type": "Point", "coordinates": [126.922189, 35.16032]}, "properties": {"addr": "동구 중앙로 320", "cnt": 4}}, {"type": "Feature", "geometry": {"type": "Point", "coordinates": [126.936123, 35.160281]}, "properties": {"addr": "동구 밤실로 142", "cnt": 4}}, {"type": "Feature", "geometry": {"type": "Point", "coordinates": [126.928361, 35.155844]}, "properties": {"addr": "동구 경양로379번길 19", "cnt": 4}}, {"type": "Feature", "geometry": {"type": "Point", "coordinates": [126.937954, 35.157378]}, "properties": {"addr": "동구 무등로 533", "cnt": 4}}, {"type": "Feature", "geometry": {"type": "Point", "coordinates": [126.935136, 35.148605]}, "properties": {"addr": "동구 준법로 16", "cnt": 4}}, {"type": "Feature", "geometry": {"type": "Point", "coordinates": [126.933378, 35.126126]}, "properties": {"addr": "동구 지원로5번길 20", "cnt": 4}}, {"type": "Feature", "geometry": {"type": "Point", "coordinates": [126.931751, 35.118628]}, "properties": {"addr": "동구 화산로 334", "cnt": 4}}, {"type": "Feature", "geometry": {"type": "Point", "coordinates": [126.924685, 35.147271]}, "properties": {"addr": "동구 제봉로82번길 26", "cnt": 4}}, {"type": "Feature", "geometry": {"type": "Point", "coordinates": [126.94696, 35.13311]}, "properties": {"addr": "동구 의재로 181", "cnt": 4}}, {"type": "Feature", "geometry": {"type": "Point", "coordinates": [126.791969, 35.126158]}, "properties": {"addr": "광산구 송정외로 6", "cnt": 4}}, {"type": "Feature", "geometry": {"type": "Point", "coordinates": [126.787734, 35.129821]}, "properties": {"addr": "광산구 상무대로 114", "cnt": 4}}, {"type": "Feature", "geometry": {"type": "Point", "coordinates": [126.796603, 35.131323]}, "properties": {"addr": "광산구 송도로208번길 25", "cnt": 4}}, {"type": "Feature", "geometry": {"type": "Point", "coordinates": [126.774856, 35.149361]}, "properties": {"addr": "광산구 선운중앙로 11", "cnt": 4}}, {"type": "Feature", "geometry": {"type": "Point", "coordinates": [126.772959, 35.09819]}, "properties": {"addr": "광산구 동곡로 151-17", "cnt": 4}}, {"type": "Feature", "geometry": {"type": "Point", "coordinates": [126.723097, 35.180695]}, "properties": {"addr": "광산구 용진로 323", "cnt": 4}}, {"type": "Feature", "geometry": {"type": "Point", "coordinates": [126.825769, 35.222718]}, "properties": {"addr": "광산구 비아동원촌길 19-20", "cnt": 4}}, {"type": "Feature", "geometry": {"type": "Point", "coordinates": [126.700545, 35.164038]}, "properties": {"addr": "광산구 용진로 9", "cnt": 4}}, {"type": "Feature", "geometry": {"type": "Point", "coordinates": [126.794304, 35.14785]}, "properties": {"addr": "광산구 어등대로653번길 90", "cnt": 4}}, {"type": "Feature", "geometry": {"type": "Point", "coordinates": [126.793345, 35.155005]}, "properties": {"addr": "광산구 소촌로 122", "cnt": 4}}, {"type": "Feature", "geometry": {"type": "Point", "coordinates": [126.804723, 35.145743]}, "properties": {"addr": "광산구 사암로27번길 58", "cnt": 4}}, {"type": "Feature", "geometry": {"type": "Point", "coordinates": [126.824381, 35.197702]}, "properties": {"addr": "광산구 장덕로 143", "cnt": 4}}, {"type": "Feature", "geometry": {"type": "Point", "coordinates": [126.828023, 35.187659]}, "properties": {"addr": "광산구 수완로33번길 11", "cnt": 4}}, {"type": "Feature", "geometry": {"type": "Point", "coordinates": [126.834697, 35.188075]}, "properties": {"addr": "광산구 신창로35번길 67", "cnt": 4}}, {"type": "Feature", "geometry": {"type": "Point", "coordinates": [126.827722, 35.183492]}, "properties": {"addr": "광산구 신가로40번길 21", "cnt": 4}}, {"type": "Feature", "geometry": {"type": "Point", "coordinates": [126.834174, 35.183185]}, "properties": {"addr": "광산구 목련로394번길 40-10", "cnt": 4}}, {"type": "Feature", "geometry": {"type": "Point", "coordinates": [126.822195, 35.18344]}, "properties": {"addr": "광산구 수등로 115", "cnt": 4}}, {"type": "Feature", "geometry": {"type": "Point", "coordinates": [126.840468, 35.183115]}, "properties": {"addr": "광산구 수등로258번길 53", "cnt": 4}}, {"type": "Feature", "geometry": {"type": "Point", "coordinates": [126.836901, 35.194252]}, "properties": {"addr": "광산구 신창로105번길 9", "cnt": 4}}, {"type": "Feature", "geometry": {"type": "Point", "coordinates": [126.841124, 35.198089]}, "properties": {"addr": "광산구 신창로162번길 10", "cnt": 4}}, {"type": "Feature", "geometry": {"type": "Point", "coordinates": [126.816391, 35.198119]}, "properties": {"addr": "광산구 풍영로 300", "cnt": 4}}, {"type": "Feature", "geometry": {"type": "Point", "coordinates": [126.814639, 35.199108]}, "properties": {"addr": "광산구 풍영로 313", "cnt": 4}}, {"type": "Feature", "geometry": {"type": "Point", "coordinates": [126.812267, 35.19548]}, "properties": {"addr": "광산구 장덕로 28", "cnt": 4}}, {"type": "Feature", "geometry": {"type": "Point", "coordinates": [126.813247, 35.186018]}, "properties": {"addr": "광산구 수등로 27", "cnt": 4}}, {"type": "Feature", "geometry": {"type": "Point", "coordinates": [126.810039, 35.158841]}, "properties": {"addr": "광산구 사암로158번길 49", "cnt": 4}}, {"type": "Feature", "geometry": {"type": "Point", "coordinates": [126.807968, 35.165497]}, "properties": {"addr": "광산구 월곡산정로 50", "cnt": 4}}, {"type": "Feature", "geometry": {"type": "Point", "coordinates": [126.814252, 35.176813]}, "properties": {"addr": "광산구 임방울대로165번길 60", "cnt": 4}}, {"type": "Feature", "geometry": {"type": "Point", "coordinates": [126.824245, 35.175885]}, "properties": {"addr": "광산구 목련로219번길 104", "cnt": 4}}, {"type": "Feature", "geometry": {"type": "Point", "coordinates": [126.815263, 35.172529]}, "properties": {"addr": "광산구 목련로153번길 20", "cnt": 4}}, {"type": "Feature", "geometry": {"type": "Point", "coordinates": [126.819973, 35.177179]}, "properties": {"addr": "광산구 하남대로 248-22", "cnt": 4}}, {"type": "Feature", "geometry": {"type": "Point", "coordinates": [126.811851, 35.172506]}, "properties": {"addr": "광산구 목련로 123", "cnt": 4}}, {"type": "Feature", "geometry": {"type": "Point", "coordinates": [126.809448, 35.175499]}, "properties": {"addr": "광산구 사암로340번길 19", "cnt": 4}}, {"type": "Feature", "geometry": {"type": "Point", "coordinates": [126.81473, 35.166345]}, "properties": {"addr": "광산구 월곡산정로 107", "cnt": 4}}, {"type": "Feature", "geometry": {"type": "Point", "coordinates": [126.805436, 35.168208]}, "properties": {"addr": "광산구 산정로6번길 21-20", "cnt": 4}}, {"type": "Feature", "geometry": {"type": "Point", "coordinates": [126.746655, 35.220574]}, "properties": {"addr": "광산구 하림길 26", "cnt": 4}}, {"type": "Feature", "geometry": {"type": "Point", "coordinates": [126.843837, 35.209314]}, "properties": {"addr": "광산구 산월로 57", "cnt": 4}}, {"type": "Feature", "geometry": {"type": "Point", "coordinates": [126.84385, 35.209465]}, "properties": {"addr": "광산구 산월로 57", "cnt": 4}}, {"type": "Feature", "geometry": {"type": "Point", "coordinates": [126.848095, 35.209306]}, "properties": {"addr": "광산구 산월로 101", "cnt": 4}}, {"type": "Feature", "geometry": {"type": "Point", "coordinates": [126.833896, 35.219647]}, "properties": {"addr": "광산구 첨단중앙로181번길 70", "cnt": 4}}, {"type": "Feature", "geometry": {"type": "Point", "coordinates": [126.839003, 35.210683]}, "properties": {"addr": "광산구 산월로9번길 36", "cnt": 4}}, {"type": "Feature", "geometry": {"type": "Point", "coordinates": [126.835135, 35.213428]}, "properties": {"addr": "광산구 첨단내촌로 83", "cnt": 4}}, {"type": "Feature", "geometry": {"type": "Point", "coordinates": [126.837749, 35.222856]}, "properties": {"addr": "광산구 첨단과기로 104", "cnt": 4}}, {"type": "Feature", "geometry": {"type": "Point", "coordinates": [126.837968, 35.219733]}, "properties": {"addr": "광산구 임방울대로 727-20", "cnt": 4}}, {"type": "Feature", "geometry": {"type": "Point", "coordinates": [126.755658, 35.127027]}, "properties": {"addr": "광산구 평동로 741", "cnt": 4}}, {"type": "Feature", "geometry": {"type": "Point", "coordinates": [126.800835, 35.17198]}, "properties": {"addr": "광산구 목련로22번길 11", "cnt": 4}}, {"type": "Feature", "geometry": {"type": "Point", "coordinates": [126.798795, 35.179423]}, "properties": {"addr": "광산구 하남대로54번길 10", "cnt": 4}}, {"type": "Feature", "geometry": {"type": "Point", "coordinates": [126.881574, 35.215087]}, "properties": {"addr": "북구 본촌택지로30번길 22", "cnt": 4}}, {"type": "Feature", "geometry": {"type": "Point", "coordinates": [126.858325, 35.210232]}, "properties": {"addr": "북구 첨단연신로 232-6", "cnt": 4}}, {"type": "Feature", "geometry": {"type": "Point", "coordinates": [126.85729, 35.210416]}, "properties": {"addr": "북구 첨단연신로 232-10", "cnt": 4}}, {"type": "Feature", "geometry": {"type": "Point", "coordinates": [126.870865, 35.214965]}, "properties": {"addr": "북구 임방울대로1041번길 25", "cnt": 4}}, {"type": "Feature", "geometry": {"type": "Point", "coordinates": [126.871568, 35.207105]}, "properties": {"addr": "북구 연양로 33", "cnt": 4}}, {"type": "Feature", "geometry": {"type": "Point", "coordinates": [126.881308, 35.208394]}, "properties": {"addr": "북구 자라봉로63번길 16", "cnt": 4}}, {"type": "Feature", "geometry": {"type": "Point", "coordinates": [126.873813, 35.196337]}, "properties": {"addr": "북구 하서로229번길 47", "cnt": 4}}, {"type": "Feature", "geometry": {"type": "Point", "coordinates": [126.885772, 35.231339]}, "properties": {"addr": "북구 하서로 637", "cnt": 4}}, {"type": "Feature", "geometry": {"type": "Point", "coordinates": [126.867657, 35.187278]}, "properties": {"addr": "북구 동림용산로 7", "cnt": 4}}, {"type": "Feature", "geometry": {"type": "Point", "coordinates": [126.866472, 35.176401]}, "properties": {"addr": "북구 유림로160번길 15", "cnt": 4}}, {"type": "Feature", "geometry": {"type": "Point", "coordinates": [126.872765, 35.173585]}, "properties": {"addr": "북구 대자로 5", "cnt": 4}}, {"type": "Feature", "geometry": {"type": "Point", "coordinates": [126.874756, 35.183584]}, "properties": {"addr": "북구 서강로 133", "cnt": 4}}, {"type": "Feature", "geometry": {"type": "Point", "coordinates": [126.884843, 35.174945]}, "properties": {"addr": "북구 북문대로8번길 21", "cnt": 4}}, {"type": "Feature", "geometry": {"type": "Point", "coordinates": [126.870865, 35.18047]}, "properties": {"addr": "북구 서강로 79-10", "cnt": 4}}, {"type": "Feature", "geometry": {"type": "Point", "coordinates": [126.934204, 35.169298]}, "properties": {"addr": "북구 참판로 130", "cnt": 4}}, {"type": "Feature", "geometry": {"type": "Point", "coordinates": [126.931789, 35.173697]}, "properties": {"addr": "북구 군왕로 135", "cnt": 4}}, {"type": "Feature", "geometry": {"type": "Point", "coordinates": [126.936285, 35.166183]}, "properties": {"addr": "북구 밤실로208번길 55", "cnt": 4}}, {"type": "Feature", "geometry": {"type": "Point", "coordinates": [126.927797, 35.167694]}, "properties": {"addr": "북구 군왕로51번길 77", "cnt": 4}}, {"type": "Feature", "geometry": {"type": "Point", "coordinates": [126.925812, 35.164657]}, "properties": {"addr": "북구 필문대로 55", "cnt": 4}}, {"type": "Feature", "geometry": {"type": "Point", "coordinates": [126.93624, 35.181987]}, "properties": {"addr": "북구 각화대로39번길 10", "cnt": 4}}, {"type": "Feature", "geometry": {"type": "Point", "coordinates": [126.92534, 35.187337]}, "properties": {"addr": "북구 문산로 66", "cnt": 4}}, {"type": "Feature", "geometry": {"type": "Point", "coordinates": [126.921473, 35.189262]}, "properties": {"addr": "북구 대천로169번길 7", "cnt": 4}}, {"type": "Feature", "geometry": {"type": "Point", "coordinates": [126.921138, 35.183895]}, "properties": {"addr": "북구 문산로 17", "cnt": 4}}, {"type": "Feature", "geometry": {"type": "Point", "coordinates": [126.914403, 35.180777]}, "properties": {"addr": "북구 면앙로 19", "cnt": 4}}, {"type": "Feature", "geometry": {"type": "Point", "coordinates": [126.91638, 35.186215]}, "properties": {"addr": "북구 능안로 7", "cnt": 4}}, {"type": "Feature", "geometry": {"type": "Point", "coordinates": [126.912441, 35.185913]}, "properties": {"addr": "북구 대천로 55", "cnt": 4}}, {"type": "Feature", "geometry": {"type": "Point", "coordinates": [126.916745, 35.185375]}, "properties": {"addr": "북구 능안로 1", "cnt": 4}}, {"type": "Feature", "geometry": {"type": "Point", "coordinates": [126.95065, 35.205798]}, "properties": {"addr": "북구 석곡로 527", "cnt": 4}}, {"type": "Feature", "geometry": {"type": "Point", "coordinates": [127.002684, 35.181374]}, "properties": {"addr": "북구 충효샘길 14-30", "cnt": 4}}, {"type": "Feature", "geometry": {"type": "Point", "coordinates": [126.906518, 35.156787]}, "properties": {"addr": "북구 금남로 99", "cnt": 4}}, {"type": "Feature", "geometry": {"type": "Point", "coordinates": [126.900749, 35.169233]}, "properties": {"addr": "북구 서암대로144번길 11", "cnt": 4}}, {"type": "Feature", "geometry": {"type": "Point", "coordinates": [126.899418, 35.162834]}, "properties": {"addr": "북구 서림로 113", "cnt": 4}}, {"type": "Feature", "geometry": {"type": "Point", "coordinates": [126.913149, 35.160708]}, "properties": {"addr": "북구 경양로197번길 25", "cnt": 4}}, {"type": "Feature", "geometry": {"type": "Point", "coordinates": [126.912343, 35.169448]}, "properties": {"addr": "북구 서양로 99", "cnt": 4}}, {"type": "Feature", "geometry": {"type": "Point", "coordinates": [126.899311, 35.181764]}, "properties": {"addr": "북구 용주로 15", "cnt": 4}}, {"type": "Feature", "geometry": {"type": "Point", "coordinates": [126.892318, 35.176281]}, "properties": {"addr": "북구 청계로 33", "cnt": 4}}, {"type": "Feature", "geometry": {"type": "Point", "coordinates": [126.920341, 35.175905]}, "properties": {"addr": "북구 서방로63번길 67", "cnt": 4}}, {"type": "Feature", "geometry": {"type": "Point", "coordinates": [126.894416, 35.194236]}, "properties": {"addr": "북구 초당로 25", "cnt": 4}}, {"type": "Feature", "geometry": {"type": "Point", "coordinates": [126.889389, 35.188507]}, "properties": {"addr": "북구 하백로5번길 10", "cnt": 4}}, {"type": "Feature", "geometry": {"type": "Point", "coordinates": [126.900424, 35.200311]}, "properties": {"addr": "북구 송해로 21", "cnt": 4}}, {"type": "Feature", "geometry": {"type": "Point", "coordinates": [126.904231, 35.188915]}, "properties": {"addr": "북구 우치로 263", "cnt": 4}}, {"type": "Feature", "geometry": {"type": "Point", "coordinates": [126.899322, 35.185473]}, "properties": {"addr": "북구 설죽로 290", "cnt": 4}}, {"type": "Feature", "geometry": {"type": "Point", "coordinates": [126.898371, 35.212039]}, "properties": {"addr": "북구 설죽로 590", "cnt": 4}}, {"type": "Feature", "geometry": {"type": "Point", "coordinates": [126.898356, 35.207303]}, "properties": {"addr": "북구 설죽로 530", "cnt": 4}}, {"type": "Feature", "geometry": {"type": "Point", "coordinates": [126.893355, 35.206216]}, "properties": {"addr": "북구 일곡택지로 45", "cnt": 4}}, {"type": "Feature", "geometry": {"type": "Point", "coordinates": [126.895016, 35.211098]}, "properties": {"addr": "북구 일곡마을로 187", "cnt": 4}}, {"type": "Feature", "geometry": {"type": "Point", "coordinates": [126.914016, 35.246407]}, "properties": {"addr": "북구 하서로 985", "cnt": 4}}, {"type": "Feature", "geometry": {"type": "Point", "coordinates": [126.804527, 35.066748]}, "properties": {"addr": "남구 월지길 7", "cnt": 4}}, {"type": "Feature", "geometry": {"type": "Point", "coordinates": [126.833054, 35.082586]}, "properties": {"addr": "남구 고싸움로152번길 1", "cnt": 4}}, {"type": "Feature", "geometry": {"type": "Point", "coordinates": [126.920654, 35.133688]}, "properties": {"addr": "남구 큰방림길 20", "cnt": 4}}, {"type": "Feature", "geometry": {"type": "Point", "coordinates": [126.912082, 35.131237]}, "properties": {"addr": "남구 봉선중앙로118번길 4", "cnt": 4}}, {"type": "Feature", "geometry": {"type": "Point", "coordinates": [126.914316, 35.120905]}, "properties": {"addr": "남구 제석로80번길 58-5", "cnt": 4}}, {"type": "Feature", "geometry": {"type": "Point", "coordinates": [126.914345, 35.125358]}, "properties": {"addr": "남구 봉선로175번길 16", "cnt": 4}}, {"type": "Feature", "geometry": {"type": "Point", "coordinates": [126.910865, 35.121662]}, "properties": {"addr": "남구 봉선로144번길 8", "cnt": 4}}, {"type": "Feature", "geometry": {"type": "Point", "coordinates": [126.906378, 35.128211]}, "properties": {"addr": "남구 봉선로51번길 14", "cnt": 4}}, {"type": "Feature", "geometry": {"type": "Point", "coordinates": [126.900022, 35.137693]}, "properties": {"addr": "남구 독립로 51", "cnt": 4}}, {"type": "Feature", "geometry": {"type": "Point", "coordinates": [126.890391, 35.148258]}, "properties": {"addr": "남구 금화로481번길 7", "cnt": 4}}, {"type": "Feature", "geometry": {"type": "Point", "coordinates": [126.898527, 35.14735]}, "properties": {"addr": "남구 월산로116번길 6", "cnt": 4}}, {"type": "Feature", "geometry": {"type": "Point", "coordinates": [126.905192, 35.14447]}, "properties": {"addr": "남구 서동로2번길 8", "cnt": 4}}, {"type": "Feature", "geometry": {"type": "Point", "coordinates": [126.918698, 35.138298]}, "properties": {"addr": "남구 양림로 92", "cnt": 4}}, {"type": "Feature", "geometry": {"type": "Point", "coordinates": [126.893752, 35.130455]}, "properties": {"addr": "남구 회서로 30", "cnt": 4}}, {"type": "Feature", "geometry": {"type": "Point", "coordinates": [126.889964, 35.136619]}, "properties": {"addr": "남구 봉주길 32", "cnt": 4}}, {"type": "Feature", "geometry": {"type": "Point", "coordinates": [126.894631, 35.130874]}, "properties": {"addr": "남구 회서로 27", "cnt": 4}}, {"type": "Feature", "geometry": {"type": "Point", "coordinates": [126.905943, 35.103437]}, "properties": {"addr": "남구 노대실로 67", "cnt": 4}}, {"type": "Feature", "geometry": {"type": "Point", "coordinates": [126.902414, 35.109192]}, "properties": {"addr": "남구 효우로60번길 12", "cnt": 4}}, {"type": "Feature", "geometry": {"type": "Point", "coordinates": [126.868723, 35.112965]}, "properties": {"addr": "남구 송암로 73", "cnt": 4}}, {"type": "Feature", "geometry": {"type": "Point", "coordinates": [126.8933, 35.120833]}, "properties": {"addr": "남구 광복마을4길 40", "cnt": 4}}, {"type": "Feature", "geometry": {"type": "Point", "coordinates": [126.903618, 35.115612]}, "properties": {"addr": "남구 서문대로654번길 45", "cnt": 4}}, {"type": "Feature", "geometry": {"type": "Point", "coordinates": [126.897903, 35.113047]}, "properties": {"addr": "남구 화산로 7", "cnt": 4}}, {"type": "Feature", "geometry": {"type": "Point", "coordinates": [126.861672, 35.134857]}, "properties": {"addr": "서구 금화로115번길 22", "cnt": 4}}, {"type": "Feature", "geometry": {"type": "Point", "coordinates": [126.862871, 35.130991]}, "properties": {"addr": "서구 마재로 27", "cnt": 4}}, {"type": "Feature", "geometry": {"type": "Point", "coordinates": [126.854296, 35.132677]}, "properties": {"addr": "서구 금화로 53", "cnt": 4}}, {"type": "Feature", "geometry": {"type": "Point", "coordinates": [126.855578, 35.140934]}, "properties": {"addr": "서구 금호운천길 67", "cnt": 4}}, {"type": "Feature", "geometry": {"type": "Point", "coordinates": [126.857002, 35.12504]}, "properties": {"addr": "서구 화개중앙로 48", "cnt": 4}}, {"type": "Feature", "geometry": {"type": "Point", "coordinates": [126.831004, 35.113977]}, "properties": {"addr": "서구 눌재로 408", "cnt": 4}}, {"type": "Feature", "geometry": {"type": "Point", "coordinates": [126.890067, 35.159306]}, "properties": {"addr": "서구 월산로 266", "cnt": 4}}, {"type": "Feature", "geometry": {"type": "Point", "coordinates": [126.89789, 35.154043]}, "properties": {"addr": "서구 양동시장1길 26-2", "cnt": 4}}, {"type": "Feature", "geometry": {"type": "Point", "coordinates": [126.870834, 35.169537]}, "properties": {"addr": "서구 하남대로710번길 19", "cnt": 4}}, {"type": "Feature", "geometry": {"type": "Point", "coordinates": [126.866962, 35.168457]}, "properties": {"addr": "서구 하남대로680번길 27", "cnt": 4}}, {"type": "Feature", "geometry": {"type": "Point", "coordinates": [126.859456, 35.168995]}, "properties": {"addr": "서구 동천로 7", "cnt": 4}}, {"type": "Feature", "geometry": {"type": "Point", "coordinates": [126.85077, 35.11856]}, "properties": {"addr": "서구 매월동 산69-1", "cnt": 4}}, {"type": "Feature", "geometry": {"type": "Point", "coordinates": [126.864512, 35.154525]}, "properties": {"addr": "서구 상무오월로38번길 36", "cnt": 4}}, {"type": "Feature", "geometry": {"type": "Point", "coordinates": [126.857537, 35.159548]}, "properties": {"addr": "서구 내방로 153", "cnt": 4}}, {"type": "Feature", "geometry": {"type": "Point", "coordinates": [126.857241, 35.166037]}, "properties": {"addr": "서구 상무버들로54번길 5", "cnt": 4}}, {"type": "Feature", "geometry": {"type": "Point", "coordinates": [126.862877, 35.165035]}, "properties": {"addr": "서구 상무버들로16번길 6-10", "cnt": 4}}, {"type": "Feature", "geometry": {"type": "Point", "coordinates": [126.844819, 35.155896]}, "properties": {"addr": "서구 상무시민로 51", "cnt": 4}}, {"type": "Feature", "geometry": {"type": "Point", "coordinates": [126.846812, 35.152677]}, "properties": {"addr": "서구 치평로 59", "cnt": 4}}, {"type": "Feature", "geometry": {"type": "Point", "coordinates": [126.843578, 35.148705]}, "properties": {"addr": "서구 상무평화로 43", "cnt": 4}}, {"type": "Feature", "geometry": {"type": "Point", "coordinates": [126.879411, 35.166798]}, "properties": {"addr": "서구 광천2길 33", "cnt": 4}}, {"type": "Feature", "geometry": {"type": "Point", "coordinates": [126.878778, 35.141042]}, "properties": {"addr": "서구 염화로134번길 28", "cnt": 4}}, {"type": "Feature", "geometry": {"type": "Point", "coordinates": [126.872169, 35.138203]}, "properties": {"addr": "서구 염화로 37", "cnt": 4}}, {"type": "Feature", "geometry": {"type": "Point", "coordinates": [126.866277, 35.143493]}, "properties": {"addr": "서구 학생독립로 16", "cnt": 4}}, {"type": "Feature", "geometry": {"type": "Point", "coordinates": [126.883765, 35.144707]}, "properties": {"addr": "서구 화운로 36", "cnt": 4}}, {"type": "Feature", "geometry": {"type": "Point", "coordinates": [126.883031, 35.126947]}, "properties": {"addr": "서구 풍암중앙로 83", "cnt": 4}}, {"type": "Feature", "geometry": {"type": "Point", "coordinates": [126.880912, 35.122996]}, "properties": {"addr": "서구 풍암2로 56", "cnt": 4}}, {"type": "Feature", "geometry": {"type": "Point", "coordinates": [126.875322, 35.123508]}, "properties": {"addr": "서구 풍암중앙로 8", "cnt": 4}}, {"type": "Feature", "geometry": {"type": "Point", "coordinates": [126.859202, 35.142829]}, "properties": {"addr": "서구 금부로95번길 26-11", "cnt": 4}}, {"type": "Feature", "geometry": {"type": "Point", "coordinates": [126.877401, 35.155811]}, "properties": {"addr": "서구 화운로194번길 6", "cnt": 4}}, {"type": "Feature", "geometry": {"type": "Point", "coordinates": [126.871967, 35.148813]}, "properties": {"addr": "서구 월드컵4강로146번길 10", "cnt": 4}}, {"type": "Feature", "geometry": {"type": "Point", "coordinates": [126.884797, 35.100484]}, "properties": {"addr": "남구 행암길 12", "cnt": 4}}, {"type": "Feature", "geometry": {"type": "Point", "coordinates": [126.939936, 35.094464]}, "properties": {"addr": "동구 남계길 37", "cnt": 4}}, {"type": "Feature", "geometry": {"type": "Point", "coordinates": [126.922932, 35.17887]}, "properties": {"addr": "북구 면앙로 99", "cnt": 4}}, {"type": "Feature", "geometry": {"type": "Point", "coordinates": [126.865795, 35.123515]}, "properties": {"addr": "서구 풍암운리로23번길 5", "cnt": 4}}, {"type": "Feature", "geometry": {"type": "Point", "coordinates": [126.812516, 35.18273]}, "properties": {"addr": "광산구 풍영로 125", "cnt": 4}}, {"type": "Feature", "geometry": {"type": "Point", "coordinates": [126.890884, 35.160467]}, "properties": {"addr": "서구 천변좌로 108", "cnt": 3}}, {"type": "Feature", "geometry": {"type": "Point", "coordinates": [126.891939, 35.160224]}, "properties": {"addr": "서구 천변좌로118번길 2", "cnt": 2}}, {"type": "Feature", "geometry": {"type": "Point", "coordinates": [126.891939, 35.160224]}, "properties": {"addr": "서구 천변좌로118번길 2", "cnt": 1}}, {"type": "Feature", "geometry": {"type": "Point", "coordinates": [126.891611, 35.159657]}, "properties": {"addr": "서구 천변좌로118번길 10-1", "cnt": 3}}, {"type": "Feature", "geometry": {"type": "Point", "coordinates": [126.892148, 35.159224]}, "properties": {"addr": "서구 천변좌로108번길 17-15", "cnt": 2}}, {"type": "Feature", "geometry": {"type": "Point", "coordinates": [126.891928, 35.158832]}, "properties": {"addr": "서구 천변좌로108번길 22-2", "cnt": 3}}, {"type": "Feature", "geometry": {"type": "Point", "coordinates": [126.891076, 35.158659]}, "properties": {"addr": "서구 발산로 21-49", "cnt": 3}}, {"type": "Feature", "geometry": {"type": "Point", "coordinates": [126.791206, 35.201198]}, "properties": {"addr": "광산구 오선동 688", "cnt": 2}}, {"type": "Feature", "geometry": {"type": "Point", "coordinates": [126.791206, 35.201198]}, "properties": {"addr": "광산구 오선동 688", "cnt": 1}}, {"type": "Feature", "geometry": {"type": "Point", "coordinates": [126.921883, 35.153287]}, "properties": {"addr": "동구 동계천로95번길 22-2", "cnt": 4}}, {"type": "Feature", "geometry": {"type": "Point", "coordinates": [126.930744, 35.120571]}, "properties": {"addr": "동구 용산동 243-17", "cnt": 2}}, {"type": "Feature", "geometry": {"type": "Point", "coordinates": [126.939823, 35.102342]}, "properties": {"addr": "동구 월남동 185-3", "cnt": 2}}, {"type": "Feature", "geometry": {"type": "Point", "coordinates": [126.927641, 35.157151]}, "properties": {"addr": "동구 산수길27번길 12", "cnt": 3}}, {"type": "Feature", "geometry": {"type": "Point", "coordinates": [126.929458, 35.159198]}, "properties": {"addr": "동구 무등로 417-11", "cnt": 2}}, {"type": "Feature", "geometry": {"type": "Point", "coordinates": [126.939702, 35.156969]}, "properties": {"addr": "동구 산수동 498-8", "cnt": 3}}, {"type": "Feature", "geometry": {"type": "Point", "coordinates": [126.944078, 35.132096]}, "properties": {"addr": "동구 의재로 149", "cnt": 2}}, {"type": "Feature", "geometry": {"type": "Point", "coordinates": [126.944078, 35.132096]}, "properties": {"addr": "동구 의재로 149", "cnt": 1}}, {"type": "Feature", "geometry": {"type": "Point", "coordinates": [126.931583, 35.15163]}, "properties": {"addr": "동구 필문대로 217-1", "cnt": 2}}, {"type": "Feature", "geometry": {"type": "Point", "coordinates": [126.931583, 35.15163]}, "properties": {"addr": "동구 필문대로 217-1", "cnt": 1}}, {"type": "Feature", "geometry": {"type": "Point", "coordinates": [126.9357, 35.159455]}, "properties": {"addr": "동구 산수동 569-1", "cnt": 1}}, {"type": "Feature", "geometry": {"type": "Point", "coordinates": [126.919371, 35.15561]}, "properties": {"addr": "동구 경양로 269", "cnt": 2}}, {"type": "Feature", "geometry": {"type": "Point", "coordinates": [126.919371, 35.15561]}, "properties": {"addr": "동구 경양로 269", "cnt": 1}}, {"type": "Feature", "geometry": {"type": "Point", "coordinates": [126.930952, 35.119156]}, "properties": {"addr": "동구 화산로337번길 1", "cnt": 3}}, {"type": "Feature", "geometry": {"type": "Point", "coordinates": [126.927941, 35.159192]}, "properties": {"addr": "동구 무등로415번길 3-1", "cnt": 3}}, {"type": "Feature", "geometry": {"type": "Point", "coordinates": [126.922361, 35.148973]}, "properties": {"addr": "동구 장동로 4-3", "cnt": 2}}, {"type": "Feature", "geometry": {"type": "Point", "coordinates": [126.908761, 35.15081]}, "properties": {"addr": "동구 천변우로 329-5", "cnt": 2}}, {"type": "Feature", "geometry": {"type": "Point", "coordinates": [126.908761, 35.15081]}, "properties": {"addr": "동구 천변우로 329-5", "cnt": 1}}, {"type": "Feature", "geometry": {"type": "Point", "coordinates": [126.920855, 35.142666]}, "properties": {"addr": "동구 백서로 143", "cnt": 3}}, {"type": "Feature", "geometry": {"type": "Point", "coordinates": [126.939841, 35.092881]}, "properties": {"addr": "동구 내남동 857-56", "cnt": 2}}, {"type": "Feature", "geometry": {"type": "Point", "coordinates": [126.800104, 35.174133]}, "properties": {"addr": "광산구 산정동 1025", "cnt": 2}}, {"type": "Feature", "geometry": {"type": "Point", "coordinates": [126.818619, 35.224513]}, "properties": {"addr": "광산구 비아로135번길 40", "cnt": 2}}, {"type": "Feature", "geometry": {"type": "Point", "coordinates": [126.83884, 35.194434]}, "properties": {"addr": "광산구 신창로106번길 16-2", "cnt": 4}}, {"type": "Feature", "geometry": {"type": "Point", "coordinates": [126.786002, 35.153092]}, "properties": {"addr": "광산구 어등대로577번길 20-1", "cnt": 2}}, {"type": "Feature", "geometry": {"type": "Point", "coordinates": [126.786002, 35.153092]}, "properties": {"addr": "광산구 어등대로577번길 20-1", "cnt": 1}}, {"type": "Feature", "geometry": {"type": "Point", "coordinates": [126.83698, 35.188291]}, "properties": {"addr": "광산구 신가동 981-1", "cnt": 3}}, {"type": "Feature", "geometry": {"type": "Point", "coordinates": [126.82444, 35.189922]}, "properties": {"addr": "광산구 수완동 1439", "cnt": 2}}, {"type": "Feature", "geometry": {"type": "Point", "coordinates": [126.82444, 35.189922]}, "properties": {"addr": "광산구 수완동 1439", "cnt": 2}}, {"type": "Feature", "geometry": {"type": "Point", "coordinates": [126.663872, 35.136481]}, "properties": {"addr": "광산구 내산동 307-2", "cnt": 1}}, {"type": "Feature", "geometry": {"type": "Point", "coordinates": [126.663872, 35.136481]}, "properties": {"addr": "광산구 내산동 307-2", "cnt": 1}}, {"type": "Feature", "geometry": {"type": "Point", "coordinates": [126.897311, 35.200614]}, "properties": {"addr": "북구 설죽로471번길 17-1", "cnt": 2}}, {"type": "Feature", "geometry": {"type": "Point", "coordinates": [126.897311, 35.200614]}, "properties": {"addr": "북구 설죽로471번길 17-1", "cnt": 1}}, {"type": "Feature", "geometry": {"type": "Point", "coordinates": [126.882651, 35.210803]}, "properties": {"addr": "북구 양산동 764", "cnt": 2}}, {"type": "Feature", "geometry": {"type": "Point", "coordinates": [126.875708, 35.172656]}, "properties": {"addr": "북구 황계로 2", "cnt": 2}}, {"type": "Feature", "geometry": {"type": "Point", "coordinates": [126.875708, 35.172656]}, "properties": {"addr": "북구 황계로 2", "cnt": 1}}, {"type": "Feature", "geometry": {"type": "Point", "coordinates": [126.905763, 35.15935]}, "properties": {"addr": "북구 중가로 51", "cnt": 2}}, {"type": "Feature", "geometry": {"type": "Point", "coordinates": [126.905763, 35.15935]}, "properties": {"addr": "북구 중가로 51", "cnt": 1}}, {"type": "Feature", "geometry": {"type": "Point", "coordinates": [126.900785, 35.206011]}, "properties": {"addr": "북구 양일로343번길 56", "cnt": 2}}, {"type": "Feature", "geometry": {"type": "Point", "coordinates": [126.900785, 35.206011]}, "properties": {"addr": "북구 양일로343번길 56", "cnt": 1}}, {"type": "Feature", "geometry": {"type": "Point", "coordinates": [126.931379, 35.18001]}, "properties": {"addr": "북구 동문대로204번길 26", "cnt": 2}}, {"type": "Feature", "geometry": {"type": "Point", "coordinates": [126.931379, 35.18001]}, "properties": {"addr": "북구 동문대로204번길 26", "cnt": 1}}, {"type": "Feature", "geometry": {"type": "Point", "coordinates": [126.903315, 35.181808]}, "properties": {"addr": "북구 용주로40번길19", "cnt": 2}}, {"type": "Feature", "geometry": {"type": "Point", "coordinates": [126.903315, 35.181808]}, "properties": {"addr": "북구 용주로40번길19", "cnt": 1}}, {"type": "Feature", "geometry": {"type": "Point", "coordinates": [126.908433, 35.158697]}, "properties": {"addr": "북구 중가로 74 ", "cnt": 2}}, {"type": "Feature", "geometry": {"type": "Point", "coordinates": [126.92056, 35.188964]}, "properties": {"addr": "북구 대천로157번길 59 ", "cnt": 2}}, {"type": "Feature", "geometry": {"type": "Point", "coordinates": [126.879641, 35.206699]}, "properties": {"addr": "북구 자라봉로56번길 17", "cnt": 1}}, {"type": "Feature", "geometry": {"type": "Point", "coordinates": [126.879641, 35.206699]}, "properties": {"addr": "북구 자라봉로56번길 17", "cnt": 1}}, {"type": "Feature", "geometry": {"type": "Point", "coordinates": [126.879641, 35.206699]}, "properties": {"addr": "북구 자라봉로56번길 17", "cnt": 1}}, {"type": "Feature", "geometry": {"type": "Point", "coordinates": [126.900363, 35.134588]}, "properties": {"addr": "남구 대남대로 234-2", "cnt": 3}}, {"type": "Feature", "geometry": {"type": "Point", "coordinates": [126.898275, 35.136578]}, "properties": {"addr": "남구 대남대로 264-11", "cnt": 4}}, {"type": "Feature", "geometry": {"type": "Point", "coordinates": [126.897065, 35.137895]}, "properties": {"addr": "남구 대남대로 284-10", "cnt": 4}}, {"type": "Feature", "geometry": {"type": "Point", "coordinates": [126.900871, 35.139356]}, "properties": {"addr": "남구 백운동 206-39", "cnt": 3}}, {"type": "Feature", "geometry": {"type": "Point", "coordinates": [126.899414, 35.136954]}, "properties": {"addr": "남구 회재로1293번길 10", "cnt": 2}}, {"type": "Feature", "geometry": {"type": "Point", "coordinates": [126.899414, 35.136954]}, "properties": {"addr": "남구 회재로1293번길 10", "cnt": 1}}, {"type": "Feature", "geometry": {"type": "Point", "coordinates": [126.902155, 35.134589]}, "properties": {"addr": "남구 독립로10번길 5-1", "cnt": 3}}, {"type": "Feature", "geometry": {"type": "Point", "coordinates": [126.906117, 35.134728]}, "properties": {"addr": "남구 백양로39번길 7-2", "cnt": 4}}, {"type": "Feature", "geometry": {"type": "Point", "coordinates": [126.902808, 35.135089]}, "properties": {"addr": "남구 백양로7번길 16-1", "cnt": 2}}, {"type": "Feature", "geometry": {"type": "Point", "coordinates": [126.903382, 35.13679]}, "properties": {"addr": "남구 진다리로 16", "cnt": 4}}, {"type": "Feature", "geometry": {"type": "Point", "coordinates": [126.901368, 35.135033]}, "properties": {"addr": "남구 독립로 17", "cnt": 3}}, {"type": "Feature", "geometry": {"type": "Point", "coordinates": [126.904302, 35.134662]}, "properties": {"addr": "남구 독립로10번길 27", "cnt": 3}}, {"type": "Feature", "geometry": {"type": "Point", "coordinates": [126.906264, 35.133956]}, "properties": {"addr": "남구 백양로 40-1", "cnt": 3}}, {"type": "Feature", "geometry": {"type": "Point", "coordinates": [126.911579, 35.134374]}, "properties": {"addr": "남구 백양로 89", "cnt": 3}}, {"type": "Feature", "geometry": {"type": "Point", "coordinates": [126.900395, 35.150898]}, "properties": {"addr": "남구 구성로20번가길 12", "cnt": 2}}, {"type": "Feature", "geometry": {"type": "Point", "coordinates": [126.901362, 35.151266]}, "properties": {"addr": "남구 구성로42번길 10", "cnt": 2}}, {"type": "Feature", "geometry": {"type": "Point", "coordinates": [126.900052, 35.151381]}, "properties": {"addr": "남구 구성로20번가길 3", "cnt": 2}}, {"type": "Feature", "geometry": {"type": "Point", "coordinates": [126.900288, 35.152154]}, "properties": {"addr": "남구 구성로26번안길 6", "cnt": 2}}, {"type": "Feature", "geometry": {"type": "Point", "coordinates": [126.867406, 35.106]}, "properties": {"addr": "남구 송암로 73", "cnt": 3}}, {"type": "Feature", "geometry": {"type": "Point", "coordinates": [126.869386, 35.103811]}, "properties": {"addr": "남구 임암동 285", "cnt": 3}}, {"type": "Feature", "geometry": {"type": "Point", "coordinates": [126.870732, 35.103086]}, "properties": {"addr": "남구 임암동 629-3", "cnt": 3}}, {"type": "Feature", "geometry": {"type": "Point", "coordinates": [126.873118, 35.101585]}, "properties": {"addr": "남구 임암동 633-16", "cnt": 3}}, {"type": "Feature", "geometry": {"type": "Point", "coordinates": [126.876977, 35.105921]}, "properties": {"addr": "남구 임암동 812", "cnt": 3}}, {"type": "Feature", "geometry": {"type": "Point", "coordinates": [126.873339, 35.105493]}, "properties": {"addr": "남구 임암동 742", "cnt": 3}}, {"type": "Feature", "geometry": {"type": "Point", "coordinates": [126.851101, 35.114879]}, "properties": {"addr": "서구 회재로 762", "cnt": 3}}, {"type": "Feature", "geometry": {"type": "Point", "coordinates": [126.863255, 35.214782]}, "properties": {"addr": "북구 임방울대로 953", "cnt": 4}}, {"type": "Feature", "geometry": {"type": "Point", "coordinates": [126.862862, 35.172191]}, "properties": {"addr": "북구 하남대로 647", "cnt": 3}}, {"type": "Feature", "geometry": {"type": "Point", "coordinates": [126.784905, 35.185183]}, "properties": {"addr": "광산구 고봉로 249", "cnt": 3}}, {"type": "Feature", "geometry": {"type": "Point", "coordinates": [126.927948, 35.150601]}, "properties": {"addr": "동구 동명동 154-158", "cnt": 2}}, {"type": "Feature", "geometry": {"type": "Point", "coordinates": [126.927948, 35.150601]}, "properties": {"addr": "동구 동명동 154-158", "cnt": 1}}, {"type": "Feature", "geometry": {"type": "Point", "coordinates": [126.923425, 35.150842]}, "properties": {"addr": "동구 동명로 19", "cnt": 2}}, {"type": "Feature", "geometry": {"type": "Point", "coordinates": [126.923425, 35.150842]}, "properties": {"addr": "동구 동명로 19", "cnt": 1}}, {"type": "Feature", "geometry": {"type": "Point", "coordinates": [126.941303, 35.154175]}, "properties": {"addr": "동구 산수동 5-5", "cnt": 2}}, {"type": "Feature", "geometry": {"type": "Point", "coordinates": [126.933949, 35.151681]}, "properties": {"addr": "동구 지산로78번길 17-1", "cnt": 3}}, {"type": "Feature", "geometry": {"type": "Point", "coordinates": [126.929396, 35.14493]}, "properties": {"addr": "동구 필문대로287번길 23", "cnt": 2}}, {"type": "Feature", "geometry": {"type": "Point", "coordinates": [126.929396, 35.14493]}, "properties": {"addr": "동구 필문대로287번길 23", "cnt": 1}}, {"type": "Feature", "geometry": {"type": "Point", "coordinates": [126.922526, 35.155732]}, "properties": {"addr": "동구 계림동 227", "cnt": 2}}, {"type": "Feature", "geometry": {"type": "Point", "coordinates": [126.922526, 35.155732]}, "properties": {"addr": "동구 계림동 227", "cnt": 1}}, {"type": "Feature", "geometry": {"type": "Point", "coordinates": [126.94151, 35.133909]}, "properties": {"addr": "동구 의재로 137", "cnt": 4}}, {"type": "Feature", "geometry": {"type": "Point", "coordinates": [126.932116, 35.13053]}, "properties": {"addr": "동구 학소로 125", "cnt": 3}}, {"type": "Feature", "geometry": {"type": "Point", "coordinates": [126.932116, 35.13053]}, "properties": {"addr": "동구 학소로 125", "cnt": 1}}, {"type": "Feature", "geometry": {"type": "Point", "coordinates": [126.936612, 35.132175]}, "properties": {"addr": "동구 의재로 81", "cnt": 3}}, {"type": "Feature", "geometry": {"type": "Point", "coordinates": [126.936612, 35.132175]}, "properties": {"addr": "동구 의재로 81", "cnt": 1}}, {"type": "Feature", "geometry": {"type": "Point", "coordinates": [126.952827, 35.134834]}, "properties": {"addr": "동구 운림동 311", "cnt": 2}}, {"type": "Feature", "geometry": {"type": "Point", "coordinates": [126.939675, 35.130814]}, "properties": {"addr": "동구 소태동 771-6", "cnt": 3}}, {"type": "Feature", "geometry": {"type": "Point", "coordinates": [126.92782, 35.104779]}, "properties": {"addr": "동구 칠전길 68", "cnt": 2}}, {"type": "Feature", "geometry": {"type": "Point", "coordinates": [126.927661, 35.1048]}, "properties": {"addr": "동구 남문로 307", "cnt": 2}}, {"type": "Feature", "geometry": {"type": "Point", "coordinates": [126.931225, 35.089089]}, "properties": {"addr": "동구 내남동 540-4", "cnt": 2}}, {"type": "Feature", "geometry": {"type": "Point", "coordinates": [126.962343, 35.094071]}, "properties": {"addr": "동구 용연동 634-3", "cnt": 3}}, {"type": "Feature", "geometry": {"type": "Point", "coordinates": [126.85459, 35.140324]}, "properties": {"addr": "서구 금호운천길 67", "cnt": 1}}, {"type": "Feature", "geometry": {"type": "Point", "coordinates": [126.85459, 35.140324]}, "properties": {"addr": "서구 금호운천길 67", "cnt": 1}}, {"type": "Feature", "geometry": {"type": "Point", "coordinates": [126.869397, 35.114009]}, "properties": {"addr": "남구 송암로 73", "cnt": 3}}, {"type": "Feature", "geometry": {"type": "Point", "coordinates": [126.906964, 35.139154]}, "properties": {"addr": "남구 백운동 461-2", "cnt": 1}}, {"type": "Feature", "geometry": {"type": "Point", "coordinates": [126.906964, 35.139154]}, "properties": {"addr": "남구 백운동 461-2", "cnt": 1}}, {"type": "Feature", "geometry": {"type": "Point", "coordinates": [126.889695, 35.137786]}, "properties": {"addr": "남구 군분로65번길 28", "cnt": 4}}, {"type": "Feature", "geometry": {"type": "Point", "coordinates": [126.899778, 35.131839]}, "properties": {"addr": "남구 서문대로817번길 3-4", "cnt": 4}}, {"type": "Feature", "geometry": {"type": "Point", "coordinates": [126.913517, 35.133648]}, "properties": {"addr": "남구 대남대로107번길 3-1", "cnt": 3}}, {"type": "Feature", "geometry": {"type": "Point", "coordinates": [126.931882, 35.130277]}, "properties": {"addr": "동구 학소로 109", "cnt": 2}}, {"type": "Feature", "geometry": {"type": "Point", "coordinates": [126.931006, 35.130212]}, "properties": {"addr": "동구 학소로 109", "cnt": 2}}, {"type": "Feature", "geometry": {"type": "Point", "coordinates": [126.930199, 35.129808]}, "properties": {"addr": "동구 학소로 109", "cnt": 2}}, {"type": "Feature", "geometry": {"type": "Point", "coordinates": [126.865921, 35.21053]}, "properties": {"addr": "북구 첨단연신로108번길 86", "cnt": 4}}, {"type": "Feature", "geometry": {"type": "Point", "coordinates": [126.936714, 35.131635]}, "properties": {"addr": "동구 의재로86번길 3-1", "cnt": 2}}, {"type": "Feature", "geometry": {"type": "Point", "coordinates": [126.936714, 35.131635]}, "properties": {"addr": "동구 의재로86번길 3-1", "cnt": 1}}, {"type": "Feature", "geometry": {"type": "Point", "coordinates": [126.894878, 35.152701]}, "properties": {"addr": "서구 월산로169번길 1", "cnt": 1}}, {"type": "Feature", "geometry": {"type": "Point", "coordinates": [126.894878, 35.152701]}, "properties": {"addr": "서구 월산로169번길 1", "cnt": 1}}, {"type": "Feature", "geometry": {"type": "Point", "coordinates": [126.894878, 35.152701]}, "properties": {"addr": "서구 월산로169번길 1", "cnt": 1}}, {"type": "Feature", "geometry": {"type": "Point", "coordinates": [126.928679, 35.130861]}, "properties": {"addr": "동구 남문로 679", "cnt": 2}}, {"type": "Feature", "geometry": {"type": "Point", "coordinates": [126.928679, 35.130861]}, "properties": {"addr": "동구 남문로 679", "cnt": 1}}, {"type": "Feature", "geometry": {"type": "Point", "coordinates": [126.932913, 35.154123]}, "properties": {"addr": "동구 필문대로187번길 1", "cnt": 2}}, {"type": "Feature", "geometry": {"type": "Point", "coordinates": [126.932913, 35.154123]}, "properties": {"addr": "동구 필문대로187번길 1", "cnt": 1}}, {"type": "Feature", "geometry": {"type": "Point", "coordinates": [126.931996, 35.147039]}, "properties": {"addr": "동구 지산로 37", "cnt": 3}}, {"type": "Feature", "geometry": {"type": "Point", "coordinates": [126.931996, 35.147039]}, "properties": {"addr": "동구 지산로 37", "cnt": 1}}, {"type": "Feature", "geometry": {"type": "Point", "coordinates": [126.860384, 35.146567]}, "properties": {"addr": "서구 운천로154번길 31", "cnt": 1}}, {"type": "Feature", "geometry": {"type": "Point", "coordinates": [126.860384, 35.146567]}, "properties": {"addr": "서구 운천로154번길 31", "cnt": 2}}, {"type": "Feature", "geometry": {"type": "Point", "coordinates": [126.865683, 35.121045]}, "properties": {"addr": "서구 풍금로 9", "cnt": 3}}, {"type": "Feature", "geometry": {"type": "Point", "coordinates": [126.865683, 35.121045]}, "properties": {"addr": "서구 풍금로 9", "cnt": 1}}, {"type": "Feature", "geometry": {"type": "Point", "coordinates": [126.891117, 35.153966]}, "properties": {"addr": "서구 상무대로1176번길 9", "cnt": 1}}, {"type": "Feature", "geometry": {"type": "Point", "coordinates": [126.891117, 35.153966]}, "properties": {"addr": "서구 상무대로1176번길 9", "cnt": 1}}, {"type": "Feature", "geometry": {"type": "Point", "coordinates": [126.876052, 35.166987]}, "properties": {"addr": "서구 천변좌하로584번길 19-4", "cnt": 1}}, {"type": "Feature", "geometry": {"type": "Point", "coordinates": [126.876052, 35.166987]}, "properties": {"addr": "서구 천변좌하로584번길 19-4", "cnt": 1}}, {"type": "Feature", "geometry": {"type": "Point", "coordinates": [126.860165, 35.140197]}, "properties": {"addr": "서구 금부로103번길 6", "cnt": 1}}, {"type": "Feature", "geometry": {"type": "Point", "coordinates": [126.860165, 35.140197]}, "properties": {"addr": "서구 금부로103번길 6", "cnt": 2}}, {"type": "Feature", "geometry": {"type": "Point", "coordinates": [126.851653, 35.163298]}, "properties": {"addr": "서구 천변우하로 261", "cnt": 2}}, {"type": "Feature", "geometry": {"type": "Point", "coordinates": [126.851653, 35.163298]}, "properties": {"addr": "서구 천변우하로 261", "cnt": 1}}, {"type": "Feature", "geometry": {"type": "Point", "coordinates": [126.87014, 35.153774]}, "properties": {"addr": "서구 월드컵4강로198번길 4-2", "cnt": 2}}, {"type": "Feature", "geometry": {"type": "Point", "coordinates": [126.87014, 35.153774]}, "properties": {"addr": "서구 월드컵4강로198번길 4-2", "cnt": 1}}, {"type": "Feature", "geometry": {"type": "Point", "coordinates": [126.891344, 35.100345]}, "properties": {"addr": "남구 효우2로 21", "cnt": 1}}, {"type": "Feature", "geometry": {"type": "Point", "coordinates": [126.891344, 35.100345]}, "properties": {"addr": "남구 효우2로 21", "cnt": 1}}, {"type": "Feature", "geometry": {"type": "Point", "coordinates": [126.905568, 35.130073]}, "properties": {"addr": "남구 봉선로37번길 16", "cnt": 3}}, {"type": "Feature", "geometry": {"type": "Point", "coordinates": [126.905568, 35.130073]}, "properties": {"addr": "남구 봉선로37번길 16", "cnt": 1}}, {"type": "Feature", "geometry": {"type": "Point", "coordinates": [126.914961, 35.135867]}, "properties": {"addr": "남구 제중로 11", "cnt": 1}}, {"type": "Feature", "geometry": {"type": "Point", "coordinates": [126.914961, 35.135867]}, "properties": {"addr": "남구 제중로 11", "cnt": 1}}, {"type": "Feature", "geometry": {"type": "Point", "coordinates": [126.926071, 35.127969]}, "properties": {"addr": "남구 서강사2길 8", "cnt": 1}}, {"type": "Feature", "geometry": {"type": "Point", "coordinates": [126.926071, 35.127969]}, "properties": {"addr": "남구 서강사2길 8", "cnt": 1}}, {"type": "Feature", "geometry": {"type": "Point", "coordinates": [126.894078, 35.143038]}, "properties": {"addr": "남구 월광길 22", "cnt": 3}}, {"type": "Feature", "geometry": {"type": "Point", "coordinates": [126.894078, 35.143038]}, "properties": {"addr": "남구 월광길 22", "cnt": 1}}, {"type": "Feature", "geometry": {"type": "Point", "coordinates": [126.893407, 35.143816]}, "properties": {"addr": "남구 월광2길 2-1", "cnt": 1}}, {"type": "Feature", "geometry": {"type": "Point", "coordinates": [126.913338, 35.127722]}, "properties": {"addr": "남구 봉선1로 74-6", "cnt": 1}}, {"type": "Feature", "geometry": {"type": "Point", "coordinates": [126.913338, 35.127722]}, "properties": {"addr": "남구 봉선1로 74-6", "cnt": 1}}, {"type": "Feature", "geometry": {"type": "Point", "coordinates": [126.921422, 35.167176]}, "properties": {"addr": "북구 동문대로30번길 28", "cnt": 3}}, {"type": "Feature", "geometry": {"type": "Point", "coordinates": [126.921422, 35.167176]}, "properties": {"addr": "북구 동문대로30번길 28", "cnt": 1}}, {"type": "Feature", "geometry": {"type": "Point", "coordinates": [126.899164, 35.207572]}, "properties": {"addr": "북구 설죽로 530", "cnt": 2}}, {"type": "Feature", "geometry": {"type": "Point", "coordinates": [126.899164, 35.207572]}, "properties": {"addr": "북구 설죽로 530", "cnt": 1}}, {"type": "Feature", "geometry": {"type": "Point", "coordinates": [126.904603, 35.177941]}, "properties": {"addr": "북구 설죽로214번길 127", "cnt": 1}}, {"type": "Feature", "geometry": {"type": "Point", "coordinates": [126.904603, 35.177941]}, "properties": {"addr": "북구 설죽로214번길 127", "cnt": 1}}, {"type": "Feature", "geometry": {"type": "Point", "coordinates": [126.894451, 35.119099]}, "properties": {"addr": "북구 어매마을길17번길 10", "cnt": 1}}, {"type": "Feature", "geometry": {"type": "Point", "coordinates": [126.894451, 35.119099]}, "properties": {"addr": "북구 어매마을길17번길 10", "cnt": 1}}, {"type": "Feature", "geometry": {"type": "Point", "coordinates": [126.937733, 35.169742]}, "properties": {"addr": "북구 삼정로88번길 7", "cnt": 1}}, {"type": "Feature", "geometry": {"type": "Point", "coordinates": [126.937733, 35.169742]}, "properties": {"addr": "북구 삼정로88번길 7", "cnt": 1}}, {"type": "Feature", "geometry": {"type": "Point", "coordinates": [126.879708, 35.173842]}, "properties": {"addr": "북구 북문대로49번길 45", "cnt": 2}}, {"type": "Feature", "geometry": {"type": "Point", "coordinates": [126.879708, 35.173842]}, "properties": {"addr": "북구 북문대로49번길 45", "cnt": 1}}, {"type": "Feature", "geometry": {"type": "Point", "coordinates": [126.92512, 35.177746]}, "properties": {"addr": "북구 동문대로167번길 59-6", "cnt": 2}}, {"type": "Feature", "geometry": {"type": "Point", "coordinates": [126.92512, 35.177746]}, "properties": {"addr": "북구 동문대로167번길 59-6", "cnt": 1}}, {"type": "Feature", "geometry": {"type": "Point", "coordinates": [126.872843, 35.208394]}, "properties": {"addr": "북구 효열로35번길 6-1", "cnt": 1}}, {"type": "Feature", "geometry": {"type": "Point", "coordinates": [126.872843, 35.208394]}, "properties": {"addr": "북구 효열로35번길 6-1", "cnt": 1}}, {"type": "Feature", "geometry": {"type": "Point", "coordinates": [126.868931, 35.205517]}, "properties": {"addr": "북구 양산제로137번길 40-35", "cnt": 2}}, {"type": "Feature", "geometry": {"type": "Point", "coordinates": [126.868931, 35.205517]}, "properties": {"addr": "북구 양산제로137번길 40-35", "cnt": 1}}, {"type": "Feature", "geometry": {"type": "Point", "coordinates": [126.891126, 35.15953]}, "properties": {"addr": "서구 천변좌로118번길 12", "cnt": 1}}, {"type": "Feature", "geometry": {"type": "Point", "coordinates": [126.891126, 35.15953]}, "properties": {"addr": "서구 천변좌로118번길 12", "cnt": 1}}, {"type": "Feature", "geometry": {"type": "Point", "coordinates": [126.891126, 35.15953]}, "properties": {"addr": "서구 천변좌로118번길 12", "cnt": 1}}, {"type": "Feature", "geometry": {"type": "Point", "coordinates": [126.796113, 35.148208]}, "properties": {"addr": "광산구 소촌동 319-3", "cnt": 1}}, {"type": "Feature", "geometry": {"type": "Point", "coordinates": [126.796113, 35.148208]}, "properties": {"addr": "광산구 소촌동 319-3", "cnt": 1}}, {"type": "Feature", "geometry": {"type": "Point", "coordinates": [126.912095, 35.184178]}, "properties": {"addr": "북구 송월로 1-3", "cnt": 1}}, {"type": "Feature", "geometry": {"type": "Point", "coordinates": [126.912095, 35.184178]}, "properties": {"addr": "북구 송월로 1-3", "cnt": 1}}, {"type": "Feature", "geometry": {"type": "Point", "coordinates": [126.849951, 35.19701]}, "properties": {"addr": "광산구 산월동 산67", "cnt": 1}}, {"type": "Feature", "geometry": {"type": "Point", "coordinates": [126.849951, 35.19701]}, "properties": {"addr": "광산구 산월동 산67", "cnt": 1}}, {"type": "Feature", "geometry": {"type": "Point", "coordinates": [126.777554, 35.147384]}, "properties": {"addr": "광산구 동곡로 735", "cnt": 2}}, {"type": "Feature", "geometry": {"type": "Point", "coordinates": [126.777554, 35.147384]}, "properties": {"addr": "광산구 동곡로 735", "cnt": 1}}, {"type": "Feature", "geometry": {"type": "Point", "coordinates": [126.779114, 35.121547]}, "properties": {"addr": "광산구 월전로 22-69", "cnt": 2}}, {"type": "Feature", "geometry": {"type": "Point", "coordinates": [126.779114, 35.121547]}, "properties": {"addr": "광산구 월전로 22-69", "cnt": 1}}, {"type": "Feature", "geometry": {"type": "Point", "coordinates": [126.666774, 35.16659]}, "properties": {"addr": "광산구 삼거동 648", "cnt": 2}}, {"type": "Feature", "geometry": {"type": "Point", "coordinates": [126.666774, 35.16659]}, "properties": {"addr": "광산구 삼거동 648", "cnt": 1}}, {"type": "Feature", "geometry": {"type": "Point", "coordinates": [126.794193, 35.174569]}, "properties": {"addr": "광산구 하남지실길 287", "cnt": 2}}, {"type": "Feature", "geometry": {"type": "Point", "coordinates": [126.794193, 35.174569]}, "properties": {"addr": "광산구 하남지실길 287", "cnt": 1}}, {"type": "Feature", "geometry": {"type": "Point", "coordinates": [126.807885, 35.16978]}, "properties": {"addr": "광산구 산정공원로10번길 17", "cnt": 2}}, {"type": "Feature", "geometry": {"type": "Point", "coordinates": [126.807885, 35.16978]}, "properties": {"addr": "광산구 산정공원로10번길 17", "cnt": 1}}, {"type": "Feature", "geometry": {"type": "Point", "coordinates": [126.679565, 35.183205]}, "properties": {"addr": "광산구 본동로 320", "cnt": 1}}, {"type": "Feature", "geometry": {"type": "Point", "coordinates": [126.679565, 35.183205]}, "properties": {"addr": "광산구 본동로 320", "cnt": 1}}, {"type": "Feature", "geometry": {"type": "Point", "coordinates": [126.763489, 35.189253]}, "properties": {"addr": "광산구 등임동 55", "cnt": 1}}, {"type": "Feature", "geometry": {"type": "Point", "coordinates": [126.763489, 35.189253]}, "properties": {"addr": "광산구 등임동 55", "cnt": 1}}, {"type": "Feature", "geometry": {"type": "Point", "coordinates": [126.798041, 35.131641]}, "properties": {"addr": "광산구 도산동 58-3", "cnt": 3}}, {"type": "Feature", "geometry": {"type": "Point", "coordinates": [126.742817, 35.168672]}, "properties": {"addr": "광산구 박뫼안길 6", "cnt": 4}}, {"type": "Feature", "geometry": {"type": "Point", "coordinates": [126.798948, 35.172183]}, "properties": {"addr": "광산구 목련로2번길 29-31", "cnt": 3}}, {"type": "Feature", "geometry": {"type": "Point", "coordinates": [126.780325, 35.147717]}, "properties": {"addr": "광산구 어등대로534번길 49", "cnt": 3}}, {"type": "Feature", "geometry": {"type": "Point", "coordinates": [126.771403, 35.153664]}, "properties": {"addr": "광산구 어등대로449번길 65", "cnt": 1}}, {"type": "Feature", "geometry": {"type": "Point", "coordinates": [126.771403, 35.153664]}, "properties": {"addr": "광산구 어등대로449번길 65", "cnt": 1}}, {"type": "Feature", "geometry": {"type": "Point", "coordinates": [126.771525, 35.148815]}, "properties": {"addr": "광산구 선운로 18", "cnt": 3}}, {"type": "Feature", "geometry": {"type": "Point", "coordinates": [126.80149, 35.136867]}, "properties": {"addr": "광산구 용보로23번길 8", "cnt": 4}}, {"type": "Feature", "geometry": {"type": "Point", "coordinates": [126.801909, 35.136808]}, "properties": {"addr": "광산구 용보로23번길 8", "cnt": 1}}, {"type": "Feature", "geometry": {"type": "Point", "coordinates": [126.813911, 35.1558]}, "properties": {"addr": "광산구 사암로130번길 111", "cnt": 4}}, {"type": "Feature", "geometry": {"type": "Point", "coordinates": [126.832143, 35.184085]}, "properties": {"addr": "광산구 목련로397번길 9", "cnt": 3}}, {"type": "Feature", "geometry": {"type": "Point", "coordinates": [126.8412, 35.188636]}, "properties": {"addr": "광산구 신가매결길 89-1", "cnt": 2}}, {"type": "Feature", "geometry": {"type": "Point", "coordinates": [126.8412, 35.188636]}, "properties": {"addr": "광산구 신가매결길 89-1", "cnt": 1}}, {"type": "Feature", "geometry": {"type": "Point", "coordinates": [126.939283, 35.130997]}, "properties": {"addr": "광산구 월곡산정로 20-59", "cnt": 2}}, {"type": "Feature", "geometry": {"type": "Point", "coordinates": [126.824547, 35.174597]}, "properties": {"addr": "광산구 목련로253번길 24", "cnt": 2}}, {"type": "Feature", "geometry": {"type": "Point", "coordinates": [126.826504, 35.175302]}, "properties": {"addr": "광산구 목련로273번길 16", "cnt": 3}}, {"type": "Feature", "geometry": {"type": "Point", "coordinates": [126.810744, 35.166457]}, "properties": {"addr": "광산구 월곡중앙로 2", "cnt": 4}}, {"type": "Feature", "geometry": {"type": "Point", "coordinates": [126.810744, 35.166457]}, "properties": {"addr": "광산구 월곡중앙로 2", "cnt": 1}}, {"type": "Feature", "geometry": {"type": "Point", "coordinates": [126.96283, 35.094074]}, "properties": {"addr": "광산구 풍영로228번길 40", "cnt": 2}}, {"type": "Feature", "geometry": {"type": "Point", "coordinates": [126.96283, 35.094074]}, "properties": {"addr": "광산구 풍영로228번길 40", "cnt": 1}}, {"type": "Feature", "geometry": {"type": "Point", "coordinates": [126.89656, 35.135238]}, "properties": {"addr": "남구 회재로1249번길 13", "cnt": 2}}, {"type": "Feature", "geometry": {"type": "Point", "coordinates": [126.89656, 35.135238]}, "properties": {"addr": "남구 회재로1249번길 13", "cnt": 1}}, {"type": "Feature", "geometry": {"type": "Point", "coordinates": [126.806711, 35.169153]}, "properties": {"addr": "광산구 산정공원로 27-5", "cnt": 2}}, {"type": "Feature", "geometry": {"type": "Point", "coordinates": [126.806711, 35.169153]}, "properties": {"addr": "광산구 산정공원로 27-5", "cnt": 1}}, {"type": "Feature", "geometry": {"type": "Point", "coordinates": [126.926649, 35.132332]}, "properties": {"addr": "동구 남문로701번길 15-1", "cnt": 2}}, {"type": "Feature", "geometry": {"type": "Point", "coordinates": [126.878065, 35.142578]}, "properties": {"addr": "서구 월드컵4강로42번길 23-26", "cnt": 2}}, {"type": "Feature", "geometry": {"type": "Point", "coordinates": [126.878065, 35.142578]}, "properties": {"addr": "서구 월드컵4강로42번길 23-26", "cnt": 1}}, {"type": "Feature", "geometry": {"type": "Point", "coordinates": [126.887842, 35.150976]}, "properties": {"addr": "서구 대남대로450번길 11-1", "cnt": 3}}, {"type": "Feature", "geometry": {"type": "Point", "coordinates": [126.887842, 35.150976]}, "properties": {"addr": "서구 대남대로450번길 11-1", "cnt": 1}}, {"type": "Feature", "geometry": {"type": "Point", "coordinates": [126.872261, 35.135902]}, "properties": {"addr": "서구 염화로 23-20", "cnt": 1}}, {"type": "Feature", "geometry": {"type": "Point", "coordinates": [126.872261, 35.135902]}, "properties": {"addr": "서구 염화로 23-20", "cnt": 1}}, {"type": "Feature", "geometry": {"type": "Point", "coordinates": [126.902034, 35.115545]}, "properties": {"addr": "남구 진제4길 12", "cnt": 1}}, {"type": "Feature", "geometry": {"type": "Point", "coordinates": [126.902034, 35.115545]}, "properties": {"addr": "남구 진제4길 12", "cnt": 1}}, {"type": "Feature", "geometry": {"type": "Point", "coordinates": [126.908024, 35.15376]}, "properties": {"addr": "북구 독립로237번길 22", "cnt": 2}}, {"type": "Feature", "geometry": {"type": "Point", "coordinates": [126.908024, 35.15376]}, "properties": {"addr": "북구 독립로237번길 22", "cnt": 1}}, {"type": "Feature", "geometry": {"type": "Point", "coordinates": [126.739529, 35.162516]}, "properties": {"addr": "광산구 박호동 산165-1", "cnt": 1}}, {"type": "Feature", "geometry": {"type": "Point", "coordinates": [126.739529, 35.162516]}, "properties": {"addr": "광산구 박호동 산165-1", "cnt": 1}}, {"type": "Feature", "geometry": {"type": "Point", "coordinates": [126.812692, 35.208768]}, "properties": {"addr": "광산구 도천동 624-1", "cnt": 1}}, {"type": "Feature", "geometry": {"type": "Point", "coordinates": [126.812515, 35.178779]}, "properties": {"addr": "광산구 운남동 780-1", "cnt": 1}}, {"type": "Feature", "geometry": {"type": "Point", "coordinates": [126.812515, 35.178779]}, "properties": {"addr": "광산구 운남동 780-1", "cnt": 1}}, {"type": "Feature", "geometry": {"type": "Point", "coordinates": [126.812515, 35.178779]}, "properties": {"addr": "광산구 운남동 780-1", "cnt": 1}}, {"type": "Feature", "geometry": {"type": "Point", "coordinates": [126.812515, 35.178779]}, "properties": {"addr": "광산구 운남동 780-1", "cnt": 1}}, {"type": "Feature", "geometry": {"type": "Point", "coordinates": [126.811161, 35.2015]}, "properties": {"addr": "광산구 풍영로329번길 50", "cnt": 1}}, {"type": "Feature", "geometry": {"type": "Point", "coordinates": [126.899297, 35.111483]}, "properties": {"addr": "남구 화산로 32", "cnt": 2}}, {"type": "Feature", "geometry": {"type": "Point", "coordinates": [126.899297, 35.111483]}, "properties": {"addr": "남구 화산로 32", "cnt": 1}}, {"type": "Feature", "geometry": {"type": "Point", "coordinates": [126.88884, 35.180403]}, "properties": {"addr": "북구 비엔날레로93번길 24", "cnt": 3}}, {"type": "Feature", "geometry": {"type": "Point", "coordinates": [126.925374, 35.181631]}, "properties": {"addr": "북구 평교로 42", "cnt": 3}}, {"type": "Feature", "geometry": {"type": "Point", "coordinates": [126.900615, 35.198474]}, "properties": {"addr": "북구 설죽로440번길 6", "cnt": 3}}, {"type": "Feature", "geometry": {"type": "Point", "coordinates": [126.874495, 35.174679]}, "properties": {"addr": "북구 동운로201번길 54", "cnt": 4}}, {"type": "Feature", "geometry": {"type": "Point", "coordinates": [126.877795, 35.183527]}, "properties": {"addr": "북구 서강로 156", "cnt": 3}}, {"type": "Feature", "geometry": {"type": "Point", "coordinates": [126.877658, 35.175637]}, "properties": {"addr": "북구 황계로 34", "cnt": 2}}, {"type": "Feature", "geometry": {"type": "Point", "coordinates": [126.892568, 35.166684]}, "properties": {"addr": "북구 무등로88번길 40", "cnt": 3}}, {"type": "Feature", "geometry": {"type": "Point", "coordinates": [126.8948, 35.13756]}, "properties": {"addr": "남구 회재로1249번길 41-1", "cnt": 2}}, {"type": "Feature", "geometry": {"type": "Point", "coordinates": [126.893161, 35.20843]}, "properties": {"addr": "북구 일곡로 45-9", "cnt": 2}}, {"type": "Feature", "geometry": {"type": "Point", "coordinates": [126.867696, 35.208546]}, "properties": {"addr": "북구 신용동 624-65", "cnt": 2}}, {"type": "Feature", "geometry": {"type": "Point", "coordinates": [126.867694, 35.208548]}, "properties": {"addr": "북구 빛고을대로 522", "cnt": 2}}, {"type": "Feature", "geometry": {"type": "Point", "coordinates": [126.867514, 35.212121]}, "properties": {"addr": "북구 임방울대로 1008-7", "cnt": 2}}, {"type": "Feature", "geometry": {"type": "Point", "coordinates": [126.867514, 35.212121]}, "properties": {"addr": "북구 임방울대로 1008-7", "cnt": 1}}, {"type": "Feature", "geometry": {"type": "Point", "coordinates": [126.918742, 35.181066]}, "properties": {"addr": "북구 호동로 99", "cnt": 2}}, {"type": "Feature", "geometry": {"type": "Point", "coordinates": [126.892993, 35.188731]}, "properties": {"addr": "북구 중외길25번길 1", "cnt": 1}}, {"type": "Feature", "geometry": {"type": "Point", "coordinates": [126.892993, 35.188731]}, "properties": {"addr": "북구 중외길25번길 1", "cnt": 2}}, {"type": "Feature", "geometry": {"type": "Point", "coordinates": [126.905281, 35.182817]}, "properties": {"addr": "북구 용주로30번길 104-31", "cnt": 1}}, {"type": "Feature", "geometry": {"type": "Point", "coordinates": [126.905281, 35.182817]}, "properties": {"addr": "북구 용주로30번길 104-31", "cnt": 2}}, {"type": "Feature", "geometry": {"type": "Point", "coordinates": [126.90531, 35.100876]}, "properties": {"addr": "남구 노대동 870", "cnt": 1}}, {"type": "Feature", "geometry": {"type": "Point", "coordinates": [126.90531, 35.100876]}, "properties": {"addr": "남구 노대동 870", "cnt": 1}}, {"type": "Feature", "geometry": {"type": "Point", "coordinates": [126.90531, 35.100876]}, "properties": {"addr": "남구 노대동 870", "cnt": 1}}, {"type": "Feature", "geometry": {"type": "Point", "coordinates": [126.921119, 35.153688]}, "properties": {"addr": "동구 동계천로95번길 31-14", "cnt": 3}}, {"type": "Feature", "geometry": {"type": "Point", "coordinates": [126.923284, 35.15393]}, "properties": {"addr": "동구 동계로15번길 14", "cnt": 3}}, {"type": "Feature", "geometry": {"type": "Point", "coordinates": [126.923193, 35.15321]}, "properties": {"addr": "동구 동계로13번길 11", "cnt": 3}}, {"type": "Feature", "geometry": {"type": "Point", "coordinates": [126.89444, 35.150294]}, "properties": {"addr": "남구 경열로76번길 11-6", "cnt": 2}}, {"type": "Feature", "geometry": {"type": "Point", "coordinates": [126.89444, 35.150294]}, "properties": {"addr": "남구 경열로76번길 11-6", "cnt": 1}}, {"type": "Feature", "geometry": {"type": "Point", "coordinates": [126.895402, 35.146363]}, "properties": {"addr": "남구 월산동 560-14", "cnt": 3}}, {"type": "Feature", "geometry": {"type": "Point", "coordinates": [126.893868, 35.150637]}, "properties": {"addr": "남구 월산로151번안길 1", "cnt": 3}}, {"type": "Feature", "geometry": {"type": "Point", "coordinates": [126.893868, 35.150637]}, "properties": {"addr": "남구 월산로151번안길 1", "cnt": 1}}, {"type": "Feature", "geometry": {"type": "Point", "coordinates": [126.89335, 35.150414]}, "properties": {"addr": "남구 경열로66번길 9", "cnt": 2}}, {"type": "Feature", "geometry": {"type": "Point", "coordinates": [126.893734, 35.145556]}, "properties": {"addr": "남구 월광2길 20", "cnt": 4}}, {"type": "Feature", "geometry": {"type": "Point", "coordinates": [126.893747, 35.146701]}, "properties": {"addr": "남구 금화로456번길 19", "cnt": 4}}, {"type": "Feature", "geometry": {"type": "Point", "coordinates": [126.89474, 35.144831]}, "properties": {"addr": "남구 월광1길 22", "cnt": 4}}, {"type": "Feature", "geometry": {"type": "Point", "coordinates": [126.892125, 35.148539]}, "properties": {"addr": "남구 경열로54번길 24", "cnt": 2}}, {"type": "Feature", "geometry": {"type": "Point", "coordinates": [126.890215, 35.147949]}, "properties": {"addr": "남구 대남대로410번길 9", "cnt": 3}}, {"type": "Feature", "geometry": {"type": "Point", "coordinates": [126.893081, 35.145326]}, "properties": {"addr": "남구 대남대로372번안길 4", "cnt": 3}}, {"type": "Feature", "geometry": {"type": "Point", "coordinates": [126.892009, 35.146315]}, "properties": {"addr": "남구 월광길 53", "cnt": 2}}, {"type": "Feature", "geometry": {"type": "Point", "coordinates": [126.892653, 35.143883]}, "properties": {"addr": "남구 금화로440번길 19", "cnt": 4}}, {"type": "Feature", "geometry": {"type": "Point", "coordinates": [126.895306, 35.145269]}, "properties": {"addr": "남구 금화로446번가길 8", "cnt": 2}}, {"type": "Feature", "geometry": {"type": "Point", "coordinates": [126.92662, 35.152746]}, "properties": {"addr": "동구 동계로67번길 20", "cnt": 4}}, {"type": "Feature", "geometry": {"type": "Point", "coordinates": [126.927172, 35.1599]}, "properties": {"addr": "동구 참판로6번길 6", "cnt": 3}}, {"type": "Feature", "geometry": {"type": "Point", "coordinates": [126.917782, 35.161093]}, "properties": {"addr": "동구 중흥로213번길 13-1", "cnt": 3}}, {"type": "Feature", "geometry": {"type": "Point", "coordinates": [126.925544, 35.152983]}, "properties": {"addr": "동구 동계로12번길 11-1", "cnt": 3}}, {"type": "Feature", "geometry": {"type": "Point", "coordinates": [126.90125, 35.136051]}, "properties": {"addr": "남구 독립로 27-9", "cnt": 2}}, {"type": "Feature", "geometry": {"type": "Point", "coordinates": [126.897569, 35.119036]}, "properties": {"addr": "남구 독립로 27-9", "cnt": 3}}, {"type": "Feature", "geometry": {"type": "Point", "coordinates": [126.875928, 35.169011]}, "properties": {"addr": "서구 광천동 693-16", "cnt": 3}}, {"type": "Feature", "geometry": {"type": "Point", "coordinates": [126.847297, 35.157584]}, "properties": {"addr": "서구 치평로 105", "cnt": 1}}, {"type": "Feature", "geometry": {"type": "Point", "coordinates": [126.847297, 35.157584]}, "properties": {"addr": "서구 치평로 105", "cnt": 1}}, {"type": "Feature", "geometry": {"type": "Point", "coordinates": [126.861597, 35.146395]}, "properties": {"addr": "서구 운천로154번길 39", "cnt": 3}}, {"type": "Feature", "geometry": {"type": "Point", "coordinates": [126.860632, 35.145314]}, "properties": {"addr": "서구 쌍촌동 479-12", "cnt": 4}}, {"type": "Feature", "geometry": {"type": "Point", "coordinates": [126.857142, 35.136277]}, "properties": {"addr": "서구 금호운천길 15", "cnt": 2}}, {"type": "Feature", "geometry": {"type": "Point", "coordinates": [126.855157, 35.134571]}, "properties": {"addr": "서구 금호심곡길 5", "cnt": 2}}, {"type": "Feature", "geometry": {"type": "Point", "coordinates": [126.855157, 35.134571]}, "properties": {"addr": "서구 금호심곡길 5", "cnt": 1}}, {"type": "Feature", "geometry": {"type": "Point", "coordinates": [126.851566, 35.132614]}, "properties": {"addr": "서구 금호만호길 55", "cnt": 3}}, {"type": "Feature", "geometry": {"type": "Point", "coordinates": [126.855037, 35.130166]}, "properties": {"addr": "서구 화개1로 69", "cnt": 2}}, {"type": "Feature", "geometry": {"type": "Point", "coordinates": [126.878227, 35.121135]}, "properties": {"addr": "서구 풍암순환로 70", "cnt": 3}}, {"type": "Feature", "geometry": {"type": "Point", "coordinates": [126.940608, 35.093496]}, "properties": {"addr": "동구 남계길 37", "cnt": 3}}, {"type": "Feature", "geometry": {"type": "Point", "coordinates": [126.955709, 35.133816]}, "properties": {"addr": "동구 증심사길30번길 6", "cnt": 2}}, {"type": "Feature", "geometry": {"type": "Point", "coordinates": [126.922506, 35.117162]}, "properties": {"addr": "동구 용산동 445-3", "cnt": 3}}, {"type": "Feature", "geometry": {"type": "Point", "coordinates": [126.942007, 35.101749]}, "properties": {"addr": "동구 주남길 20-10", "cnt": 3}}, {"type": "Feature", "geometry": {"type": "Point", "coordinates": [126.926381, 35.153846]}, "properties": {"addr": "동구 경양로 340", "cnt": 3}}, {"type": "Feature", "geometry": {"type": "Point", "coordinates": [126.798402, 35.180952]}, "properties": {"addr": "광산구 하남대로 47", "cnt": 2}}, {"type": "Feature", "geometry": {"type": "Point", "coordinates": [126.802552, 35.183444]}, "properties": {"addr": "광산구 흑석동 313-5", "cnt": 1}}, {"type": "Feature", "geometry": {"type": "Point", "coordinates": [126.802552, 35.183444]}, "properties": {"addr": "광산구 흑석동 313-5", "cnt": 3}}, {"type": "Feature", "geometry": {"type": "Point", "coordinates": [126.79879, 35.183956]}, "properties": {"addr": "광산구 하남동 1157", "cnt": 2}}, {"type": "Feature", "geometry": {"type": "Point", "coordinates": [126.79879, 35.183956]}, "properties": {"addr": "광산구 하남동 1157", "cnt": 1}}, {"type": "Feature", "geometry": {"type": "Point", "coordinates": [126.926208, 35.175744]}, "properties": {"addr": "북구 동문대로 141", "cnt": 4}}, {"type": "Feature", "geometry": {"type": "Point", "coordinates": [126.868847, 35.188696]}, "properties": {"addr": "북구 동림용산로 12-15", "cnt": 3}}, {"type": "Feature", "geometry": {"type": "Point", "coordinates": [126.893563, 35.170701]}, "properties": {"addr": "북구 서암대로90번길 15", "cnt": 3}}, {"type": "Feature", "geometry": {"type": "Point", "coordinates": [126.90057, 35.165266]}, "properties": {"addr": "북구 무등로164번길 24-12", "cnt": 2}}, {"type": "Feature", "geometry": {"type": "Point", "coordinates": [126.9129, 35.161293]}, "properties": {"addr": "북구 중흥로174번길 2", "cnt": 4}}, {"type": "Feature", "geometry": {"type": "Point", "coordinates": [126.901356, 35.161581]}, "properties": {"addr": "북구 중가로3번길 20", "cnt": 3}}, {"type": "Feature", "geometry": {"type": "Point", "coordinates": [126.903217, 35.163985]}, "properties": {"addr": "북구 중흥로 82", "cnt": 4}}, {"type": "Feature", "geometry": {"type": "Point", "coordinates": [126.911736, 35.161623]}, "properties": {"addr": "북구 중흥로 164", "cnt": 4}}, {"type": "Feature", "geometry": {"type": "Point", "coordinates": [126.88894, 35.166087]}, "properties": {"addr": "북구 임동 104-68", "cnt": 3}}, {"type": "Feature", "geometry": {"type": "Point", "coordinates": [126.906347, 35.160591]}, "properties": {"addr": "북구 중가로51번길 25", "cnt": 4}}, {"type": "Feature", "geometry": {"type": "Point", "coordinates": [126.912817, 35.148031]}, "properties": {"addr": "동구 중앙로 154", "cnt": 2}}, {"type": "Feature", "geometry": {"type": "Point", "coordinates": [126.854656, 35.156049]}, "properties": {"addr": "서구 치평동 1225", "cnt": 4}}, {"type": "Feature", "geometry": {"type": "Point", "coordinates": [126.890273, 35.145468]}, "properties": {"addr": "남구 대남대로 377", "cnt": 4}}, {"type": "Feature", "geometry": {"type": "Point", "coordinates": [126.901471, 35.137964]}, "properties": {"addr": "남구 독립로 51", "cnt": 3}}, {"type": "Feature", "geometry": {"type": "Point", "coordinates": [126.878057, 35.237361]}, "properties": {"addr": "북구 신용산길 306", "cnt": 3}}, {"type": "Feature", "geometry": {"type": "Point", "coordinates": [126.797546, 35.185352]}, "properties": {"addr": "광산구 하남동 1096", "cnt": 2}}, {"type": "Feature", "geometry": {"type": "Point", "coordinates": [126.805891, 35.185342]}, "properties": {"addr": "광산구 흑석동 784", "cnt": 1}}, {"type": "Feature", "geometry": {"type": "Point", "coordinates": [126.805891, 35.185342]}, "properties": {"addr": "광산구 흑석동 784", "cnt": 2}}, {"type": "Feature", "geometry": {"type": "Point", "coordinates": [126.923055, 35.152029]}, "properties": {"addr": "동구 동계로1번길 9", "cnt": 3}}, {"type": "Feature", "geometry": {"type": "Point", "coordinates": [126.923055, 35.152029]}, "properties": {"addr": "동구 동계로1번길 9", "cnt": 1}}, {"type": "Feature", "geometry": {"type": "Point", "coordinates": [126.911065, 35.148303]}, "properties": {"addr": "동구 천변우로 363-1", "cnt": 3}}, {"type": "Feature", "geometry": {"type": "Point", "coordinates": [126.911065, 35.148303]}, "properties": {"addr": "동구 천변우로 363-1", "cnt": 1}}, {"type": "Feature", "geometry": {"type": "Point", "coordinates": [126.917975, 35.158996]}, "properties": {"addr": "동구 경양로235번길 20", "cnt": 3}}, {"type": "Feature", "geometry": {"type": "Point", "coordinates": [126.917975, 35.158996]}, "properties": {"addr": "동구 경양로235번길 20", "cnt": 1}}, {"type": "Feature", "geometry": {"type": "Point", "coordinates": [126.928325, 35.14656]}, "properties": {"addr": "동구 필문대로273번길 5-1", "cnt": 3}}, {"type": "Feature", "geometry": {"type": "Point", "coordinates": [126.928325, 35.14656]}, "properties": {"addr": "동구 필문대로273번길 5-1", "cnt": 1}}, {"type": "Feature", "geometry": {"type": "Point", "coordinates": [126.928325, 35.14656]}, "properties": {"addr": "동구 필문대로273번길 5-1", "cnt": 1}}, {"type": "Feature", "geometry": {"type": "Point", "coordinates": [126.889232, 35.155304]}, "properties": {"addr": "서구 상무대로1177번길 11", "cnt": 4}}, {"type": "Feature", "geometry": {"type": "Point", "coordinates": [126.889232, 35.155304]}, "properties": {"addr": "서구 상무대로1177번길 11", "cnt": 1}}, {"type": "Feature", "geometry": {"type": "Point", "coordinates": [126.853159, 35.15378]}, "properties": {"addr": "서구 시청로56번길 13", "cnt": 3}}, {"type": "Feature", "geometry": {"type": "Point", "coordinates": [126.853159, 35.15378]}, "properties": {"addr": "서구 시청로56번길 13", "cnt": 1}}, {"type": "Feature", "geometry": {"type": "Point", "coordinates": [126.867141, 35.141498]}, "properties": {"addr": "서구 화정동 502-3", "cnt": 1}}, {"type": "Feature", "geometry": {"type": "Point", "coordinates": [126.867141, 35.141498]}, "properties": {"addr": "서구 화정동 502-3", "cnt": 1}}, {"type": "Feature", "geometry": {"type": "Point", "coordinates": [126.855041, 35.132767]}, "properties": {"addr": "서구 금화로 53", "cnt": 2}}, {"type": "Feature", "geometry": {"type": "Point", "coordinates": [126.855041, 35.132767]}, "properties": {"addr": "서구 금화로 53", "cnt": 1}}, {"type": "Feature", "geometry": {"type": "Point", "coordinates": [126.887668, 35.152271]}, "properties": {"addr": "서구 경열로14번길 6", "cnt": 3}}, {"type": "Feature", "geometry": {"type": "Point", "coordinates": [126.887668, 35.152271]}, "properties": {"addr": "서구 경열로14번길 6", "cnt": 1}}, {"type": "Feature", "geometry": {"type": "Point", "coordinates": [126.858588, 35.134102]}, "properties": {"addr": "서구 운천로 15", "cnt": 3}}, {"type": "Feature", "geometry": {"type": "Point", "coordinates": [126.858588, 35.134102]}, "properties": {"addr": "서구 운천로 15", "cnt": 1}}, {"type": "Feature", "geometry": {"type": "Point", "coordinates": [126.853151, 35.149786]}, "properties": {"addr": "서구 상무번영로 11", "cnt": 2}}, {"type": "Feature", "geometry": {"type": "Point", "coordinates": [126.853151, 35.149786]}, "properties": {"addr": "서구 상무번영로 11", "cnt": 1}}, {"type": "Feature", "geometry": {"type": "Point", "coordinates": [126.875196, 35.146713]}, "properties": {"addr": "서구 월드컵4강로104번길 19-16", "cnt": 4}}, {"type": "Feature", "geometry": {"type": "Point", "coordinates": [126.875196, 35.146713]}, "properties": {"addr": "서구 월드컵4강로104번길 19-16", "cnt": 1}}, {"type": "Feature", "geometry": {"type": "Point", "coordinates": [126.880843, 35.121018]}, "properties": {"addr": "서구 풍암순환로 86", "cnt": 2}}, {"type": "Feature", "geometry": {"type": "Point", "coordinates": [126.880843, 35.121018]}, "properties": {"addr": "서구 풍암순환로 86", "cnt": 1}}, {"type": "Feature", "geometry": {"type": "Point", "coordinates": [126.907141, 35.138304]}, "properties": {"addr": "남구 백운로52번길 5-2", "cnt": 2}}, {"type": "Feature", "geometry": {"type": "Point", "coordinates": [126.907141, 35.138304]}, "properties": {"addr": "남구 백운로52번길 5-2", "cnt": 1}}, {"type": "Feature", "geometry": {"type": "Point", "coordinates": [126.913208, 35.143009]}, "properties": {"addr": "남구 사직안길 9-5", "cnt": 2}}, {"type": "Feature", "geometry": {"type": "Point", "coordinates": [126.913208, 35.143009]}, "properties": {"addr": "남구 사직안길 9-5", "cnt": 1}}, {"type": "Feature", "geometry": {"type": "Point", "coordinates": [126.894181, 35.127504]}, "properties": {"addr": "남구 주월동 450-97", "cnt": 3}}, {"type": "Feature", "geometry": {"type": "Point", "coordinates": [126.894181, 35.127504]}, "properties": {"addr": "남구 주월동 450-97", "cnt": 1}}, {"type": "Feature", "geometry": {"type": "Point", "coordinates": [126.910653, 35.127515]}, "properties": {"addr": "남구 봉선1로 50-8", "cnt": 2}}, {"type": "Feature", "geometry": {"type": "Point", "coordinates": [126.910653, 35.127515]}, "properties": {"addr": "남구 봉선1로 50-8", "cnt": 1}}, {"type": "Feature", "geometry": {"type": "Point", "coordinates": [126.914602, 35.133253]}, "properties": {"addr": "남구 대남대로95번길 10-1", "cnt": 3}}, {"type": "Feature", "geometry": {"type": "Point", "coordinates": [126.914602, 35.133253]}, "properties": {"addr": "남구 대남대로95번길 10-1", "cnt": 1}}, {"type": "Feature", "geometry": {"type": "Point", "coordinates": [126.8931, 35.138569]}, "properties": {"addr": "남구 군분로 55", "cnt": 3}}, {"type": "Feature", "geometry": {"type": "Point", "coordinates": [126.8931, 35.138569]}, "properties": {"addr": "남구 군분로 55", "cnt": 1}}, {"type": "Feature", "geometry": {"type": "Point", "coordinates": [126.897827, 35.133138]}, "properties": {"addr": "남구 대남대로223번길 26-2", "cnt": 2}}, {"type": "Feature", "geometry": {"type": "Point", "coordinates": [126.897827, 35.133138]}, "properties": {"addr": "남구 대남대로223번길 26-2", "cnt": 1}}, {"type": "Feature", "geometry": {"type": "Point", "coordinates": [126.902474, 35.18798]}, "properties": {"addr": "북구 우치로257번길 24", "cnt": 3}}, {"type": "Feature", "geometry": {"type": "Point", "coordinates": [126.902474, 35.18798]}, "properties": {"addr": "북구 우치로257번길 24", "cnt": 1}}, {"type": "Feature", "geometry": {"type": "Point", "coordinates": [126.930775, 35.16858]}, "properties": {"addr": "북구 군왕로71번길 34", "cnt": 3}}, {"type": "Feature", "geometry": {"type": "Point", "coordinates": [126.930775, 35.16858]}, "properties": {"addr": "북구 군왕로71번길 34", "cnt": 1}}, {"type": "Feature", "geometry": {"type": "Point", "coordinates": [126.888314, 35.173322]}, "properties": {"addr": "북구 금호로 49-5", "cnt": 2}}, {"type": "Feature", "geometry": {"type": "Point", "coordinates": [126.888314, 35.173322]}, "properties": {"addr": "북구 금호로 49-5", "cnt": 1}}, {"type": "Feature", "geometry": {"type": "Point", "coordinates": [126.905156, 35.171391]}, "properties": {"addr": "북구 자미로66번길 10", "cnt": 2}}, {"type": "Feature", "geometry": {"type": "Point", "coordinates": [126.905156, 35.171391]}, "properties": {"addr": "북구 자미로66번길 10", "cnt": 1}}, {"type": "Feature", "geometry": {"type": "Point", "coordinates": [126.916749, 35.174526]}, "properties": {"addr": "북구 서방로31번길 31-2", "cnt": 3}}, {"type": "Feature", "geometry": {"type": "Point", "coordinates": [126.916749, 35.174526]}, "properties": {"addr": "북구 서방로31번길 31-2", "cnt": 1}}, {"type": "Feature", "geometry": {"type": "Point", "coordinates": [126.916421, 35.166232]}, "properties": {"addr": "북구 독립로 402", "cnt": 3}}, {"type": "Feature", "geometry": {"type": "Point", "coordinates": [126.916421, 35.166232]}, "properties": {"addr": "북구 독립로 402", "cnt": 1}}, {"type": "Feature", "geometry": {"type": "Point", "coordinates": [126.892148, 35.186186]}, "properties": {"addr": "북구 서하로 124", "cnt": 2}}, {"type": "Feature", "geometry": {"type": "Point", "coordinates": [126.892148, 35.186186]}, "properties": {"addr": "북구 서하로 124", "cnt": 1}}, {"type": "Feature", "geometry": {"type": "Point", "coordinates": [126.892148, 35.186186]}, "properties": {"addr": "북구 서하로 124", "cnt": 1}}, {"type": "Feature", "geometry": {"type": "Point", "coordinates": [126.912801, 35.178636]}, "properties": {"addr": "북구 우치로126번길 8", "cnt": 3}}, {"type": "Feature", "geometry": {"type": "Point", "coordinates": [126.912801, 35.178636]}, "properties": {"addr": "북구 우치로126번길 8", "cnt": 1}}, {"type": "Feature", "geometry": {"type": "Point", "coordinates": [126.927653, 35.190089]}, "properties": {"addr": "북구 문산로74번길 139-2", "cnt": 2}}, {"type": "Feature", "geometry": {"type": "Point", "coordinates": [126.927653, 35.190089]}, "properties": {"addr": "북구 문산로74번길 139-2", "cnt": 1}}, {"type": "Feature", "geometry": {"type": "Point", "coordinates": [126.87949, 35.212206]}, "properties": {"addr": "북구 상촌로43번길 11-2", "cnt": 3}}, {"type": "Feature", "geometry": {"type": "Point", "coordinates": [126.87949, 35.212206]}, "properties": {"addr": "북구 상촌로43번길 11-2", "cnt": 1}}, {"type": "Feature", "geometry": {"type": "Point", "coordinates": [126.864541, 35.190674]}, "properties": {"addr": "북구 북문대로242번길 50", "cnt": 2}}, {"type": "Feature", "geometry": {"type": "Point", "coordinates": [126.864541, 35.190674]}, "properties": {"addr": "북구 북문대로242번길 50", "cnt": 1}}, {"type": "Feature", "geometry": {"type": "Point", "coordinates": [126.903932, 35.155567]}, "properties": {"addr": "북구 천변우로257번길 21", "cnt": 3}}, {"type": "Feature", "geometry": {"type": "Point", "coordinates": [126.903932, 35.155567]}, "properties": {"addr": "북구 천변우로257번길 21", "cnt": 1}}, {"type": "Feature", "geometry": {"type": "Point", "coordinates": [126.834945, 35.185346]}, "properties": {"addr": "광산구 신가삼효로 22-24", "cnt": 1}}, {"type": "Feature", "geometry": {"type": "Point", "coordinates": [126.834945, 35.185346]}, "properties": {"addr": "광산구 신가삼효로 22-24", "cnt": 1}}, {"type": "Feature", "geometry": {"type": "Point", "coordinates": [126.794046, 35.138188]}, "properties": {"addr": "광산구 광산로 19", "cnt": 3}}, {"type": "Feature", "geometry": {"type": "Point", "coordinates": [126.794046, 35.138188]}, "properties": {"addr": "광산구 광산로 19", "cnt": 1}}, {"type": "Feature", "geometry": {"type": "Point", "coordinates": [126.79928, 35.14134]}, "properties": {"addr": "광산구 광산로 77-1", "cnt": 3}}, {"type": "Feature", "geometry": {"type": "Point", "coordinates": [126.79928, 35.14134]}, "properties": {"addr": "광산구 광산로 77-1", "cnt": 1}}, {"type": "Feature", "geometry": {"type": "Point", "coordinates": [126.79458, 35.133511]}, "properties": {"addr": "광산구 상도산길7번길 54-4", "cnt": 2}}, {"type": "Feature", "geometry": {"type": "Point", "coordinates": [126.79458, 35.133511]}, "properties": {"addr": "광산구 상도산길7번길 54-4", "cnt": 1}}, {"type": "Feature", "geometry": {"type": "Point", "coordinates": [126.809494, 35.163368]}, "properties": {"addr": "광산구 사암로216번길 16", "cnt": 2}}, {"type": "Feature", "geometry": {"type": "Point", "coordinates": [126.809494, 35.163368]}, "properties": {"addr": "광산구 사암로216번길 16", "cnt": 1}}, {"type": "Feature", "geometry": {"type": "Point", "coordinates": [126.787938, 35.134671]}, "properties": {"addr": "광산구 송정동 930-10", "cnt": 2}}, {"type": "Feature", "geometry": {"type": "Point", "coordinates": [126.787938, 35.134671]}, "properties": {"addr": "광산구 송정동 930-10", "cnt": 1}}, {"type": "Feature", "geometry": {"type": "Point", "coordinates": [126.787938, 35.134671]}, "properties": {"addr": "광산구 송정동 930-10", "cnt": 1}}, {"type": "Feature", "geometry": {"type": "Point", "coordinates": [126.842531, 35.219705]}, "properties": {"addr": "광산구 첨단중앙로 160", "cnt": 3}}, {"type": "Feature", "geometry": {"type": "Point", "coordinates": [126.842531, 35.219705]}, "properties": {"addr": "광산구 첨단중앙로 160", "cnt": 1}}, {"type": "Feature", "geometry": {"type": "Point", "coordinates": [126.80718, 35.162721]}, "properties": {"addr": "광산구 우산동 1580-5", "cnt": 3}}, {"type": "Feature", "geometry": {"type": "Point", "coordinates": [126.80718, 35.162721]}, "properties": {"addr": "광산구 우산동 1580-5", "cnt": 1}}, {"type": "Feature", "geometry": {"type": "Point", "coordinates": [126.807127, 35.14476]}, "properties": {"addr": "광산구 신촌동 998-2", "cnt": 1}}, {"type": "Feature", "geometry": {"type": "Point", "coordinates": [126.807127, 35.14476]}, "properties": {"addr": "광산구 신촌동 998-2", "cnt": 1}}, {"type": "Feature", "geometry": {"type": "Point", "coordinates": [126.808048, 35.175751]}, "properties": {"addr": "광산구 산정공원로94번길 22", "cnt": 3}}, {"type": "Feature", "geometry": {"type": "Point", "coordinates": [126.808048, 35.175751]}, "properties": {"addr": "광산구 산정공원로94번길 22", "cnt": 1}}, {"type": "Feature", "geometry": {"type": "Point", "coordinates": [126.716877, 35.164283]}, "properties": {"addr": "광산구 송산동 4-1", "cnt": 1}}, {"type": "Feature", "geometry": {"type": "Point", "coordinates": [126.716877, 35.164283]}, "properties": {"addr": "광산구 송산동 4-1", "cnt": 1}}, {"type": "Feature", "geometry": {"type": "Point", "coordinates": [126.851869, 35.195596]}, "properties": {"addr": "광산구 반월안길 45", "cnt": 3}}, {"type": "Feature", "geometry": {"type": "Point", "coordinates": [126.851869, 35.195596]}, "properties": {"addr": "광산구 반월안길 45", "cnt": 1}}, {"type": "Feature", "geometry": {"type": "Point", "coordinates": [126.813555, 35.205284]}, "properties": {"addr": "광산구 장덕동 81-26", "cnt": 2}}, {"type": "Feature", "geometry": {"type": "Point", "coordinates": [126.813555, 35.205284]}, "properties": {"addr": "광산구 장덕동 81-26", "cnt": 1}}, {"type": "Feature", "geometry": {"type": "Point", "coordinates": [126.816253, 35.185577]}, "properties": {"addr": "광산구 장덕동 1683", "cnt": 2}}, {"type": "Feature", "geometry": {"type": "Point", "coordinates": [126.816253, 35.185577]}, "properties": {"addr": "광산구 장덕동 1683", "cnt": 1}}, {"type": "Feature", "geometry": {"type": "Point", "coordinates": [126.896219, 35.250743]}, "properties": {"addr": "북구 용강동 744-2", "cnt": 2}}, {"type": "Feature", "geometry": {"type": "Point", "coordinates": [126.896219, 35.250743]}, "properties": {"addr": "북구 용강동 744-2", "cnt": 1}}, {"type": "Feature", "geometry": {"type": "Point", "coordinates": [126.825375, 35.150037]}, "properties": {"addr": "광산구 우산동 12", "cnt": 1}}, {"type": "Feature", "geometry": {"type": "Point", "coordinates": [126.825375, 35.150037]}, "properties": {"addr": "광산구 우산동 12", "cnt": 1}}, {"type": "Feature", "geometry": {"type": "Point", "coordinates": [126.77167, 35.136328]}, "properties": {"addr": "광산구 선암동 242-6", "cnt": 3}}, {"type": "Feature", "geometry": {"type": "Point", "coordinates": [126.77167, 35.136328]}, "properties": {"addr": "광산구 선암동 242-6", "cnt": 1}}, {"type": "Feature", "geometry": {"type": "Point", "coordinates": [126.779259, 35.144781]}, "properties": {"addr": "광산구 선암동 486", "cnt": 2}}, {"type": "Feature", "geometry": {"type": "Point", "coordinates": [126.779259, 35.144781]}, "properties": {"addr": "광산구 선암동 486", "cnt": 1}}, {"type": "Feature", "geometry": {"type": "Point", "coordinates": [126.787356, 35.081378]}, "properties": {"addr": "광산구 본덕동 5", "cnt": 3}}, {"type": "Feature", "geometry": {"type": "Point", "coordinates": [126.787356, 35.081378]}, "properties": {"addr": "광산구 본덕동 5", "cnt": 1}}, {"type": "Feature", "geometry": {"type": "Point", "coordinates": [126.911256, 35.147866]}, "properties": {"addr": "동구 호남동 82", "cnt": 2}}, {"type": "Feature", "geometry": {"type": "Point", "coordinates": [126.911256, 35.147866]}, "properties": {"addr": "동구 호남동 82", "cnt": 1}}, {"type": "Feature", "geometry": {"type": "Point", "coordinates": [126.936706, 35.121569]}, "properties": {"addr": "동구 소태길3번길 35-2", "cnt": 2}}, {"type": "Feature", "geometry": {"type": "Point", "coordinates": [126.936706, 35.121569]}, "properties": {"addr": "동구 소태길3번길 35-2", "cnt": 1}}, {"type": "Feature", "geometry": {"type": "Point", "coordinates": [126.858053, 35.161748]}, "properties": {"addr": "서구 무진대로 714", "cnt": 2}}, {"type": "Feature", "geometry": {"type": "Point", "coordinates": [126.858053, 35.161748]}, "properties": {"addr": "서구 무진대로 714", "cnt": 1}}, {"type": "Feature", "geometry": {"type": "Point", "coordinates": [126.858053, 35.161748]}, "properties": {"addr": "서구 무진대로 714", "cnt": 1}}, {"type": "Feature", "geometry": {"type": "Point", "coordinates": [126.877657, 35.120377]}, "properties": {"addr": "서구 풍암동 1056", "cnt": 1}}, {"type": "Feature", "geometry": {"type": "Point", "coordinates": [126.877657, 35.120377]}, "properties": {"addr": "서구 풍암동 1056", "cnt": 1}}, {"type": "Feature", "geometry": {"type": "Point", "coordinates": [126.884034, 35.127679]}, "properties": {"addr": "서구 풍암동 1165", "cnt": 2}}, {"type": "Feature", "geometry": {"type": "Point", "coordinates": [126.884034, 35.127679]}, "properties": {"addr": "서구 풍암동 1165", "cnt": 1}}, {"type": "Feature", "geometry": {"type": "Point", "coordinates": [126.863548, 35.121249]}, "properties": {"addr": "서구 풍암동 903", "cnt": 2}}, {"type": "Feature", "geometry": {"type": "Point", "coordinates": [126.863548, 35.121249]}, "properties": {"addr": "서구 풍암동 903", "cnt": 1}}, {"type": "Feature", "geometry": {"type": "Point", "coordinates": [126.861471, 35.169728]}, "properties": {"addr": "서구 동천동 539", "cnt": 2}}, {"type": "Feature", "geometry": {"type": "Point", "coordinates": [126.861471, 35.169728]}, "properties": {"addr": "서구 동천동 539", "cnt": 1}}, {"type": "Feature", "geometry": {"type": "Point", "coordinates": [126.894052, 35.120398]}, "properties": {"addr": "남구 진월동 357-9", "cnt": 1}}, {"type": "Feature", "geometry": {"type": "Point", "coordinates": [126.894052, 35.120398]}, "properties": {"addr": "남구 진월동 357-9", "cnt": 1}}, {"type": "Feature", "geometry": {"type": "Point", "coordinates": [126.909517, 35.139831]}, "properties": {"addr": "남구 서동 287", "cnt": 2}}, {"type": "Feature", "geometry": {"type": "Point", "coordinates": [126.909517, 35.139831]}, "properties": {"addr": "남구 서동 287", "cnt": 1}}, {"type": "Feature", "geometry": {"type": "Point", "coordinates": [126.90942, 35.145498]}, "properties": {"addr": "남구 서동 240-7", "cnt": 3}}, {"type": "Feature", "geometry": {"type": "Point", "coordinates": [126.90942, 35.145498]}, "properties": {"addr": "남구 서동 240-7", "cnt": 1}}, {"type": "Feature", "geometry": {"type": "Point", "coordinates": [126.890801, 35.191222]}, "properties": {"addr": "북구 하서로 110", "cnt": 2}}, {"type": "Feature", "geometry": {"type": "Point", "coordinates": [126.890801, 35.191222]}, "properties": {"addr": "북구 하서로 110", "cnt": 1}}, {"type": "Feature", "geometry": {"type": "Point", "coordinates": [126.924665, 35.179455]}, "properties": {"addr": "북구 평교로 23", "cnt": 2}}, {"type": "Feature", "geometry": {"type": "Point", "coordinates": [126.924665, 35.179455]}, "properties": {"addr": "북구 평교로 23", "cnt": 1}}, {"type": "Feature", "geometry": {"type": "Point", "coordinates": [126.900767, 35.177806]}, "properties": {"addr": "북구 용봉동 1250-6", "cnt": 2}}, {"type": "Feature", "geometry": {"type": "Point", "coordinates": [126.900767, 35.177806]}, "properties": {"addr": "북구 용봉동 1250-6", "cnt": 1}}, {"type": "Feature", "geometry": {"type": "Point", "coordinates": [126.88405, 35.215251]}, "properties": {"addr": "북구 본촌동 3076", "cnt": 2}}, {"type": "Feature", "geometry": {"type": "Point", "coordinates": [126.88405, 35.215251]}, "properties": {"addr": "북구 본촌동 3076", "cnt": 1}}, {"type": "Feature", "geometry": {"type": "Point", "coordinates": [126.882177, 35.210816]}, "properties": {"addr": "북구 양산동 764", "cnt": 2}}, {"type": "Feature", "geometry": {"type": "Point", "coordinates": [126.882177, 35.210816]}, "properties": {"addr": "북구 양산동 764", "cnt": 1}}, {"type": "Feature", "geometry": {"type": "Point", "coordinates": [126.874582, 35.205837]}, "properties": {"addr": "북구 양산동 1090", "cnt": 2}}, {"type": "Feature", "geometry": {"type": "Point", "coordinates": [126.874582, 35.205837]}, "properties": {"addr": "북구 양산동 1090", "cnt": 1}}, {"type": "Feature", "geometry": {"type": "Point", "coordinates": [126.870992, 35.211065]}, "properties": {"addr": "북구 용두동 311-36", "cnt": 1}}, {"type": "Feature", "geometry": {"type": "Point", "coordinates": [126.870992, 35.211065]}, "properties": {"addr": "북구 용두동 311-36", "cnt": 1}}, {"type": "Feature", "geometry": {"type": "Point", "coordinates": [126.834361, 35.184023]}, "properties": {"addr": "광산구 신가동 1004-6", "cnt": 2}}, {"type": "Feature", "geometry": {"type": "Point", "coordinates": [126.834361, 35.184023]}, "properties": {"addr": "광산구 신가동 1004-6", "cnt": 1}}, {"type": "Feature", "geometry": {"type": "Point", "coordinates": [126.836803, 35.183098]}, "properties": {"addr": "광산구 신가동 1009", "cnt": 2}}, {"type": "Feature", "geometry": {"type": "Point", "coordinates": [126.836803, 35.183098]}, "properties": {"addr": "광산구 신가동 1009", "cnt": 1}}, {"type": "Feature", "geometry": {"type": "Point", "coordinates": [126.836745, 35.18756]}, "properties": {"addr": "광산구 신가동 981-1", "cnt": 1}}, {"type": "Feature", "geometry": {"type": "Point", "coordinates": [126.836745, 35.18756]}, "properties": {"addr": "광산구 신가동 981-1", "cnt": 1}}, {"type": "Feature", "geometry": {"type": "Point", "coordinates": [126.836702, 35.187367]}, "properties": {"addr": "광산구 신가동 981-1", "cnt": 2}}, {"type": "Feature", "geometry": {"type": "Point", "coordinates": [126.831084, 35.189345]}, "properties": {"addr": "광산구 수완동 1641", "cnt": 2}}, {"type": "Feature", "geometry": {"type": "Point", "coordinates": [126.831084, 35.189345]}, "properties": {"addr": "광산구 수완동 1641", "cnt": 1}}, {"type": "Feature", "geometry": {"type": "Point", "coordinates": [126.830279, 35.188698]}, "properties": {"addr": "광산구 수완동 1706", "cnt": 3}}, {"type": "Feature", "geometry": {"type": "Point", "coordinates": [126.812697, 35.198208]}, "properties": {"addr": "광산구 장덕동 1045", "cnt": 2}}, {"type": "Feature", "geometry": {"type": "Point", "coordinates": [126.812697, 35.198208]}, "properties": {"addr": "광산구 장덕동 1045", "cnt": 1}}, {"type": "Feature", "geometry": {"type": "Point", "coordinates": [126.770717, 35.147596]}, "properties": {"addr": "광산구 선암동 713", "cnt": 1}}, {"type": "Feature", "geometry": {"type": "Point", "coordinates": [126.770717, 35.147596]}, "properties": {"addr": "광산구 선암동 713", "cnt": 1}}, {"type": "Feature", "geometry": {"type": "Point", "coordinates": [126.775213, 35.146594]}, "properties": {"addr": "광산구 선암동 637", "cnt": 5}}, {"type": "Feature", "geometry": {"type": "Point", "coordinates": [126.775213, 35.146594]}, "properties": {"addr": "광산구 선암동 637", "cnt": 1}}, {"type": "Feature", "geometry": {"type": "Point", "coordinates": [126.89808, 35.125637]}, "properties": {"addr": "남구 주월동 1244-2", "cnt": 2}}, {"type": "Feature", "geometry": {"type": "Point", "coordinates": [126.89808, 35.125637]}, "properties": {"addr": "남구 주월동 1244-2", "cnt": 1}}, {"type": "Feature", "geometry": {"type": "Point", "coordinates": [126.909003, 35.131975]}, "properties": {"addr": "남구 대남대로149번길 19", "cnt": 4}}, {"type": "Feature", "geometry": {"type": "Point", "coordinates": [126.886254, 35.146309]}, "properties": {"addr": "남구 화정로260번길 20", "cnt": 2}}, {"type": "Feature", "geometry": {"type": "Point", "coordinates": [126.896145, 35.148706]}, "properties": {"addr": "남구 월산로123번길 6", "cnt": 3}}, {"type": "Feature", "geometry": {"type": "Point", "coordinates": [126.911236, 35.119019]}, "properties": {"addr": "남구 봉선동 572", "cnt": 3}}, {"type": "Feature", "geometry": {"type": "Point", "coordinates": [126.926351, 35.149821]}, "properties": {"addr": "동구 동계천로 159-11", "cnt": 4}}, {"type": "Feature", "geometry": {"type": "Point", "coordinates": [126.919211, 35.161068]}, "properties": {"addr": "동구 중흥로227번길 18", "cnt": 3}}, {"type": "Feature", "geometry": {"type": "Point", "coordinates": [126.919211, 35.161068]}, "properties": {"addr": "동구 중흥로227번길 18", "cnt": 1}}, {"type": "Feature", "geometry": {"type": "Point", "coordinates": [126.936376, 35.149866]}, "properties": {"addr": "동구 밤실로23번길 7", "cnt": 2}}, {"type": "Feature", "geometry": {"type": "Point", "coordinates": [126.936376, 35.149866]}, "properties": {"addr": "동구 밤실로23번길 7", "cnt": 1}}, {"type": "Feature", "geometry": {"type": "Point", "coordinates": [126.918993, 35.144548]}, "properties": {"addr": "동구 문화전당로23번길 6-4", "cnt": 3}}, {"type": "Feature", "geometry": {"type": "Point", "coordinates": [126.918993, 35.144548]}, "properties": {"addr": "동구 문화전당로23번길 6-4", "cnt": 1}}, {"type": "Feature", "geometry": {"type": "Point", "coordinates": [126.930611, 35.149228]}, "properties": {"addr": "동구 동명로98번길 17", "cnt": 3}}, {"type": "Feature", "geometry": {"type": "Point", "coordinates": [126.930611, 35.149228]}, "properties": {"addr": "동구 동명로98번길 17", "cnt": 1}}, {"type": "Feature", "geometry": {"type": "Point", "coordinates": [126.922965, 35.144036]}, "properties": {"addr": "동구 제봉로98번길 8", "cnt": 4}}, {"type": "Feature", "geometry": {"type": "Point", "coordinates": [126.93167, 35.15984]}, "properties": {"addr": "동구 필문대로123번길 7", "cnt": 4}}, {"type": "Feature", "geometry": {"type": "Point", "coordinates": [126.859019, 35.131198]}, "properties": {"addr": "서구 풍금로171번길 2-1", "cnt": 3}}, {"type": "Feature", "geometry": {"type": "Point", "coordinates": [126.885269, 35.149515]}, "properties": {"addr": "서구 화정로271번길 13", "cnt": 4}}, {"type": "Feature", "geometry": {"type": "Point", "coordinates": [126.890693, 35.155346]}, "properties": {"addr": "서구 상무대로1189번길 7-8", "cnt": 4}}, {"type": "Feature", "geometry": {"type": "Point", "coordinates": [126.865601, 35.144012]}, "properties": {"addr": "서구 화정로74번길 8", "cnt": 3}}, {"type": "Feature", "geometry": {"type": "Point", "coordinates": [126.870104, 35.15287]}, "properties": {"addr": "서구 월드컵4강로198번길 6-28", "cnt": 3}}, {"type": "Feature", "geometry": {"type": "Point", "coordinates": [126.862575, 35.157585]}, "properties": {"addr": "서구 상무오월로15번길 28-23", "cnt": 2}}, {"type": "Feature", "geometry": {"type": "Point", "coordinates": [126.862575, 35.157585]}, "properties": {"addr": "서구 상무오월로15번길 28-23", "cnt": 1}}, {"type": "Feature", "geometry": {"type": "Point", "coordinates": [126.864431, 35.120161]}, "properties": {"addr": "서구 풍암신흥로11번길 4-1", "cnt": 4}}, {"type": "Feature", "geometry": {"type": "Point", "coordinates": [126.880559, 35.154868]}, "properties": {"addr": "서구 군분2로 21-6", "cnt": 2}}, {"type": "Feature", "geometry": {"type": "Point", "coordinates": [126.88708, 35.157868]}, "properties": {"addr": "서구 내방로418번길 22", "cnt": 4}}, {"type": "Feature", "geometry": {"type": "Point", "coordinates": [126.88053, 35.164345]}, "properties": {"addr": "서구 광천시장길 1", "cnt": 2}}, {"type": "Feature", "geometry": {"type": "Point", "coordinates": [126.88053, 35.164345]}, "properties": {"addr": "서구 광천시장길 1", "cnt": 1}}, {"type": "Feature", "geometry": {"type": "Point", "coordinates": [126.858147, 35.135105]}, "properties": {"addr": "서구 금호동 750-74", "cnt": 3}}, {"type": "Feature", "geometry": {"type": "Point", "coordinates": [126.883054, 35.102802]}, "properties": {"addr": "남구 서문대로402번길 34", "cnt": 1}}, {"type": "Feature", "geometry": {"type": "Point", "coordinates": [126.883054, 35.102802]}, "properties": {"addr": "남구 서문대로402번길 34", "cnt": 1}}, {"type": "Feature", "geometry": {"type": "Point", "coordinates": [126.892359, 35.128218]}, "properties": {"addr": "남구 회재로1186번길 44", "cnt": 3}}, {"type": "Feature", "geometry": {"type": "Point", "coordinates": [126.892359, 35.128218]}, "properties": {"addr": "남구 회재로1186번길 44", "cnt": 1}}, {"type": "Feature", "geometry": {"type": "Point", "coordinates": [126.895655, 35.103037]}, "properties": {"addr": "남구 행암동 684", "cnt": 3}}, {"type": "Feature", "geometry": {"type": "Point", "coordinates": [126.904112, 35.137674]}, "properties": {"addr": "남구 백운동 72-9", "cnt": 3}}, {"type": "Feature", "geometry": {"type": "Point", "coordinates": [126.891798, 35.138313]}, "properties": {"addr": "남구 군분로61번길 9", "cnt": 3}}, {"type": "Feature", "geometry": {"type": "Point", "coordinates": [126.899896, 35.13272]}, "properties": {"addr": "남구 서문대로823번길 7-2", "cnt": 2}}, {"type": "Feature", "geometry": {"type": "Point", "coordinates": [126.899896, 35.13272]}, "properties": {"addr": "남구 서문대로823번길 7-2", "cnt": 1}}, {"type": "Feature", "geometry": {"type": "Point", "coordinates": [126.906885, 35.127349]}, "properties": {"addr": "남구 봉선1로16번길 5", "cnt": 3}}, {"type": "Feature", "geometry": {"type": "Point", "coordinates": [126.899874, 35.118662]}, "properties": {"addr": "남구 진월동 859-130", "cnt": 2}}, {"type": "Feature", "geometry": {"type": "Point", "coordinates": [126.900215, 35.144143]}, "properties": {"addr": "남구 월산로68번길 13", "cnt": 2}}, {"type": "Feature", "geometry": {"type": "Point", "coordinates": [126.900215, 35.144143]}, "properties": {"addr": "남구 월산로68번길 13", "cnt": 1}}, {"type": "Feature", "geometry": {"type": "Point", "coordinates": [126.903704, 35.187886]}, "properties": {"addr": "북구 우치로257번길 14", "cnt": 4}}, {"type": "Feature", "geometry": {"type": "Point", "coordinates": [126.884817, 35.172244]}, "properties": {"addr": "북구 죽봉대로 212", "cnt": 2}}, {"type": "Feature", "geometry": {"type": "Point", "coordinates": [126.884817, 35.172244]}, "properties": {"addr": "북구 죽봉대로 212", "cnt": 1}}, {"type": "Feature", "geometry": {"type": "Point", "coordinates": [126.884699, 35.171357]}, "properties": {"addr": "북구 죽봉대로 202", "cnt": 2}}, {"type": "Feature", "geometry": {"type": "Point", "coordinates": [126.884699, 35.171357]}, "properties": {"addr": "북구 죽봉대로 202", "cnt": 1}}, {"type": "Feature", "geometry": {"type": "Point", "coordinates": [126.879457, 35.208108]}, "properties": {"addr": "북구 연양로105번길 18", "cnt": 3}}, {"type": "Feature", "geometry": {"type": "Point", "coordinates": [126.90003, 35.179775]}, "properties": {"addr": "북구 반룡로17번길 11", "cnt": 4}}, {"type": "Feature", "geometry": {"type": "Point", "coordinates": [126.909707, 35.15565]}, "properties": {"addr": "북구 북동 58-7", "cnt": 3}}, {"type": "Feature", "geometry": {"type": "Point", "coordinates": [126.910378, 35.170071]}, "properties": {"addr": "북구 용봉로138번길 69", "cnt": 2}}, {"type": "Feature", "geometry": {"type": "Point", "coordinates": [126.827946, 35.175305]}, "properties": {"addr": "북구 면앙로156번길 11", "cnt": 4}}, {"type": "Feature", "geometry": {"type": "Point", "coordinates": [126.926908, 35.170911]}, "properties": {"addr": "북구 동문대로86번길 69-2", "cnt": 2}}, {"type": "Feature", "geometry": {"type": "Point", "coordinates": [126.926908, 35.170911]}, "properties": {"addr": "북구 동문대로86번길 69-2", "cnt": 1}}, {"type": "Feature", "geometry": {"type": "Point", "coordinates": [126.906907, 35.190903]}, "properties": {"addr": "북구 오문로 13-23", "cnt": 2}}, {"type": "Feature", "geometry": {"type": "Point", "coordinates": [126.918054, 35.174639]}, "properties": {"addr": "북구 호동로34번길 32", "cnt": 2}}, {"type": "Feature", "geometry": {"type": "Point", "coordinates": [126.917993, 35.17452]}, "properties": {"addr": "북구 서방로39번길 37", "cnt": 1}}, {"type": "Feature", "geometry": {"type": "Point", "coordinates": [126.917993, 35.17452]}, "properties": {"addr": "북구 서방로39번길 37", "cnt": 1}}, {"type": "Feature", "geometry": {"type": "Point", "coordinates": [126.902894, 35.18018]}, "properties": {"addr": "북구 반룡로41번길 19", "cnt": 3}}, {"type": "Feature", "geometry": {"type": "Point", "coordinates": [126.928297, 35.174097]}, "properties": {"addr": "북구 동문대로134번길 33", "cnt": 2}}, {"type": "Feature", "geometry": {"type": "Point", "coordinates": [126.870193, 35.182881]}, "properties": {"addr": "북구 북문대로169번길 35", "cnt": 2}}, {"type": "Feature", "geometry": {"type": "Point", "coordinates": [126.934772, 35.170658]}, "properties": {"addr": "북구 삼정로87번길 51", "cnt": 4}}, {"type": "Feature", "geometry": {"type": "Point", "coordinates": [126.901936, 35.199523]}, "properties": {"addr": "북구 송해로4번길 6", "cnt": 3}}, {"type": "Feature", "geometry": {"type": "Point", "coordinates": [126.894227, 35.166024]}, "properties": {"addr": "북구 서림로51번길 13", "cnt": 2}}, {"type": "Feature", "geometry": {"type": "Point", "coordinates": [126.756781, 35.126607]}, "properties": {"addr": "광산구 평동로 789-79", "cnt": 3}}, {"type": "Feature", "geometry": {"type": "Point", "coordinates": [126.803951, 35.167011]}, "properties": {"addr": "광산구 산정로6번길 13", "cnt": 3}}, {"type": "Feature", "geometry": {"type": "Point", "coordinates": [126.808592, 35.16945]}, "properties": {"addr": "광산구 사암로279번길 10", "cnt": 4}}, {"type": "Feature", "geometry": {"type": "Point", "coordinates": [126.8379, 35.19642]}, "properties": {"addr": "광산구 신창로 121", "cnt": 3}}, {"type": "Feature", "geometry": {"type": "Point", "coordinates": [126.833029, 35.185324]}, "properties": {"addr": "광산구 신가삼효로 2-9", "cnt": 3}}, {"type": "Feature", "geometry": {"type": "Point", "coordinates": [126.82465, 35.191524]}, "properties": {"addr": "광산구 장신로147번길 5-12", "cnt": 4}}, {"type": "Feature", "geometry": {"type": "Point", "coordinates": [126.804684, 35.160264]}, "properties": {"addr": "광산구 무진대로212번길 29-19", "cnt": 4}}, {"type": "Feature", "geometry": {"type": "Point", "coordinates": [126.795226, 35.133556]}, "properties": {"addr": "광산구 도산동 921-18", "cnt": 4}}, {"type": "Feature", "geometry": {"type": "Point", "coordinates": [126.796023, 35.137074]}, "properties": {"addr": "광산구 송정로29번길 37", "cnt": 2}}, {"type": "Feature", "geometry": {"type": "Point", "coordinates": [126.831525, 35.186925]}, "properties": {"addr": "광산구 수완로10번길 39", "cnt": 4}}, {"type": "Feature", "geometry": {"type": "Point", "coordinates": [126.710265, 35.116271]}, "properties": {"addr": "광산구 동산동 1039-9", "cnt": 4}}, {"type": "Feature", "geometry": {"type": "Point", "coordinates": [126.843425, 35.198849]}, "properties": {"addr": "광산구 신창로178번길 28", "cnt": 3}}, {"type": "Feature", "geometry": {"type": "Point", "coordinates": [126.798053, 35.177989]}, "properties": {"addr": "광산구 하남대로54번안길 104", "cnt": 4}}, {"type": "Feature", "geometry": {"type": "Point", "coordinates": [126.793083, 35.13268]}, "properties": {"addr": "광산구 신도산길 101", "cnt": 1}}, {"type": "Feature", "geometry": {"type": "Point", "coordinates": [126.793083, 35.13268]}, "properties": {"addr": "광산구 신도산길 101", "cnt": 1}}, {"type": "Feature", "geometry": {"type": "Point", "coordinates": [126.781987, 35.223527]}, "properties": {"addr": "광산구 신룡동 13-2", "cnt": 3}}, {"type": "Feature", "geometry": {"type": "Point", "coordinates": [126.737473, 35.187286]}, "properties": {"addr": "광산구 지산동 368-2", "cnt": 3}}, {"type": "Feature", "geometry": {"type": "Point", "coordinates": [126.873112, 35.139689]}, "properties": {"addr": "서구 염화로 56", "cnt": 2}}, {"type": "Feature", "geometry": {"type": "Point", "coordinates": [126.872029, 35.144834]}, "properties": {"addr": "서구 화정로138번길 4-8", "cnt": 3}}, {"type": "Feature", "geometry": {"type": "Point", "coordinates": [126.86719, 35.11816]}, "properties": {"addr": "서구 풍암동 680-1", "cnt": 2}}, {"type": "Feature", "geometry": {"type": "Point", "coordinates": [126.858035, 35.154525]}, "properties": {"addr": "서구 상무민주로 61", "cnt": 1}}, {"type": "Feature", "geometry": {"type": "Point", "coordinates": [126.858035, 35.154525]}, "properties": {"addr": "서구 상무민주로 61", "cnt": 1}}, {"type": "Feature", "geometry": {"type": "Point", "coordinates": [126.858035, 35.154525]}, "properties": {"addr": "서구 상무민주로 61", "cnt": 1}}, {"type": "Feature", "geometry": {"type": "Point", "coordinates": [126.859202, 35.123991]}, "properties": {"addr": "서구 금호동 833", "cnt": 2}}, {"type": "Feature", "geometry": {"type": "Point", "coordinates": [126.88268, 35.120988]}, "properties": {"addr": "서구 풍암동 1062", "cnt": 3}}, {"type": "Feature", "geometry": {"type": "Point", "coordinates": [126.876258, 35.123603]}, "properties": {"addr": "서구 풍암동 1052", "cnt": 3}}, {"type": "Feature", "geometry": {"type": "Point", "coordinates": [126.861785, 35.164652]}, "properties": {"addr": "서구 상무버들로16번길 6-10", "cnt": 3}}, {"type": "Feature", "geometry": {"type": "Point", "coordinates": [126.860069, 35.131711]}, "properties": {"addr": "서구 마재로 3", "cnt": 2}}, {"type": "Feature", "geometry": {"type": "Point", "coordinates": [126.860069, 35.131711]}, "properties": {"addr": "서구 마재로 3", "cnt": 1}}, {"type": "Feature", "geometry": {"type": "Point", "coordinates": [126.860171, 35.131222]}, "properties": {"addr": "서구 마재로 3", "cnt": 2}}, {"type": "Feature", "geometry": {"type": "Point", "coordinates": [126.860171, 35.131222]}, "properties": {"addr": "서구 마재로 3", "cnt": 1}}, {"type": "Feature", "geometry": {"type": "Point", "coordinates": [126.85663, 35.163069]}, "properties": {"addr": "서구 유촌동 869", "cnt": 2}}, {"type": "Feature", "geometry": {"type": "Point", "coordinates": [126.858049, 35.162986]}, "properties": {"addr": "서구 유촌동 869", "cnt": 3}}, {"type": "Feature", "geometry": {"type": "Point", "coordinates": [126.860141, 35.162701]}, "properties": {"addr": "서구 유촌동 869", "cnt": 3}}, {"type": "Feature", "geometry": {"type": "Point", "coordinates": [126.878914, 35.141902]}, "properties": {"addr": "서구 염화로134번길 18", "cnt": 4}}, {"type": "Feature", "geometry": {"type": "Point", "coordinates": [126.854586, 35.16198]}, "properties": {"addr": "서구 유촌동 840-2", "cnt": 2}}, {"type": "Feature", "geometry": {"type": "Point", "coordinates": [126.861257, 35.161572]}, "properties": {"addr": "서구 쌍촌동 1337-1", "cnt": 2}}, {"type": "Feature", "geometry": {"type": "Point", "coordinates": [126.863462, 35.161485]}, "properties": {"addr": "서구 상일로64번길 1", "cnt": 2}}, {"type": "Feature", "geometry": {"type": "Point", "coordinates": [126.885142, 35.122762]}, "properties": {"addr": "서구 풍암동 1065", "cnt": 2}}, {"type": "Feature", "geometry": {"type": "Point", "coordinates": [126.88533, 35.122615]}, "properties": {"addr": "서구 풍암동 1065", "cnt": 2}}, {"type": "Feature", "geometry": {"type": "Point", "coordinates": [126.851547, 35.156904]}, "properties": {"addr": "서구 내방로 102", "cnt": 3}}, {"type": "Feature", "geometry": {"type": "Point", "coordinates": [126.851722, 35.15531]}, "properties": {"addr": "서구 내방로 102", "cnt": 3}}, {"type": "Feature", "geometry": {"type": "Point", "coordinates": [126.90245, 35.178714]}, "properties": {"addr": "북구 반룡로41번길 1", "cnt": 2}}, {"type": "Feature", "geometry": {"type": "Point", "coordinates": [126.902203, 35.190499]}, "properties": {"addr": "북구 안산로 34", "cnt": 1}}, {"type": "Feature", "geometry": {"type": "Point", "coordinates": [126.921741, 35.179841]}, "properties": {"addr": "북구 중문로84번길 15", "cnt": 4}}, {"type": "Feature", "geometry": {"type": "Point", "coordinates": [126.915049, 35.187915]}, "properties": {"addr": "북구 송월로40번길 23", "cnt": 2}}, {"type": "Feature", "geometry": {"type": "Point", "coordinates": [126.915049, 35.187915]}, "properties": {"addr": "북구 송월로40번길 23", "cnt": 2}}, {"type": "Feature", "geometry": {"type": "Point", "coordinates": [126.872772, 35.198219]}, "properties": {"addr": "북구 양산신촌길 31-1", "cnt": 3}}, {"type": "Feature", "geometry": {"type": "Point", "coordinates": [126.872772, 35.198219]}, "properties": {"addr": "북구 양산신촌길 31-1", "cnt": 1}}, {"type": "Feature", "geometry": {"type": "Point", "coordinates": [126.89373, 35.181128]}, "properties": {"addr": "북구 저불로73번길 30-6", "cnt": 4}}, {"type": "Feature", "geometry": {"type": "Point", "coordinates": [126.893564, 35.189142]}, "properties": {"addr": "북구 중외길 27", "cnt": 3}}, {"type": "Feature", "geometry": {"type": "Point", "coordinates": [126.899363, 35.180284]}, "properties": {"addr": "북구 용봉동 1232-1", "cnt": 1}}, {"type": "Feature", "geometry": {"type": "Point", "coordinates": [126.899363, 35.180284]}, "properties": {"addr": "북구 용봉동 1232-1", "cnt": 1}}, {"type": "Feature", "geometry": {"type": "Point", "coordinates": [126.903864, 35.189046]}, "properties": {"addr": "북구 우치로275번길 29", "cnt": 3}}, {"type": "Feature", "geometry": {"type": "Point", "coordinates": [126.892735, 35.177491]}, "properties": {"addr": "북구 용봉동 1392-1", "cnt": 2}}, {"type": "Feature", "geometry": {"type": "Point", "coordinates": [126.858269, 35.210838]}, "properties": {"addr": "북구 신용동 658", "cnt": 2}}, {"type": "Feature", "geometry": {"type": "Point", "coordinates": [126.858269, 35.210838]}, "properties": {"addr": "북구 신용동 658", "cnt": 1}}, {"type": "Feature", "geometry": {"type": "Point", "coordinates": [126.927969, 35.179343]}, "properties": {"addr": "북구 두암동 564-1", "cnt": 2}}, {"type": "Feature", "geometry": {"type": "Point", "coordinates": [126.927969, 35.179343]}, "properties": {"addr": "북구 두암동 564-1", "cnt": 1}}, {"type": "Feature", "geometry": {"type": "Point", "coordinates": [126.91039, 35.188292]}, "properties": {"addr": "북구 오치동 934-1", "cnt": 3}}, {"type": "Feature", "geometry": {"type": "Point", "coordinates": [126.907685, 35.185692]}, "properties": {"addr": "북구 우치로228번길 32", "cnt": 3}}, {"type": "Feature", "geometry": {"type": "Point", "coordinates": [126.902594, 35.183086]}, "properties": {"addr": "북구 용봉동 1417-1", "cnt": 4}}, {"type": "Feature", "geometry": {"type": "Point", "coordinates": [126.896497, 35.183855]}, "properties": {"addr": "북구 문화소통로 22", "cnt": 3}}, {"type": "Feature", "geometry": {"type": "Point", "coordinates": [126.862058, 35.212473]}, "properties": {"addr": "북구 신용동 670", "cnt": 3}}, {"type": "Feature", "geometry": {"type": "Point", "coordinates": [126.928662, 35.162917]}, "properties": {"addr": "북구 군왕로 17", "cnt": 3}}, {"type": "Feature", "geometry": {"type": "Point", "coordinates": [126.858305, 35.213453]}, "properties": {"addr": "북구 신용동 649", "cnt": 4}}, {"type": "Feature", "geometry": {"type": "Point", "coordinates": [126.856497, 35.210227]}, "properties": {"addr": "북구 신용동 649", "cnt": 2}}, {"type": "Feature", "geometry": {"type": "Point", "coordinates": [126.87549, 35.180779]}, "properties": {"addr": "북구 운암동 산94", "cnt": 3}}, {"type": "Feature", "geometry": {"type": "Point", "coordinates": [126.935338, 35.121242]}, "properties": {"addr": "동구 소태길 31-12", "cnt": 4}}, {"type": "Feature", "geometry": {"type": "Point", "coordinates": [126.900681, 35.143103]}, "properties": {"addr": "남구 중앙로24번길 13", "cnt": 3}}, {"type": "Feature", "geometry": {"type": "Point", "coordinates": [126.900681, 35.143103]}, "properties": {"addr": "남구 중앙로24번길 13", "cnt": 2}}, {"type": "Feature", "geometry": {"type": "Point", "coordinates": [126.842641, 35.214884]}, "properties": {"addr": "광산구 월계로 117-32", "cnt": 2}}, {"type": "Feature", "geometry": {"type": "Point", "coordinates": [126.830005, 35.207985]}, "properties": {"addr": "광산구 상완길 233-8", "cnt": 1}}, {"type": "Feature", "geometry": {"type": "Point", "coordinates": [126.830005, 35.207985]}, "properties": {"addr": "광산구 상완길 233-8", "cnt": 1}}, {"type": "Feature", "geometry": {"type": "Point", "coordinates": [126.819805, 35.176362]}, "properties": {"addr": "광산구 목련로273번안길 109-1", "cnt": 2}}, {"type": "Feature", "geometry": {"type": "Point", "coordinates": [126.799728, 35.171525]}, "properties": {"addr": "광산구 목련로2번길 29-67", "cnt": 4}}, {"type": "Feature", "geometry": {"type": "Point", "coordinates": [126.771823, 35.153376]}, "properties": {"addr": "광산구 어등대로449번길 68-30", "cnt": 3}}, {"type": "Feature", "geometry": {"type": "Point", "coordinates": [126.775825, 35.154887]}, "properties": {"addr": "광산구 어등대로491번길 36", "cnt": 2}}, {"type": "Feature", "geometry": {"type": "Point", "coordinates": [126.81896, 35.223487]}, "properties": {"addr": "광산구 비아로135번길 22-2", "cnt": 4}}, {"type": "Feature", "geometry": {"type": "Point", "coordinates": [126.822015, 35.221366]}, "properties": {"addr": "광산구 비아안길 109", "cnt": 4}}, {"type": "Feature", "geometry": {"type": "Point", "coordinates": [126.813306, 35.191836]}, "properties": {"addr": "광산구 장신로19번안길 23-8", "cnt": 3}}, {"type": "Feature", "geometry": {"type": "Point", "coordinates": [126.856031, 35.185826]}, "properties": {"addr": "광산구 풍영정길 209", "cnt": 2}}, {"type": "Feature", "geometry": {"type": "Point", "coordinates": [126.80678, 35.174288]}, "properties": {"addr": "광산구 산정공원로 76-6", "cnt": 3}}, {"type": "Feature", "geometry": {"type": "Point", "coordinates": [126.797194, 35.19663]}, "properties": {"addr": "광산구 하남산단5번로 26", "cnt": 2}}, {"type": "Feature", "geometry": {"type": "Point", "coordinates": [126.814907, 35.155654]}, "properties": {"addr": "광산구 우산동 1039-1", "cnt": 3}}, {"type": "Feature", "geometry": {"type": "Point", "coordinates": [126.834518, 35.193973]}, "properties": {"addr": "광산구 신창동 1269", "cnt": 3}}, {"type": "Feature", "geometry": {"type": "Point", "coordinates": [126.817884, 35.196536]}, "properties": {"addr": "광산구 장덕동 1117", "cnt": 4}}, {"type": "Feature", "geometry": {"type": "Point", "coordinates": [126.811643, 35.189964]}, "properties": {"addr": "광산구 장덕동 1524", "cnt": 2}}, {"type": "Feature", "geometry": {"type": "Point", "coordinates": [126.81686, 35.18186]}, "properties": {"addr": "광산구 신가동 1305", "cnt": 3}}, {"type": "Feature", "geometry": {"type": "Point", "coordinates": [126.82281, 35.200668]}, "properties": {"addr": "광산구 왕버들로132번길 22", "cnt": 3}}, {"type": "Feature", "geometry": {"type": "Point", "coordinates": [126.824722, 35.198529]}, "properties": {"addr": "광산구 수완동 925", "cnt": 4}}, {"type": "Feature", "geometry": {"type": "Point", "coordinates": [126.802601, 35.178119]}, "properties": {"addr": "광산구 하남동 664", "cnt": 3}}, {"type": "Feature", "geometry": {"type": "Point", "coordinates": [126.801747, 35.174262]}, "properties": {"addr": "광산구 산정동 1058", "cnt": 3}}, {"type": "Feature", "geometry": {"type": "Point", "coordinates": [126.778481, 35.146514]}, "properties": {"addr": "광산구 선암동 542", "cnt": 4}}, {"type": "Feature", "geometry": {"type": "Point", "coordinates": [126.775927, 35.150124]}, "properties": {"addr": "광산구 선암동 550", "cnt": 3}}, {"type": "Feature", "geometry": {"type": "Point", "coordinates": [126.851957, 35.212607]}, "properties": {"addr": "광산구 첨단강변로 76", "cnt": 3}}, {"type": "Feature", "geometry": {"type": "Point", "coordinates": [126.85178, 35.209183]}, "properties": {"addr": "광산구 첨단강변로 76", "cnt": 3}}, {"type": "Feature", "geometry": {"type": "Point", "coordinates": [126.829319, 35.195435]}, "properties": {"addr": "광산구 수완로 117", "cnt": 3}}, {"type": "Feature", "geometry": {"type": "Point", "coordinates": [126.828622, 35.195569]}, "properties": {"addr": "광산구 수완로 117", "cnt": 3}}, {"type": "Feature", "geometry": {"type": "Point", "coordinates": [126.82734, 35.199949]}, "properties": {"addr": "광산구 수완동 919", "cnt": 3}}, {"type": "Feature", "geometry": {"type": "Point", "coordinates": [126.827173, 35.199719]}, "properties": {"addr": "광산구 수완동 919", "cnt": 2}}, {"type": "Feature", "geometry": {"type": "Point", "coordinates": [126.820571, 35.194479]}, "properties": {"addr": "광산구 장덕로96번길 15", "cnt": 4}}, {"type": "Feature", "geometry": {"type": "Point", "coordinates": [126.827304, 35.19333]}, "properties": {"addr": "광산구 수완동 974", "cnt": 3}}, {"type": "Feature", "geometry": {"type": "Point", "coordinates": [126.832145, 35.194162]}, "properties": {"addr": "광산구 수완동 1154", "cnt": 3}}, {"type": "Feature", "geometry": {"type": "Point", "coordinates": [126.822564, 35.188624]}, "properties": {"addr": "광산구 수완동 1411", "cnt": 4}}, {"type": "Feature", "geometry": {"type": "Point", "coordinates": [126.847485, 35.22063]}, "properties": {"addr": "광산구 쌍암동 690", "cnt": 4}}, {"type": "Feature", "geometry": {"type": "Point", "coordinates": [126.841454, 35.184945]}, "properties": {"addr": "광산구 수등로 296", "cnt": 2}}, {"type": "Feature", "geometry": {"type": "Point", "coordinates": [126.841454, 35.184945]}, "properties": {"addr": "광산구 수등로 296", "cnt": 1}}, {"type": "Feature", "geometry": {"type": "Point", "coordinates": [126.767852, 35.132046]}, "properties": {"addr": "광산구 평동산단로 286", "cnt": 4}}, {"type": "Feature", "geometry": {"type": "Point", "coordinates": [126.777102, 35.120327]}, "properties": {"addr": "광산구 월전로 11", "cnt": 3}}, {"type": "Feature", "geometry": {"type": "Point", "coordinates": [126.762902, 35.12545]}, "properties": {"addr": "광산구 평동로 825", "cnt": 4}}, {"type": "Feature", "geometry": {"type": "Point", "coordinates": [126.932463, 35.156068]}, "properties": {"addr": "동구 필문대로171번길 1-25", "cnt": 2}}, {"type": "Feature", "geometry": {"type": "Point", "coordinates": [126.900346, 35.152918]}, "properties": {"addr": "서구 구성로19번길 5", "cnt": 3}}, {"type": "Feature", "geometry": {"type": "Point", "coordinates": [126.837519, 35.166752]}, "properties": {"addr": "서구 덕흥동 454", "cnt": 2}}, {"type": "Feature", "geometry": {"type": "Point", "coordinates": [126.892928, 35.1359]}, "properties": {"addr": "남구 군분로33번길 16", "cnt": 4}}, {"type": "Feature", "geometry": {"type": "Point", "coordinates": [126.901493, 35.205019]}, "properties": {"addr": "북구 우치로422번길 32", "cnt": 2}}, {"type": "Feature", "geometry": {"type": "Point", "coordinates": [126.856617, 35.202109]}, "properties": {"addr": "북구 첨단연신로288번길 48", "cnt": 2}}, {"type": "Feature", "geometry": {"type": "Point", "coordinates": [126.856757, 35.200369]}, "properties": {"addr": "북구 북문대로272번길 96", "cnt": 2}}, {"type": "Feature", "geometry": {"type": "Point", "coordinates": [126.858618, 35.197826]}, "properties": {"addr": "북구 북문대로272번길 96", "cnt": 3}}, {"type": "Feature", "geometry": {"type": "Point", "coordinates": [126.808785, 35.155896]}, "properties": {"addr": "광산구 사암로130번길 14", "cnt": 4}}, {"type": "Feature", "geometry": {"type": "Point", "coordinates": [126.75652, 35.133617]}, "properties": {"addr": "광산구 평동산단2번로 69", "cnt": 4}}, {"type": "Feature", "geometry": {"type": "Point", "coordinates": [126.827598, 35.189651]}, "properties": {"addr": "광산구 수완로49번길 22", "cnt": 2}}, {"type": "Feature", "geometry": {"type": "Point", "coordinates": [126.682771, 35.128083]}, "properties": {"addr": "광산구 평동로 29", "cnt": 3}}, {"type": "Feature", "geometry": {"type": "Point", "coordinates": [126.927687, 35.155423]}, "properties": {"addr": "동구 산수동 401-123", "cnt": 3}}, {"type": "Feature", "geometry": {"type": "Point", "coordinates": [126.900113, 35.163801]}, "properties": {"addr": "북구 자동차로47번길 23", "cnt": 3}}, {"type": "Feature", "geometry": {"type": "Point", "coordinates": [126.885782, 35.166879]}, "properties": {"addr": "북구 천변우로 40", "cnt": 3}}, {"type": "Feature", "geometry": {"type": "Point", "coordinates": [126.886837, 35.172262]}, "properties": {"addr": "북구 서암대로18번길 12", "cnt": 4}}, {"type": "Feature", "geometry": {"type": "Point", "coordinates": [126.90195, 35.181241]}, "properties": {"addr": "북구 용주로34번길 9", "cnt": 3}}, {"type": "Feature", "geometry": {"type": "Point", "coordinates": [126.881555, 35.176551]}, "properties": {"addr": "북구 금호로120번길 19-10", "cnt": 3}}, {"type": "Feature", "geometry": {"type": "Point", "coordinates": [126.932273, 35.164775]}, "properties": {"addr": "북구 참판로 75", "cnt": 4}}, {"type": "Feature", "geometry": {"type": "Point", "coordinates": [126.863012, 35.186284]}, "properties": {"addr": "북구 북문대로249번길 37", "cnt": 3}}, {"type": "Feature", "geometry": {"type": "Point", "coordinates": [126.934021, 35.162313]}, "properties": {"addr": "북구 밤실로169번길 6", "cnt": 6}}, {"type": "Feature", "geometry": {"type": "Point", "coordinates": [126.933079, 35.16299]}, "properties": {"addr": "북구 밤실로181번길 21", "cnt": 3}}, {"type": "Feature", "geometry": {"type": "Point", "coordinates": [126.87077, 35.207396]}, "properties": {"addr": "북구 효열로 11", "cnt": 3}}, {"type": "Feature", "geometry": {"type": "Point", "coordinates": [126.894638, 35.170415]}, "properties": {"addr": "북구 서암대로100번길 17", "cnt": 3}}, {"type": "Feature", "geometry": {"type": "Point", "coordinates": [126.913445, 35.1778]}, "properties": {"addr": "북구 면앙로6번길 57", "cnt": 3}}, {"type": "Feature", "geometry": {"type": "Point", "coordinates": [126.874549, 35.178451]}, "properties": {"addr": "북구 북문대로103번길 32", "cnt": 3}}, {"type": "Feature", "geometry": {"type": "Point", "coordinates": [126.884724, 35.169963]}, "properties": {"addr": "북구 천변우로 11-1", "cnt": 2}}, {"type": "Feature", "geometry": {"type": "Point", "coordinates": [126.882912, 35.206104]}, "properties": {"addr": "북구 양지길2번길 47", "cnt": 4}}, {"type": "Feature", "geometry": {"type": "Point", "coordinates": [126.866281, 35.19245]}, "properties": {"addr": "북구 북문대로242번길 50", "cnt": 3}}, {"type": "Feature", "geometry": {"type": "Point", "coordinates": [126.931869, 35.166951]}, "properties": {"addr": "북구 군왕로61번길 9", "cnt": 4}}, {"type": "Feature", "geometry": {"type": "Point", "coordinates": [126.935059, 35.177554]}, "properties": {"addr": "북구 참판로 225", "cnt": 3}}, {"type": "Feature", "geometry": {"type": "Point", "coordinates": [126.885406, 35.172056]}, "properties": {"addr": "북구 운신북길 217", "cnt": 5}}, {"type": "Feature", "geometry": {"type": "Point", "coordinates": [126.931396, 35.165703]}, "properties": {"addr": "북구 군왕로45번길 10", "cnt": 2}}, {"type": "Feature", "geometry": {"type": "Point", "coordinates": [126.924013, 35.166947]}, "properties": {"addr": "북구 두방길26번길 1", "cnt": 2}}, {"type": "Feature", "geometry": {"type": "Point", "coordinates": [126.891938, 35.188244]}, "properties": {"addr": "북구 중외길 14", "cnt": 3}}, {"type": "Feature", "geometry": {"type": "Point", "coordinates": [126.933472, 35.167654]}, "properties": {"addr": "북구 참판로 112", "cnt": 3}}, {"type": "Feature", "geometry": {"type": "Point", "coordinates": [126.916851, 35.192989]}, "properties": {"addr": "북구 서하로315번길 126", "cnt": 3}}, {"type": "Feature", "geometry": {"type": "Point", "coordinates": [126.922976, 35.179912]}, "properties": {"addr": "북구 중문로84번길 37-15", "cnt": 3}}, {"type": "Feature", "geometry": {"type": "Point", "coordinates": [126.907926, 35.168866]}, "properties": {"addr": "북구 우치로1번길 24-6", "cnt": 2}}, {"type": "Feature", "geometry": {"type": "Point", "coordinates": [126.908473, 35.170345]}, "properties": {"addr": "북구 우치로27번길 45-7", "cnt": 2}}, {"type": "Feature", "geometry": {"type": "Point", "coordinates": [126.920404, 35.244879]}, "properties": {"addr": "북구 수곡마을로 17", "cnt": 3}}, {"type": "Feature", "geometry": {"type": "Point", "coordinates": [126.774449, 35.193041]}, "properties": {"addr": "광산구 고룡동 372-1", "cnt": 3}}, {"type": "Feature", "geometry": {"type": "Point", "coordinates": [126.725691, 35.223628]}, "properties": {"addr": "광산구 오산동 732-3", "cnt": 4}}, {"type": "Feature", "geometry": {"type": "Point", "coordinates": [126.785843, 35.109826]}, "properties": {"addr": "광산구 복룡동 47", "cnt": 2}}, {"type": "Feature", "geometry": {"type": "Point", "coordinates": [126.762363, 35.098855]}, "properties": {"addr": "광산구 하산동 687-2", "cnt": 3}}, {"type": "Feature", "geometry": {"type": "Point", "coordinates": [126.715722, 35.130822]}, "properties": {"addr": "광산구 지정동 461-4", "cnt": 3}}, {"type": "Feature", "geometry": {"type": "Point", "coordinates": [126.749042, 35.114641]}, "properties": {"addr": "광산구 평동금곡길 2", "cnt": 3}}, {"type": "Feature", "geometry": {"type": "Point", "coordinates": [126.672621, 35.153851]}, "properties": {"addr": "광산구 삼거동 315-1", "cnt": 2}}, {"type": "Feature", "geometry": {"type": "Point", "coordinates": [126.730268, 35.153796]}, "properties": {"addr": "광산구 삼도로 652", "cnt": 3}}, {"type": "Feature", "geometry": {"type": "Point", "coordinates": [126.749359, 35.197192]}, "properties": {"addr": "광산구 선동 677-1", "cnt": 2}}, {"type": "Feature", "geometry": {"type": "Point", "coordinates": [126.726605, 35.172304]}, "properties": {"addr": "광산구 남산동 494-3", "cnt": 4}}, {"type": "Feature", "geometry": {"type": "Point", "coordinates": [126.813327, 35.176222]}, "properties": {"addr": "광산구 운남동 783-1", "cnt": 4}}, {"type": "Feature", "geometry": {"type": "Point", "coordinates": [126.813468, 35.175122]}, "properties": {"addr": "광산구 목련로153번안길 51", "cnt": 3}}, {"type": "Feature", "geometry": {"type": "Point", "coordinates": [126.899919, 35.152441]}, "properties": {"addr": "서구 구성로 21-1", "cnt": 3}}, {"type": "Feature", "geometry": {"type": "Point", "coordinates": [126.901116, 35.152366]}, "properties": {"addr": "남구 구성로 32", "cnt": 2}}, {"type": "Feature", "geometry": {"type": "Point", "coordinates": [126.901557, 35.152563]}, "properties": {"addr": "서구 구성로33번길 3", "cnt": 2}}, {"type": "Feature", "geometry": {"type": "Point", "coordinates": [126.902556, 35.150453]}, "properties": {"addr": "서구 구성로 57", "cnt": 3}}, {"type": "Feature", "geometry": {"type": "Point", "coordinates": [126.903095, 35.149639]}, "properties": {"addr": "서구 구성로 67", "cnt": 2}}, {"type": "Feature", "geometry": {"type": "Point", "coordinates": [126.749012, 35.114642]}, "properties": {"addr": "서구 독립로185번길 11-1", "cnt": 3}}, {"type": "Feature", "geometry": {"type": "Point", "coordinates": [126.891366, 35.153662]}, "properties": {"addr": "서구 농성동 67-3", "cnt": 4}}, {"type": "Feature", "geometry": {"type": "Point", "coordinates": [126.891403, 35.154305]}, "properties": {"addr": "서구 농성동 67 앞", "cnt": 3}}, {"type": "Feature", "geometry": {"type": "Point", "coordinates": [126.892536, 35.153159]}, "properties": {"addr": "서구 월산로173번길 19-1", "cnt": 3}}, {"type": "Feature", "geometry": {"type": "Point", "coordinates": [126.892421, 35.154084]}, "properties": {"addr": "서구 농성동 80-48", "cnt": 2}}, {"type": "Feature", "geometry": {"type": "Point", "coordinates": [126.893844, 35.153133]}, "properties": {"addr": "서구 농성동 100-5", "cnt": 3}}, {"type": "Feature", "geometry": {"type": "Point", "coordinates": [126.892983, 35.152421]}, "properties": {"addr": "서구 농성동 121-5", "cnt": 2}}, {"type": "Feature", "geometry": {"type": "Point", "coordinates": [126.892163, 35.152812]}, "properties": {"addr": "서구 경열로45번길 20", "cnt": 3}}, {"type": "Feature", "geometry": {"type": "Point", "coordinates": [126.926032, 35.117523]}, "properties": {"addr": "동구 용산동 683", "cnt": 4}}, {"type": "Feature", "geometry": {"type": "Point", "coordinates": [126.92336, 35.117865]}, "properties": {"addr": "동구 용산동 670", "cnt": 3}}, {"type": "Feature", "geometry": {"type": "Point", "coordinates": [126.926736, 35.120218]}, "properties": {"addr": "동구 용산동 77-1", "cnt": 2}}, {"type": "Feature", "geometry": {"type": "Point", "coordinates": [126.928428, 35.117293]}, "properties": {"addr": "동구 용산동 715", "cnt": 2}}, {"type": "Feature", "geometry": {"type": "Point", "coordinates": [126.876962, 35.100183]}, "properties": {"addr": "남구 임암동 955", "cnt": 2}}, {"type": "Feature", "geometry": {"type": "Point", "coordinates": [126.915046, 35.184264]}, "properties": {"addr": "북구 대천로 86", "cnt": 4}}, {"type": "Feature", "geometry": {"type": "Point", "coordinates": [126.920019, 35.176308]}, "properties": {"addr": "북구 우산동 149", "cnt": 4}}, {"type": "Feature", "geometry": {"type": "Point", "coordinates": [126.899992, 35.139536]}, "properties": {"addr": "남구 백산길 13-8", "cnt": 3}}, {"type": "Feature", "geometry": {"type": "Point", "coordinates": [126.899992, 35.139536]}, "properties": {"addr": "남구 백산길 13-8", "cnt": 2}}, {"type": "Feature", "geometry": {"type": "Point", "coordinates": [126.900193, 35.139762]}, "properties": {"addr": "남구 백산길 9", "cnt": 2}}, {"type": "Feature", "geometry": {"type": "Point", "coordinates": [126.900456, 35.139962]}, "properties": {"addr": "남구 백산길 3", "cnt": 4}}, {"type": "Feature", "geometry": {"type": "Point", "coordinates": [126.915964, 35.140161]}, "properties": {"addr": "남구 오기원길 28", "cnt": 2}}, {"type": "Feature", "geometry": {"type": "Point", "coordinates": [126.916562, 35.140188]}, "properties": {"addr": "남구 백서로 92-13", "cnt": 3}}, {"type": "Feature", "geometry": {"type": "Point", "coordinates": [126.894283, 35.145372]}, "properties": {"addr": "남구 대남대로350번길 34", "cnt": 3}}, {"type": "Feature", "geometry": {"type": "Point", "coordinates": [126.871348, 35.195212]}, "properties": {"addr": "북구 연제동 47-4", "cnt": 4}}, {"type": "Feature", "geometry": {"type": "Point", "coordinates": [126.829443, 35.088553]}, "properties": {"addr": "남구 도시첨단산업2로 28", "cnt": 3}}, {"type": "Feature", "geometry": {"type": "Point", "coordinates": [126.831575, 35.086591]}, "properties": {"addr": "남구 압촌동 400-2", "cnt": 3}}, {"type": "Feature", "geometry": {"type": "Point", "coordinates": [126.831423, 35.087853]}, "properties": {"addr": "남구 압촌동 400-8", "cnt": 3}}, {"type": "Feature", "geometry": {"type": "Point", "coordinates": [126.829435, 35.089663]}, "properties": {"addr": "남구 압촌동 409-1", "cnt": 3}}, {"type": "Feature", "geometry": {"type": "Point", "coordinates": [126.832677, 35.087434]}, "properties": {"addr": "남구 압촌동 400-2", "cnt": 3}}, {"type": "Feature", "geometry": {"type": "Point", "coordinates": [126.915566, 35.174259]}, "properties": {"addr": "북구 중문로9번길 52", "cnt": 4}}, {"type": "Feature", "geometry": {"type": "Point", "coordinates": [126.911702, 35.157297]}, "properties": {"addr": "북구 제봉로 255", "cnt": 3}}, {"type": "Feature", "geometry": {"type": "Point", "coordinates": [126.911114, 35.157179]}, "properties": {"addr": "북구 금재로75번길 22", "cnt": 2}}, {"type": "Feature", "geometry": {"type": "Point", "coordinates": [126.911323, 35.168717]}, "properties": {"addr": "북구 서양로 94-4", "cnt": 2}}, {"type": "Feature", "geometry": {"type": "Point", "coordinates": [126.904977, 35.15862]}, "properties": {"addr": "북구 경열로211번길 22", "cnt": 2}}, {"type": "Feature", "geometry": {"type": "Point", "coordinates": [126.894475, 35.169702]}, "properties": {"addr": "북구 자산로15번길 17", "cnt": 3}}, {"type": "Feature", "geometry": {"type": "Point", "coordinates": [126.919314, 35.17627]}, "properties": {"addr": "북구 중문로 39", "cnt": 2}}, {"type": "Feature", "geometry": {"type": "Point", "coordinates": [126.925711, 35.178202]}, "properties": {"addr": "북구 동문대로167번길 51", "cnt": 4}}, {"type": "Feature", "geometry": {"type": "Point", "coordinates": [126.91568, 35.179344]}, "properties": {"addr": "북구 호동로79번길 41", "cnt": 3}}, {"type": "Feature", "geometry": {"type": "Point", "coordinates": [126.91568, 35.179344]}, "properties": {"addr": "북구 호동로79번길 41", "cnt": 1}}, {"type": "Feature", "geometry": {"type": "Point", "coordinates": [126.939458, 35.167707]}, "properties": {"addr": "북구 두암동 98-15", "cnt": 3}}, {"type": "Feature", "geometry": {"type": "Point", "coordinates": [126.930705, 35.171561]}, "properties": {"addr": "북구 서방로159번길 61", "cnt": 4}}, {"type": "Feature", "geometry": {"type": "Point", "coordinates": [126.986388, 35.181995]}, "properties": {"addr": "북구 덕의동 269-13", "cnt": 3}}, {"type": "Feature", "geometry": {"type": "Point", "coordinates": [126.907457, 35.188784]}, "properties": {"addr": "북구 오산정길19번길 23", "cnt": 4}}, {"type": "Feature", "geometry": {"type": "Point", "coordinates": [126.910655, 35.187699]}, "properties": {"addr": "북구 서하로273번길 16", "cnt": 2}}, {"type": "Feature", "geometry": {"type": "Point", "coordinates": [126.913208, 35.174109]}, "properties": {"addr": "북구 호동로 4-8", "cnt": 2}}, {"type": "Feature", "geometry": {"type": "Point", "coordinates": [126.888103, 35.181889]}, "properties": {"addr": "북구 용봉동 1052", "cnt": 2}}, {"type": "Feature", "geometry": {"type": "Point", "coordinates": [126.882872, 35.173136]}, "properties": {"addr": "북구 대자로 95", "cnt": 2}}, {"type": "Feature", "geometry": {"type": "Point", "coordinates": [126.86951, 35.18187]}, "properties": {"addr": "북구 북문대로159번길 50", "cnt": 3}}, {"type": "Feature", "geometry": {"type": "Point", "coordinates": [126.873586, 35.182777]}, "properties": {"addr": "북구 북문대로150번길 11", "cnt": 3}}, {"type": "Feature", "geometry": {"type": "Point", "coordinates": [126.862535, 35.174911]}, "properties": {"addr": "북구 죽림마을길1번길 1", "cnt": 3}}, {"type": "Feature", "geometry": {"type": "Point", "coordinates": [126.904567, 35.189461]}, "properties": {"addr": "북구 우치로275번길 16", "cnt": 3}}, {"type": "Feature", "geometry": {"type": "Point", "coordinates": [127.002807, 35.183721]}, "properties": {"addr": "북구 충효샘길 28-1", "cnt": 3}}, {"type": "Feature", "geometry": {"type": "Point", "coordinates": [126.895368, 35.227935]}, "properties": {"addr": "북구 지내마을길 34", "cnt": 3}}, {"type": "Feature", "geometry": {"type": "Point", "coordinates": [126.875827, 35.210452]}, "properties": {"addr": "북구 양산택지로37번길 34", "cnt": 4}}, {"type": "Feature", "geometry": {"type": "Point", "coordinates": [126.912452, 35.153922]}, "properties": {"addr": "북구 문산로 4", "cnt": 4}}, {"type": "Feature", "geometry": {"type": "Point", "coordinates": [126.85622, 35.160782]}, "properties": {"addr": "서구 계수로51번길 6", "cnt": 3}}, {"type": "Feature", "geometry": {"type": "Point", "coordinates": [126.858652, 35.16069]}, "properties": {"addr": "서구 계수로73번길 4-1", "cnt": 3}}, {"type": "Feature", "geometry": {"type": "Point", "coordinates": [126.859776, 35.158485]}, "properties": {"addr": "서구 상무오월로3번길 32-3", "cnt": 3}}, {"type": "Feature", "geometry": {"type": "Point", "coordinates": [126.861556, 35.155495]}, "properties": {"addr": "서구 상무오월로 21", "cnt": 4}}, {"type": "Feature", "geometry": {"type": "Point", "coordinates": [126.866199, 35.155906]}, "properties": {"addr": "서구 쌍촌동 171-74", "cnt": 2}}, {"type": "Feature", "geometry": {"type": "Point", "coordinates": [126.866199, 35.155906]}, "properties": {"addr": "서구 상무오월로38번길 35-12", "cnt": 3}}, {"type": "Feature", "geometry": {"type": "Point", "coordinates": [126.856695, 35.151505]}, "properties": {"addr": "서구 상무대로867번길 12", "cnt": 4}}, {"type": "Feature", "geometry": {"type": "Point", "coordinates": [126.775003, 35.146996]}, "properties": {"addr": "광산구 선운로20번길 40", "cnt": 3}}, {"type": "Feature", "geometry": {"type": "Point", "coordinates": [126.77183, 35.147742]}, "properties": {"addr": "광산구 선운로20번길 10", "cnt": 4}}, {"type": "Feature", "geometry": {"type": "Point", "coordinates": [126.921992, 35.11716]}, "properties": {"addr": "동구 화산로 225", "cnt": 1}}, {"type": "Feature", "geometry": {"type": "Point", "coordinates": [126.887768, 35.172916]}, "properties": {"addr": "북구 서암대로 27", "cnt": 2}}, {"type": "Feature", "geometry": {"type": "Point", "coordinates": [126.896007, 35.18412]}, "properties": {"addr": "북구 용봉동 950-13", "cnt": 2}}, {"type": "Feature", "geometry": {"type": "Point", "coordinates": [126.844635, 35.17602]}, "properties": {"addr": "북구 하남대로 467", "cnt": 2}}, {"type": "Feature", "geometry": {"type": "Point", "coordinates": [126.79549, 35.219486]}, "properties": {"addr": "광산구 안청동 698-5", "cnt": 1}}, {"type": "Feature", "geometry": {"type": "Point", "coordinates": [126.730389, 35.236594]}, "properties": {"addr": "광산구 오산동 307-11", "cnt": 2}}, {"type": "Feature", "geometry": {"type": "Point", "coordinates": [126.844479, 35.175591]}, "properties": {"addr": "서구 하남대로 468 ", "cnt": 2}}, {"type": "Feature", "geometry": {"type": "Point", "coordinates": [126.798216, 35.183867]}, "properties": {"addr": "광산구 하남동 1157 ", "cnt": 4}}, {"type": "Feature", "geometry": {"type": "Point", "coordinates": [126.798277, 35.183389]}, "properties": {"addr": "광산구 하남동 1157 ", "cnt": 3}}, {"type": "Feature", "geometry": {"type": "Point", "coordinates": [126.8754, 35.10446]}, "properties": {"addr": "남구 효천3로 110", "cnt": 3}}, {"type": "Feature", "geometry": {"type": "Point", "coordinates": [126.913862, 35.162368]}, "properties": {"addr": "북구 독립로349번길 17", "cnt": 3}}, {"type": "Feature", "geometry": {"type": "Point", "coordinates": [126.911003, 35.16255]}, "properties": {"addr": "북구 중흥로 153-14", "cnt": 2}}, {"type": "Feature", "geometry": {"type": "Point", "coordinates": [126.913944, 35.161491]}, "properties": {"addr": "북구 중흥로183번길 8", "cnt": 3}}, {"type": "Feature", "geometry": {"type": "Point", "coordinates": [126.905279, 35.152594]}, "properties": {"addr": "서구 천변좌로 268", "cnt": 3}}, {"type": "Feature", "geometry": {"type": "Point", "coordinates": [126.939598, 35.146146]}, "properties": {"addr": "동구 지호로86번길 24 앞", "cnt": 3}}, {"type": "Feature", "geometry": {"type": "Point", "coordinates": [126.939598, 35.146146]}, "properties": {"addr": "동구 지호로86번길 24 앞", "cnt": 1}}, {"type": "Feature", "geometry": {"type": "Point", "coordinates": [126.92465, 35.15061]}, "properties": {"addr": "동구 동명로20번길 9", "cnt": 3}}, {"type": "Feature", "geometry": {"type": "Point", "coordinates": [126.92465, 35.15061]}, "properties": {"addr": "동구 동명로20번길 9", "cnt": 1}}, {"type": "Feature", "geometry": {"type": "Point", "coordinates": [126.935083, 35.147261]}, "properties": {"addr": "동구 지산동 185-11 앞", "cnt": 1}}, {"type": "Feature", "geometry": {"type": "Point", "coordinates": [126.935083, 35.147261]}, "properties": {"addr": "동구 지산동 185-11 앞", "cnt": 1}}, {"type": "Feature", "geometry": {"type": "Point", "coordinates": [126.926929, 35.150289]}, "properties": {"addr": "동구 동명동 68-45", "cnt": 2}}, {"type": "Feature", "geometry": {"type": "Point", "coordinates": [126.926929, 35.150289]}, "properties": {"addr": "동구 동명동 68-45", "cnt": 1}}, {"type": "Feature", "geometry": {"type": "Point", "coordinates": [126.931822, 35.149079]}, "properties": {"addr": "동구 지산로57번길 12", "cnt": 1}}, {"type": "Feature", "geometry": {"type": "Point", "coordinates": [126.931822, 35.149079]}, "properties": {"addr": "동구 지산로57번길 12", "cnt": 2}}, {"type": "Feature", "geometry": {"type": "Point", "coordinates": [126.934745, 35.128843]}, "properties": {"addr": "동구 학소로86번안길 10-14", "cnt": 1}}, {"type": "Feature", "geometry": {"type": "Point", "coordinates": [126.934745, 35.128843]}, "properties": {"addr": "동구 학소로86번안길 10-14", "cnt": 1}}, {"type": "Feature", "geometry": {"type": "Point", "coordinates": [126.913692, 35.146564]}, "properties": {"addr": "동구 천변우로 393-28", "cnt": 2}}, {"type": "Feature", "geometry": {"type": "Point", "coordinates": [126.913692, 35.146564]}, "properties": {"addr": "동구 천변우로 393-28", "cnt": 1}}, {"type": "Feature", "geometry": {"type": "Point", "coordinates": [126.834175, 35.13952]}, "properties": {"addr": "서구 월암길 28 인근 정자 앞", "cnt": 1}}, {"type": "Feature", "geometry": {"type": "Point", "coordinates": [126.834175, 35.13952]}, "properties": {"addr": "서구 월암길 28 인근 정자 앞", "cnt": 1}}, {"type": "Feature", "geometry": {"type": "Point", "coordinates": [126.886716, 35.151606]}, "properties": {"addr": "서구 대남대로462번길 7", "cnt": 1}}, {"type": "Feature", "geometry": {"type": "Point", "coordinates": [126.886716, 35.151606]}, "properties": {"addr": "서구 대남대로462번길 7", "cnt": 1}}, {"type": "Feature", "geometry": {"type": "Point", "coordinates": [126.871659, 35.142779]}, "properties": {"addr": "서구 염화로83번길 25-7", "cnt": 2}}, {"type": "Feature", "geometry": {"type": "Point", "coordinates": [126.871659, 35.142779]}, "properties": {"addr": "서구 염화로83번길 25-7", "cnt": 1}}, {"type": "Feature", "geometry": {"type": "Point", "coordinates": [126.859708, 35.122444]}, "properties": {"addr": "서구 화개중앙로 13", "cnt": 2}}, {"type": "Feature", "geometry": {"type": "Point", "coordinates": [126.859708, 35.122444]}, "properties": {"addr": "서구 화개중앙로 13", "cnt": 1}}, {"type": "Feature", "geometry": {"type": "Point", "coordinates": [126.865951, 35.145194]}, "properties": {"addr": "서구 쌍학로8번길 11 인근", "cnt": 2}}, {"type": "Feature", "geometry": {"type": "Point", "coordinates": [126.865951, 35.145194]}, "properties": {"addr": "서구 쌍학로8번길 11 인근", "cnt": 1}}, {"type": "Feature", "geometry": {"type": "Point", "coordinates": [126.861216, 35.149598]}, "properties": {"addr": "서구 쌍촌동 984-52", "cnt": 1}}, {"type": "Feature", "geometry": {"type": "Point", "coordinates": [126.861216, 35.149598]}, "properties": {"addr": "서구 쌍촌동 984-52", "cnt": 1}}, {"type": "Feature", "geometry": {"type": "Point", "coordinates": [126.855165, 35.134153]}, "properties": {"addr": "서구 금화로59번길 17", "cnt": 2}}, {"type": "Feature", "geometry": {"type": "Point", "coordinates": [126.855165, 35.134153]}, "properties": {"addr": "서구 금화로59번길 17", "cnt": 1}}, {"type": "Feature", "geometry": {"type": "Point", "coordinates": [126.854934, 35.134096]}, "properties": {"addr": "서구 금화로59번길 17", "cnt": 1}}, {"type": "Feature", "geometry": {"type": "Point", "coordinates": [126.85241, 35.142257]}, "properties": {"addr": "서구 백석길 28", "cnt": 1}}, {"type": "Feature", "geometry": {"type": "Point", "coordinates": [126.85241, 35.142257]}, "properties": {"addr": "서구 백석길 28", "cnt": 1}}, {"type": "Feature", "geometry": {"type": "Point", "coordinates": [126.882294, 35.164001]}, "properties": {"addr": "서구 광천1길 8", "cnt": 2}}, {"type": "Feature", "geometry": {"type": "Point", "coordinates": [126.882294, 35.164001]}, "properties": {"addr": "서구 광천1길 8", "cnt": 1}}, {"type": "Feature", "geometry": {"type": "Point", "coordinates": [126.874773, 35.156177]}, "properties": {"addr": "서구 화운로193번길 22", "cnt": 2}}, {"type": "Feature", "geometry": {"type": "Point", "coordinates": [126.874773, 35.156177]}, "properties": {"addr": "서구 화운로193번길 22", "cnt": 1}}, {"type": "Feature", "geometry": {"type": "Point", "coordinates": [126.894187, 35.135508]}, "properties": {"addr": "남구 군분로23번길 6 앞", "cnt": 2}}, {"type": "Feature", "geometry": {"type": "Point", "coordinates": [126.894187, 35.135508]}, "properties": {"addr": "남구 군분로23번길 6 앞", "cnt": 1}}, {"type": "Feature", "geometry": {"type": "Point", "coordinates": [126.892716, 35.136833]}, "properties": {"addr": "남구 봉주길 12", "cnt": 2}}, {"type": "Feature", "geometry": {"type": "Point", "coordinates": [126.892716, 35.136833]}, "properties": {"addr": "남구 봉주길 12", "cnt": 1}}, {"type": "Feature", "geometry": {"type": "Point", "coordinates": [126.892716, 35.136833]}, "properties": {"addr": "남구 봉주길 12", "cnt": 1}}, {"type": "Feature", "geometry": {"type": "Point", "coordinates": [126.889106, 35.146127]}, "properties": {"addr": "남구 금화로421번길 30", "cnt": 3}}, {"type": "Feature", "geometry": {"type": "Point", "coordinates": [126.889106, 35.146127]}, "properties": {"addr": "남구 금화로421번길 30", "cnt": 1}}, {"type": "Feature", "geometry": {"type": "Point", "coordinates": [126.887376, 35.147582]}, "properties": {"addr": "남구 대남대로419번길 9", "cnt": 3}}, {"type": "Feature", "geometry": {"type": "Point", "coordinates": [126.887376, 35.147582]}, "properties": {"addr": "남구 대남대로419번길 9", "cnt": 1}}, {"type": "Feature", "geometry": {"type": "Point", "coordinates": [126.914563, 35.126398]}, "properties": {"addr": "남구 유안초등북길 3-12(삼거리)", "cnt": 2}}, {"type": "Feature", "geometry": {"type": "Point", "coordinates": [126.914563, 35.126398]}, "properties": {"addr": "남구 유안초등북길 3-12(삼거리)", "cnt": 1}}, {"type": "Feature", "geometry": {"type": "Point", "coordinates": [126.915894, 35.132956]}, "properties": {"addr": "남구 대남대로85번길 15", "cnt": 2}}, {"type": "Feature", "geometry": {"type": "Point", "coordinates": [126.915894, 35.132956]}, "properties": {"addr": "남구 대남대로85번길 15", "cnt": 1}}, {"type": "Feature", "geometry": {"type": "Point", "coordinates": [126.915894, 35.132956]}, "properties": {"addr": "남구 대남대로85번길 15", "cnt": 1}}, {"type": "Feature", "geometry": {"type": "Point", "coordinates": [126.911982, 35.127335]}, "properties": {"addr": "남구 봉선1로62번길 8(삼거리)", "cnt": 1}}, {"type": "Feature", "geometry": {"type": "Point", "coordinates": [126.911982, 35.127335]}, "properties": {"addr": "남구 봉선1로62번길 8(삼거리)", "cnt": 1}}, {"type": "Feature", "geometry": {"type": "Point", "coordinates": [126.911982, 35.127335]}, "properties": {"addr": "남구 봉선1로62번길 8(삼거리)", "cnt": 1}}, {"type": "Feature", "geometry": {"type": "Point", "coordinates": [126.89409, 35.127829]}, "properties": {"addr": "남구 서문대로749번라길 26", "cnt": 1}}, {"type": "Feature", "geometry": {"type": "Point", "coordinates": [126.89409, 35.127829]}, "properties": {"addr": "남구 서문대로749번라길 26", "cnt": 1}}, {"type": "Feature", "geometry": {"type": "Point", "coordinates": [126.928088, 35.171392]}, "properties": {"addr": "북구 동문대로110번길 63", "cnt": 3}}, {"type": "Feature", "geometry": {"type": "Point", "coordinates": [126.928088, 35.171392]}, "properties": {"addr": "북구 동문대로110번길 63", "cnt": 1}}, {"type": "Feature", "geometry": {"type": "Point", "coordinates": [126.900451, 35.170942]}, "properties": {"addr": "북구 서암대로143번길 23", "cnt": 1}}, {"type": "Feature", "geometry": {"type": "Point", "coordinates": [126.900451, 35.170942]}, "properties": {"addr": "북구 서암대로143번길 23", "cnt": 1}}, {"type": "Feature", "geometry": {"type": "Point", "coordinates": [126.914633, 35.178346]}, "properties": {"addr": "북구 호동로15번길 72-2", "cnt": 1}}, {"type": "Feature", "geometry": {"type": "Point", "coordinates": [126.914633, 35.178346]}, "properties": {"addr": "북구 호동로15번길 72-2", "cnt": 1}}, {"type": "Feature", "geometry": {"type": "Point", "coordinates": [126.915784, 35.176594]}, "properties": {"addr": "북구 면앙로32번길 67", "cnt": 1}}, {"type": "Feature", "geometry": {"type": "Point", "coordinates": [126.915784, 35.176594]}, "properties": {"addr": "북구 면앙로32번길 67", "cnt": 1}}, {"type": "Feature", "geometry": {"type": "Point", "coordinates": [126.915779, 35.176325]}, "properties": {"addr": "북구 면앙로32번길 73", "cnt": 2}}, {"type": "Feature", "geometry": {"type": "Point", "coordinates": [126.915779, 35.176325]}, "properties": {"addr": "북구 면앙로32번길 73", "cnt": 1}}, {"type": "Feature", "geometry": {"type": "Point", "coordinates": [126.873703, 35.177094]}, "properties": {"addr": "북구 서강로66번길 42", "cnt": 3}}, {"type": "Feature", "geometry": {"type": "Point", "coordinates": [126.873703, 35.177094]}, "properties": {"addr": "북구 서강로66번길 42", "cnt": 1}}, {"type": "Feature", "geometry": {"type": "Point", "coordinates": [126.913598, 35.189558]}, "properties": {"addr": "북구 송월로 64-1", "cnt": 2}}, {"type": "Feature", "geometry": {"type": "Point", "coordinates": [126.913598, 35.189558]}, "properties": {"addr": "북구 송월로 64-1", "cnt": 1}}, {"type": "Feature", "geometry": {"type": "Point", "coordinates": [126.915808, 35.169625]}, "properties": {"addr": "북구 효죽로 10", "cnt": 1}}, {"type": "Feature", "geometry": {"type": "Point", "coordinates": [126.915808, 35.169625]}, "properties": {"addr": "북구 효죽로 10", "cnt": 1}}, {"type": "Feature", "geometry": {"type": "Point", "coordinates": [126.915808, 35.169625]}, "properties": {"addr": "북구 효죽로 10", "cnt": 1}}, {"type": "Feature", "geometry": {"type": "Point", "coordinates": [126.87252, 35.184352]}, "properties": {"addr": "북구 서강로131번길 53", "cnt": 2}}, {"type": "Feature", "geometry": {"type": "Point", "coordinates": [126.87252, 35.184352]}, "properties": {"addr": "북구 서강로131번길 53", "cnt": 1}}, {"type": "Feature", "geometry": {"type": "Point", "coordinates": [126.903133, 35.169638]}, "properties": {"addr": "북구 자미로39번길 7", "cnt": 1}}, {"type": "Feature", "geometry": {"type": "Point", "coordinates": [126.903133, 35.169638]}, "properties": {"addr": "북구 자미로39번길 7", "cnt": 1}}, {"type": "Feature", "geometry": {"type": "Point", "coordinates": [126.912332, 35.168034]}, "properties": {"addr": "북구 당뫼로13번길 24", "cnt": 3}}, {"type": "Feature", "geometry": {"type": "Point", "coordinates": [126.912332, 35.168034]}, "properties": {"addr": "북구 당뫼로13번길 24", "cnt": 1}}, {"type": "Feature", "geometry": {"type": "Point", "coordinates": [126.9264, 35.176796]}, "properties": {"addr": "북구 면앙로 130", "cnt": 2}}, {"type": "Feature", "geometry": {"type": "Point", "coordinates": [126.9264, 35.176796]}, "properties": {"addr": "북구 면앙로 130", "cnt": 1}}, {"type": "Feature", "geometry": {"type": "Point", "coordinates": [126.89927, 35.206042]}, "properties": {"addr": "북구 송해로 84", "cnt": 2}}, {"type": "Feature", "geometry": {"type": "Point", "coordinates": [126.89927, 35.206042]}, "properties": {"addr": "북구 송해로 84", "cnt": 1}}, {"type": "Feature", "geometry": {"type": "Point", "coordinates": [126.89927, 35.206042]}, "properties": {"addr": "북구 송해로 84", "cnt": 1}}, {"type": "Feature", "geometry": {"type": "Point", "coordinates": [126.954077, 35.202202]}, "properties": {"addr": "북구 석곡로 475-4", "cnt": 2}}, {"type": "Feature", "geometry": {"type": "Point", "coordinates": [126.954077, 35.202202]}, "properties": {"addr": "북구 석곡로 475-4", "cnt": 1}}, {"type": "Feature", "geometry": {"type": "Point", "coordinates": [126.803058, 35.169308]}, "properties": {"addr": "광산구 산정동 995", "cnt": 2}}, {"type": "Feature", "geometry": {"type": "Point", "coordinates": [126.803058, 35.169308]}, "properties": {"addr": "광산구 산정동 995", "cnt": 1}}, {"type": "Feature", "geometry": {"type": "Point", "coordinates": [126.803219, 35.170059]}, "properties": {"addr": "광산구 산정로37번길 7", "cnt": 2}}, {"type": "Feature", "geometry": {"type": "Point", "coordinates": [126.803219, 35.170059]}, "properties": {"addr": "광산구 산정로37번길 7", "cnt": 1}}, {"type": "Feature", "geometry": {"type": "Point", "coordinates": [126.826038, 35.226672]}, "properties": {"addr": "광산구 비아동 24-23", "cnt": 2}}, {"type": "Feature", "geometry": {"type": "Point", "coordinates": [126.826038, 35.226672]}, "properties": {"addr": "광산구 비아동 24-23", "cnt": 1}}, {"type": "Feature", "geometry": {"type": "Point", "coordinates": [126.809514, 35.169042]}, "properties": {"addr": "광산구 월곡동 640", "cnt": 3}}, {"type": "Feature", "geometry": {"type": "Point", "coordinates": [126.809514, 35.169042]}, "properties": {"addr": "광산구 월곡동 640", "cnt": 1}}, {"type": "Feature", "geometry": {"type": "Point", "coordinates": [126.80873, 35.171542]}, "properties": {"addr": "광산구 월곡동 321-24 인근", "cnt": 2}}, {"type": "Feature", "geometry": {"type": "Point", "coordinates": [126.80873, 35.171542]}, "properties": {"addr": "광산구 월곡동 321-24 인근", "cnt": 1}}, {"type": "Feature", "geometry": {"type": "Point", "coordinates": [126.805118, 35.151266]}, "properties": {"addr": "광산구 금봉로54번길 9-5", "cnt": 2}}, {"type": "Feature", "geometry": {"type": "Point", "coordinates": [126.805118, 35.151266]}, "properties": {"addr": "광산구 금봉로54번길 9-5", "cnt": 1}}, {"type": "Feature", "geometry": {"type": "Point", "coordinates": [126.774326, 35.14863]}, "properties": {"addr": "광산구 선암동 796", "cnt": 2}}, {"type": "Feature", "geometry": {"type": "Point", "coordinates": [126.774326, 35.14863]}, "properties": {"addr": "광산구 선암동 796", "cnt": 1}}, {"type": "Feature", "geometry": {"type": "Point", "coordinates": [126.812946, 35.156255]}, "properties": {"addr": "광산구 우산로 118", "cnt": 2}}, {"type": "Feature", "geometry": {"type": "Point", "coordinates": [126.812946, 35.156255]}, "properties": {"addr": "광산구 우산로 118", "cnt": 1}}, {"type": "Feature", "geometry": {"type": "Point", "coordinates": [126.845958, 35.182971]}, "properties": {"addr": "광산구 신창동 1069-8", "cnt": 2}}, {"type": "Feature", "geometry": {"type": "Point", "coordinates": [126.845958, 35.182971]}, "properties": {"addr": "광산구 신창동 1069-8", "cnt": 1}}, {"type": "Feature", "geometry": {"type": "Point", "coordinates": [126.841789, 35.210536]}, "properties": {"addr": "광산구 산월로41번길 38", "cnt": 3}}, {"type": "Feature", "geometry": {"type": "Point", "coordinates": [126.841789, 35.210536]}, "properties": {"addr": "광산구 산월로41번길 38", "cnt": 1}}, {"type": "Feature", "geometry": {"type": "Point", "coordinates": [126.837467, 35.190349]}, "properties": {"addr": "광산구 신창로48번길 5-14", "cnt": 2}}, {"type": "Feature", "geometry": {"type": "Point", "coordinates": [126.837467, 35.190349]}, "properties": {"addr": "광산구 신창로48번길 5-14", "cnt": 1}}, {"type": "Feature", "geometry": {"type": "Point", "coordinates": [126.802634, 35.136941]}, "properties": {"addr": "광산구 용보로27번길 27", "cnt": 1}}, {"type": "Feature", "geometry": {"type": "Point", "coordinates": [126.802634, 35.136941]}, "properties": {"addr": "광산구 용보로27번길 27", "cnt": 1}}, {"type": "Feature", "geometry": {"type": "Point", "coordinates": [126.792481, 35.172085]}, "properties": {"addr": "광산구 하남지실길 227", "cnt": 2}}, {"type": "Feature", "geometry": {"type": "Point", "coordinates": [126.792481, 35.172085]}, "properties": {"addr": "광산구 하남지실길 227", "cnt": 1}}, {"type": "Feature", "geometry": {"type": "Point", "coordinates": [126.901257, 35.155574]}, "properties": {"addr": "서구 양동 346", "cnt": 2}}, {"type": "Feature", "geometry": {"type": "Point", "coordinates": [126.901257, 35.155574]}, "properties": {"addr": "서구 양동 346", "cnt": 1}}, {"type": "Feature", "geometry": {"type": "Point", "coordinates": [126.852831, 35.16571]}, "properties": {"addr": "서구 유촌동 518", "cnt": 2}}, {"type": "Feature", "geometry": {"type": "Point", "coordinates": [126.852831, 35.16571]}, "properties": {"addr": "서구 유촌동 518", "cnt": 1}}, {"type": "Feature", "geometry": {"type": "Point", "coordinates": [126.891285, 35.156822]}, "properties": {"addr": "서구 농성동 30-10", "cnt": 2}}, {"type": "Feature", "geometry": {"type": "Point", "coordinates": [126.891285, 35.156822]}, "properties": {"addr": "서구 농성동 30-10", "cnt": 1}}, {"type": "Feature", "geometry": {"type": "Point", "coordinates": [126.886147, 35.099525]}, "properties": {"addr": "남구 행암도동길 14", "cnt": 2}}, {"type": "Feature", "geometry": {"type": "Point", "coordinates": [126.886147, 35.099525]}, "properties": {"addr": "남구 행암도동길 14", "cnt": 1}}, {"type": "Feature", "geometry": {"type": "Point", "coordinates": [126.818422, 35.172699]}, "properties": {"addr": "광산구 임방울대로 138-12", "cnt": 1}}, {"type": "Feature", "geometry": {"type": "Point", "coordinates": [126.818422, 35.172699]}, "properties": {"addr": "광산구 임방울대로 138-12", "cnt": 1}}, {"type": "Feature", "geometry": {"type": "Point", "coordinates": [126.815986, 35.17802]}, "properties": {"addr": "광산구 운남동 782-2", "cnt": 3}}, {"type": "Feature", "geometry": {"type": "Point", "coordinates": [126.815986, 35.17802]}, "properties": {"addr": "광산구 운남동 782-2", "cnt": 1}}, {"type": "Feature", "geometry": {"type": "Point", "coordinates": [126.815676, 35.173624]}, "properties": {"addr": "광산구 운남동 794-4", "cnt": 2}}, {"type": "Feature", "geometry": {"type": "Point", "coordinates": [126.815676, 35.173624]}, "properties": {"addr": "광산구 운남동 794-4", "cnt": 1}}, {"type": "Feature", "geometry": {"type": "Point", "coordinates": [126.825979, 35.186592]}, "properties": {"addr": "광산구 수완동 1492", "cnt": 2}}, {"type": "Feature", "geometry": {"type": "Point", "coordinates": [126.825979, 35.186592]}, "properties": {"addr": "광산구 수완동 1492", "cnt": 1}}, {"type": "Feature", "geometry": {"type": "Point", "coordinates": [126.736048, 35.159142]}, "properties": {"addr": "광산구 송산동 181", "cnt": 3}}, {"type": "Feature", "geometry": {"type": "Point", "coordinates": [126.736048, 35.159142]}, "properties": {"addr": "광산구 송산동 181", "cnt": 1}}, {"type": "Feature", "geometry": {"type": "Point", "coordinates": [126.736048, 35.159142]}, "properties": {"addr": "광산구 송산동 181", "cnt": 1}}, {"type": "Feature", "geometry": {"type": "Point", "coordinates": [126.761367, 35.125999]}, "properties": {"addr": "광산구 평동로803번안길 9", "cnt": 2}}, {"type": "Feature", "geometry": {"type": "Point", "coordinates": [126.761367, 35.125999]}, "properties": {"addr": "광산구 평동로803번안길 9", "cnt": 1}}, {"type": "Feature", "geometry": {"type": "Point", "coordinates": [126.76346, 35.121964]}, "properties": {"addr": "광산구 월전동 927", "cnt": 2}}, {"type": "Feature", "geometry": {"type": "Point", "coordinates": [126.76346, 35.121964]}, "properties": {"addr": "광산구 월전동 927", "cnt": 1}}, {"type": "Feature", "geometry": {"type": "Point", "coordinates": [126.814094, 35.178009]}, "properties": {"addr": "광산구 운남동 781-2", "cnt": 2}}, {"type": "Feature", "geometry": {"type": "Point", "coordinates": [126.814094, 35.178009]}, "properties": {"addr": "광산구 운남동 781-2", "cnt": 1}}, {"type": "Feature", "geometry": {"type": "Point", "coordinates": [126.798112, 35.188041]}, "properties": {"addr": "광산구 하남동 519", "cnt": 1}}, {"type": "Feature", "geometry": {"type": "Point", "coordinates": [126.798112, 35.188041]}, "properties": {"addr": "광산구 하남동 519", "cnt": 1}}, {"type": "Feature", "geometry": {"type": "Point", "coordinates": [126.785695, 35.210379]}, "properties": {"addr": "광산구 진곡동 556", "cnt": 1}}, {"type": "Feature", "geometry": {"type": "Point", "coordinates": [126.785695, 35.210379]}, "properties": {"addr": "광산구 진곡동 556", "cnt": 1}}, {"type": "Feature", "geometry": {"type": "Point", "coordinates": [126.786847, 35.202374]}, "properties": {"addr": "광산구 진곡동 620", "cnt": 2}}, {"type": "Feature", "geometry": {"type": "Point", "coordinates": [126.786847, 35.202374]}, "properties": {"addr": "광산구 진곡동 620", "cnt": 1}}, {"type": "Feature", "geometry": {"type": "Point", "coordinates": [126.79366, 35.135124]}, "properties": {"addr": "광산구 도산동 964-7", "cnt": 2}}, {"type": "Feature", "geometry": {"type": "Point", "coordinates": [126.791992, 35.134112]}, "properties": {"addr": "광산구 도산동 968-1", "cnt": 3}}, {"type": "Feature", "geometry": {"type": "Point", "coordinates": [126.793936, 35.134079]}, "properties": {"addr": "광산구 상도산길21번길 22", "cnt": 3}}, {"type": "Feature", "geometry": {"type": "Point", "coordinates": [126.875157, 35.219916]}, "properties": {"addr": "북구 용두동 164-1", "cnt": 3}}, {"type": "Feature", "geometry": {"type": "Point", "coordinates": [126.87502, 35.22019]}, "properties": {"addr": "북구 용두동 164-1", "cnt": 4}}, {"type": "Feature", "geometry": {"type": "Point", "coordinates": [126.91409, 35.158951]}, "properties": {"addr": "동구 계림동 944", "cnt": 4}}, {"type": "Feature", "geometry": {"type": "Point", "coordinates": [126.913513, 35.157557]}, "properties": {"addr": "동구 계림동 969", "cnt": 5}}, {"type": "Feature", "geometry": {"type": "Point", "coordinates": [126.809398, 35.154814]}, "properties": {"addr": "광산구 사암로118번길 38", "cnt": 4}}, {"type": "Feature", "geometry": {"type": "Point", "coordinates": [126.813355, 35.153559]}, "properties": {"addr": "광산구 사암로106번길 99-6", "cnt": 4}}, {"type": "Feature", "geometry": {"type": "Point", "coordinates": [126.934241, 35.132658]}, "properties": {"addr": "동구 의재로43번길 28", "cnt": 3}}, {"type": "Feature", "geometry": {"type": "Point", "coordinates": [126.934241, 35.132658]}, "properties": {"addr": "동구 의재로43번길 28", "cnt": 1}}, {"type": "Feature", "geometry": {"type": "Point", "coordinates": [126.884772, 35.133939]}, "properties": {"addr": "서구 풍암동 1", "cnt": 3}}, {"type": "Feature", "geometry": {"type": "Point", "coordinates": [126.884772, 35.133939]}, "properties": {"addr": "서구 풍암동 1", "cnt": 1}}, {"type": "Feature", "geometry": {"type": "Point", "coordinates": [126.909719, 35.104786]}, "properties": {"addr": "남구 노대동 835-2", "cnt": 1}}, {"type": "Feature", "geometry": {"type": "Point", "coordinates": [126.909719, 35.104786]}, "properties": {"addr": "남구 노대동 835-2", "cnt": 1}}, {"type": "Feature", "geometry": {"type": "Point", "coordinates": [126.932824, 35.175941]}, "properties": {"addr": "북구 면앙로185번길 15", "cnt": 2}}, {"type": "Feature", "geometry": {"type": "Point", "coordinates": [126.932824, 35.175941]}, "properties": {"addr": "북구 면앙로185번길 15", "cnt": 1}}, {"type": "Feature", "geometry": {"type": "Point", "coordinates": [126.788977, 35.128523]}, "properties": {"addr": "광산구 남동길 12", "cnt": 3}}, {"type": "Feature", "geometry": {"type": "Point", "coordinates": [126.788977, 35.128523]}, "properties": {"addr": "광산구 남동길 12", "cnt": 1}}, {"type": "Feature", "geometry": {"type": "Point", "coordinates": [126.78667, 35.136994]}, "properties": {"addr": "광산구 송정동 1518", "cnt": 2}}, {"type": "Feature", "geometry": {"type": "Point", "coordinates": [126.78667, 35.136994]}, "properties": {"addr": "광산구 송정동 1518", "cnt": 1}}, {"type": "Feature", "geometry": {"type": "Point", "coordinates": [126.792673, 35.197885]}, "properties": {"addr": "광산구 오선동 587(진곡산단)", "cnt": 2}}, {"type": "Feature", "geometry": {"type": "Point", "coordinates": [126.792673, 35.197885]}, "properties": {"addr": "광산구 오선동 587(진곡산단)", "cnt": 1}}, {"type": "Feature", "geometry": {"type": "Point", "coordinates": [126.791628, 35.194121]}, "properties": {"addr": "광산구 진곡산단중앙로 36", "cnt": 2}}, {"type": "Feature", "geometry": {"type": "Point", "coordinates": [126.791628, 35.194121]}, "properties": {"addr": "광산구 진곡산단중앙로 36", "cnt": 1}}, {"type": "Feature", "geometry": {"type": "Point", "coordinates": [126.792122, 35.194384]}, "properties": {"addr": "광산구 진곡산단중앙로 36", "cnt": 2}}, {"type": "Feature", "geometry": {"type": "Point", "coordinates": [126.792122, 35.194384]}, "properties": {"addr": "광산구 진곡산단중앙로 36", "cnt": 1}}, {"type": "Feature", "geometry": {"type": "Point", "coordinates": [126.790899, 35.193404]}, "properties": {"addr": "광산구 오선동 740(진곡산단)", "cnt": 1}}, {"type": "Feature", "geometry": {"type": "Point", "coordinates": [126.790899, 35.193404]}, "properties": {"addr": "광산구 오선동 740(진곡산단)", "cnt": 1}}, {"type": "Feature", "geometry": {"type": "Point", "coordinates": [126.915681, 35.142666]}, "properties": {"addr": "남구 양림동 310", "cnt": 2}}, {"type": "Feature", "geometry": {"type": "Point", "coordinates": [126.915681, 35.142666]}, "properties": {"addr": "남구 양림동 310", "cnt": 1}}, {"type": "Feature", "geometry": {"type": "Point", "coordinates": [126.915253, 35.142277]}, "properties": {"addr": "남구 양림동 310", "cnt": 2}}, {"type": "Feature", "geometry": {"type": "Point", "coordinates": [126.914979, 35.141388]}, "properties": {"addr": "남구 서서평길 18-7", "cnt": 2}}, {"type": "Feature", "geometry": {"type": "Point", "coordinates": [126.914389, 35.141228]}, "properties": {"addr": "남구 서서평길 17", "cnt": 2}}, {"type": "Feature", "geometry": {"type": "Point", "coordinates": [126.914777, 35.139817]}, "properties": {"addr": "남구 양촌길 14", "cnt": 4}}, {"type": "Feature", "geometry": {"type": "Point", "coordinates": [126.91707, 35.137935]}, "properties": {"addr": "남구 양림로 73", "cnt": 4}}, {"type": "Feature", "geometry": {"type": "Point", "coordinates": [126.917881, 35.136001]}, "properties": {"addr": "남구 정율성로 2", "cnt": 4}}, {"type": "Feature", "geometry": {"type": "Point", "coordinates": [126.918221, 35.13716]}, "properties": {"addr": "남구 정율성로8번길 6-1", "cnt": 2}}, {"type": "Feature", "geometry": {"type": "Point", "coordinates": [126.91831, 35.136824]}, "properties": {"addr": "남구 정율성로8번길 10-1", "cnt": 2}}, {"type": "Feature", "geometry": {"type": "Point", "coordinates": [126.9182, 35.137489]}, "properties": {"addr": "남구 양림동 13-16", "cnt": 3}}, {"type": "Feature", "geometry": {"type": "Point", "coordinates": [126.917148, 35.139124]}, "properties": {"addr": "남구 오기원안길 5-3", "cnt": 4}}, {"type": "Feature", "geometry": {"type": "Point", "coordinates": [126.917241, 35.139769]}, "properties": {"addr": "남구 천변좌로450번길 7", "cnt": 4}}, {"type": "Feature", "geometry": {"type": "Point", "coordinates": [126.917342, 35.140324]}, "properties": {"addr": "남구 천변좌로446번길 5", "cnt": 2}}, {"type": "Feature", "geometry": {"type": "Point", "coordinates": [126.917709, 35.140524]}, "properties": {"addr": "남구 천변좌로446번길 1", "cnt": 2}}, {"type": "Feature", "geometry": {"type": "Point", "coordinates": [126.917174, 35.141072]}, "properties": {"addr": "남구 천변좌로 438", "cnt": 4}}, {"type": "Feature", "geometry": {"type": "Point", "coordinates": [126.915658, 35.141393]}, "properties": {"addr": "남구 양림동 201-111", "cnt": 4}}, {"type": "Feature", "geometry": {"type": "Point", "coordinates": [126.839479, 35.197037]}, "properties": {"addr": "광산구 신창로 136", "cnt": 4}}, {"type": "Feature", "geometry": {"type": "Point", "coordinates": [126.72169, 35.114852]}, "properties": {"addr": "광산구 동산길97번길 24", "cnt": 3}}, {"type": "Feature", "geometry": {"type": "Point", "coordinates": [126.827535, 35.20724]}, "properties": {"addr": "광산구 장신로 326", "cnt": 3}}, {"type": "Feature", "geometry": {"type": "Point", "coordinates": [126.807955, 35.152549]}, "properties": {"addr": "광산구 사암로92번길 14", "cnt": 4}}, {"type": "Feature", "geometry": {"type": "Point", "coordinates": [126.805797, 35.160874]}, "properties": {"addr": "광산구 무진대로212번길 13-36", "cnt": 4}}, {"type": "Feature", "geometry": {"type": "Point", "coordinates": [126.803512, 35.168131]}, "properties": {"addr": "광산구 산정로 20", "cnt": 4}}, {"type": "Feature", "geometry": {"type": "Point", "coordinates": [126.833233, 35.211161]}, "properties": {"addr": "광산구 월계로 62", "cnt": 4}}, {"type": "Feature", "geometry": {"type": "Point", "coordinates": [126.802497, 35.167134]}, "properties": {"addr": "광산구 산정로5번길 13", "cnt": 3}}, {"type": "Feature", "geometry": {"type": "Point", "coordinates": [126.805386, 35.172877]}, "properties": {"addr": "광산구 산정공원로59번길 16", "cnt": 3}}, {"type": "Feature", "geometry": {"type": "Point", "coordinates": [126.807424, 35.169189]}, "properties": {"addr": "광산구 산정공원로 14-1", "cnt": 3}}, {"type": "Feature", "geometry": {"type": "Point", "coordinates": [126.796855, 35.145332]}, "properties": {"addr": "광산구 송정공원로11번길 44", "cnt": 3}}, {"type": "Feature", "geometry": {"type": "Point", "coordinates": [126.79691, 35.168194]}, "properties": {"addr": "광산구 하남지실길 78", "cnt": 2}}, {"type": "Feature", "geometry": {"type": "Point", "coordinates": [126.816735, 35.220532]}, "properties": {"addr": "광산구 비아안길 9", "cnt": 4}}, {"type": "Feature", "geometry": {"type": "Point", "coordinates": [126.801426, 35.142517]}, "properties": {"addr": "광산구 광산로 99-1", "cnt": 4}}, {"type": "Feature", "geometry": {"type": "Point", "coordinates": [126.803549, 35.171088]}, "properties": {"addr": "광산구 산정로37번길 14-20", "cnt": 3}}, {"type": "Feature", "geometry": {"type": "Point", "coordinates": [126.806605, 35.176429]}, "properties": {"addr": "광산구 산정공원로 100", "cnt": 4}}, {"type": "Feature", "geometry": {"type": "Point", "coordinates": [126.806747, 35.170212]}, "properties": {"addr": "광산구 산정공원로28번길 7", "cnt": 4}}, {"type": "Feature", "geometry": {"type": "Point", "coordinates": [126.840243, 35.181472]}, "properties": {"addr": "광산구 풍영정길 53", "cnt": 3}}, {"type": "Feature", "geometry": {"type": "Point", "coordinates": [126.796869, 35.141526]}, "properties": {"addr": "광산구 내상로15번안길 20", "cnt": 3}}, {"type": "Feature", "geometry": {"type": "Point", "coordinates": [126.767693, 35.099849]}, "properties": {"addr": "광산구 동곡로185번길 84", "cnt": 3}}, {"type": "Feature", "geometry": {"type": "Point", "coordinates": [126.740618, 35.164161]}, "properties": {"addr": "광산구 박호동 585-7", "cnt": 2}}, {"type": "Feature", "geometry": {"type": "Point", "coordinates": [126.735283, 35.152884]}, "properties": {"addr": "광산구 지평동 70-2", "cnt": 2}}, {"type": "Feature", "geometry": {"type": "Point", "coordinates": [126.750844, 35.134937]}, "properties": {"addr": "광산구 용동길 25", "cnt": 2}}, {"type": "Feature", "geometry": {"type": "Point", "coordinates": [126.821849, 35.21025]}, "properties": {"addr": "광산구 도천남길 124-1", "cnt": 2}}, {"type": "Feature", "geometry": {"type": "Point", "coordinates": [126.821849, 35.21025]}, "properties": {"addr": "광산구 도천남길 124-1", "cnt": 1}}, {"type": "Feature", "geometry": {"type": "Point", "coordinates": [126.812515, 35.185995]}, "properties": {"addr": "광산구 장덕동 1495", "cnt": 2}}, {"type": "Feature", "geometry": {"type": "Point", "coordinates": [126.875705, 35.10055]}, "properties": {"addr": "남구 임암동 953", "cnt": 3}}, {"type": "Feature", "geometry": {"type": "Point", "coordinates": [126.911797, 35.169933]}, "properties": {"addr": "북구 서양로93번길 23", "cnt": 3}}, {"type": "Feature", "geometry": {"type": "Point", "coordinates": [126.858236, 35.220018]}, "properties": {"addr": "북구 임방울대로 877", "cnt": 2}}, {"type": "Feature", "geometry": {"type": "Point", "coordinates": [126.857373, 35.219641]}, "properties": {"addr": "북구 임방울대로 877", "cnt": 3}}, {"type": "Feature", "geometry": {"type": "Point", "coordinates": [126.855779, 35.220141]}, "properties": {"addr": "북구 임방울대로 877", "cnt": 3}}, {"type": "Feature", "geometry": {"type": "Point", "coordinates": [126.855044, 35.219694]}, "properties": {"addr": "북구 임방울대로 877", "cnt": 2}}, {"type": "Feature", "geometry": {"type": "Point", "coordinates": [126.854593, 35.220619]}, "properties": {"addr": "북구 임방울대로 877", "cnt": 3}}, {"type": "Feature", "geometry": {"type": "Point", "coordinates": [126.854475, 35.221574]}, "properties": {"addr": "북구 임방울대로 877", "cnt": 3}}, {"type": "Feature", "geometry": {"type": "Point", "coordinates": [126.856953, 35.22153]}, "properties": {"addr": "북구 임방울대로 877", "cnt": 2}}, {"type": "Feature", "geometry": {"type": "Point", "coordinates": [126.858471, 35.221057]}, "properties": {"addr": "북구 임방울대로 877", "cnt": 3}}, {"type": "Feature", "geometry": {"type": "Point", "coordinates": [126.867144, 35.106536]}, "properties": {"addr": "남구 효천3로 38", "cnt": 2}}, {"type": "Feature", "geometry": {"type": "Point", "coordinates": [126.865659, 35.105719]}, "properties": {"addr": "남구 효천3로 38", "cnt": 2}}, {"type": "Feature", "geometry": {"type": "Point", "coordinates": [126.889734, 35.138964]}, "properties": {"addr": "남구 주월동 953-31", "cnt": 4}}, {"type": "Feature", "geometry": {"type": "Point", "coordinates": [126.892968, 35.134853]}, "properties": {"addr": "남구 군분로23번길 21", "cnt": 4}}, {"type": "Feature", "geometry": {"type": "Point", "coordinates": [126.895959, 35.128929]}, "properties": {"addr": "남구 광복마을8길 4-2", "cnt": 4}}, {"type": "Feature", "geometry": {"type": "Point", "coordinates": [126.888061, 35.129841]}, "properties": {"addr": "남구 회재로1156번길 13", "cnt": 3}}, {"type": "Feature", "geometry": {"type": "Point", "coordinates": [126.906066, 35.135804]}, "properties": {"addr": "남구 진다리로40번길 10-1", "cnt": 4}}, {"type": "Feature", "geometry": {"type": "Point", "coordinates": [126.908682, 35.134206]}, "properties": {"addr": "남구 백양로 61", "cnt": 4}}, {"type": "Feature", "geometry": {"type": "Point", "coordinates": [126.913567, 35.132754]}, "properties": {"addr": "남구 대남대로107번길 15", "cnt": 4}}, {"type": "Feature", "geometry": {"type": "Point", "coordinates": [126.894729, 35.12864]}, "properties": {"addr": "남구 금당로 132", "cnt": 3}}, {"type": "Feature", "geometry": {"type": "Point", "coordinates": [126.89627, 35.127537]}, "properties": {"addr": "남구 광복마을길 109", "cnt": 3}}, {"type": "Feature", "geometry": {"type": "Point", "coordinates": [126.893763, 35.1363]}, "properties": {"addr": "남구 군분로33번길 5", "cnt": 3}}, {"type": "Feature", "geometry": {"type": "Point", "coordinates": [126.912344, 35.133073]}, "properties": {"addr": "남구 대남대로117번길 10", "cnt": 4}}, {"type": "Feature", "geometry": {"type": "Point", "coordinates": [126.904747, 35.172222]}, "properties": {"addr": "북구 자미로 68", "cnt": 3}}, {"type": "Feature", "geometry": {"type": "Point", "coordinates": [126.906455, 35.171866]}, "properties": {"addr": "북구 서양로41번길 36", "cnt": 4}}, {"type": "Feature", "geometry": {"type": "Point", "coordinates": [126.908992, 35.171783]}, "properties": {"addr": "북구 서양로 47-2", "cnt": 3}}, {"type": "Feature", "geometry": {"type": "Point", "coordinates": [126.90672, 35.17016]}, "properties": {"addr": "북구 용봉로 114-14", "cnt": 3}}, {"type": "Feature", "geometry": {"type": "Point", "coordinates": [126.911221, 35.172265]}, "properties": {"addr": "북구 용봉로138번길 24", "cnt": 4}}, {"type": "Feature", "geometry": {"type": "Point", "coordinates": [126.909755, 35.169384]}, "properties": {"addr": "북구 서양로 79", "cnt": 3}}, {"type": "Feature", "geometry": {"type": "Point", "coordinates": [126.892144, 35.167915]}, "properties": {"addr": "북구 임동 153-2", "cnt": 2}}, {"type": "Feature", "geometry": {"type": "Point", "coordinates": [126.892144, 35.167915]}, "properties": {"addr": "북구 임동 153-2", "cnt": 1}}, {"type": "Feature", "geometry": {"type": "Point", "coordinates": [126.89322, 35.167253]}, "properties": {"addr": "북구 무등로88번길 24-2", "cnt": 4}}, {"type": "Feature", "geometry": {"type": "Point", "coordinates": [126.893491, 35.16769]}, "properties": {"addr": "북구 무등로88번길 24-10", "cnt": 2}}, {"type": "Feature", "geometry": {"type": "Point", "coordinates": [126.803741, 35.141581]}, "properties": {"addr": "광산구 신촌동 706-10", "cnt": 4}}, {"type": "Feature", "geometry": {"type": "Point", "coordinates": [126.866445, 35.1537]}, "properties": {"addr": "서구 월드컵4강로197번길 28", "cnt": 5}}, {"type": "Feature", "geometry": {"type": "Point", "coordinates": [126.898423, 35.151062]}, "properties": {"addr": "남구 월산동 289-51", "cnt": 2}}, {"type": "Feature", "geometry": {"type": "Point", "coordinates": [126.898354, 35.151858]}, "properties": {"addr": "남구 월산동 351-26", "cnt": 1}}, {"type": "Feature", "geometry": {"type": "Point", "coordinates": [126.899197, 35.15204]}, "properties": {"addr": "남구 월산동 346-9", "cnt": 1}}, {"type": "Feature", "geometry": {"type": "Point", "coordinates": [126.756726, 35.114005]}, "properties": {"addr": "광산구 연산동 62-20", "cnt": 4}}, {"type": "Feature", "geometry": {"type": "Point", "coordinates": [126.757272, 35.113861]}, "properties": {"addr": "광산구 연산동 62-20", "cnt": 3}}, {"type": "Feature", "geometry": {"type": "Point", "coordinates": [126.749421, 35.110065]}, "properties": {"addr": "광산구 연산동 673", "cnt": 4}}, {"type": "Feature", "geometry": {"type": "Point", "coordinates": [126.749585, 35.109455]}, "properties": {"addr": "광산구 연산동 673", "cnt": 4}}, {"type": "Feature", "geometry": {"type": "Point", "coordinates": [126.750072, 35.109782]}, "properties": {"addr": "광산구 연산동 673", "cnt": 3}}, {"type": "Feature", "geometry": {"type": "Point", "coordinates": [126.858318, 35.148078]}, "properties": {"addr": "서구 운천로172번길 15", "cnt": 4}}, {"type": "Feature", "geometry": {"type": "Point", "coordinates": [126.864049, 35.145067]}, "properties": {"addr": "서구 쌍촌로3번길 10-2", "cnt": 4}}, {"type": "Feature", "geometry": {"type": "Point", "coordinates": [126.905545, 35.141854]}, "properties": {"addr": "남구 백운로75번가길 21", "cnt": 2}}, {"type": "Feature", "geometry": {"type": "Point", "coordinates": [126.866504, 35.149763]}, "properties": {"addr": "서구 쌍촌로 56", "cnt": 4}}, {"type": "Feature", "geometry": {"type": "Point", "coordinates": [126.865729, 35.150446]}, "properties": {"addr": "서구 쌍촌로 56", "cnt": 3}}, {"type": "Feature", "geometry": {"type": "Point", "coordinates": [126.865723, 35.148524]}, "properties": {"addr": "서구 쌍촌로 56", "cnt": 3}}, {"type": "Feature", "geometry": {"type": "Point", "coordinates": [126.812244, 35.18043]}, "properties": {"addr": "광산구 흑석동 529", "cnt": 4}}, {"type": "Feature", "geometry": {"type": "Point", "coordinates": [126.820846, 35.186826]}, "properties": {"addr": "광산구 풍영정천자전거길 1030", "cnt": 3}}, {"type": "Feature", "geometry": {"type": "Point", "coordinates": [126.822224, 35.191415]}, "properties": {"addr": "광산구 장덕로96번길 15", "cnt": 4}}, {"type": "Feature", "geometry": {"type": "Point", "coordinates": [126.893989, 35.216883]}, "properties": {"addr": "북구 모룡대길 67", "cnt": 2}}, {"type": "Feature", "geometry": {"type": "Point", "coordinates": [126.929229, 35.18227]}, "properties": {"addr": "북구 서하로455번길 6", "cnt": 3}}, {"type": "Feature", "geometry": {"type": "Point", "coordinates": [126.931958, 35.16783]}, "properties": {"addr": "북구 군왕로71번길 13", "cnt": 4}}, {"type": "Feature", "geometry": {"type": "Point", "coordinates": [126.916932, 35.176665]}, "properties": {"addr": "북구 우치로100번길 84", "cnt": 3}}, {"type": "Feature", "geometry": {"type": "Point", "coordinates": [126.905441, 35.15379]}, "properties": {"addr": "북구 천변우로283번길 10", "cnt": 3}}, {"type": "Feature", "geometry": {"type": "Point", "coordinates": [126.908909, 35.168895]}, "properties": {"addr": "북구 서암대로223번길 27", "cnt": 4}}, {"type": "Feature", "geometry": {"type": "Point", "coordinates": [126.895873, 35.200608]}, "properties": {"addr": "북구 설죽로471번길 30", "cnt": 3}}, {"type": "Feature", "geometry": {"type": "Point", "coordinates": [126.895797, 35.201516]}, "properties": {"addr": "북구 설죽로471번길 69", "cnt": 3}}, {"type": "Feature", "geometry": {"type": "Point", "coordinates": [126.921543, 35.18551]}, "properties": {"addr": "북구 서하로 380", "cnt": 4}}, {"type": "Feature", "geometry": {"type": "Point", "coordinates": [126.924353, 35.14152]}, "properties": {"addr": "동구 필문대로 341-5", "cnt": 3}}, {"type": "Feature", "geometry": {"type": "Point", "coordinates": [126.885335, 35.148668]}, "properties": {"addr": "서구 화정로 265-20", "cnt": 4}}, {"type": "Feature", "geometry": {"type": "Point", "coordinates": [126.830172, 35.141126]}, "properties": {"addr": "서구 마륵동 767", "cnt": 3}}, {"type": "Feature", "geometry": {"type": "Point", "coordinates": [126.875999, 35.153717]}, "properties": {"addr": "서구 화운로175번길 5-15", "cnt": 3}}, {"type": "Feature", "geometry": {"type": "Point", "coordinates": [126.89694, 35.135906]}, "properties": {"addr": "남구 대남대로263번길 6", "cnt": 4}}, {"type": "Feature", "geometry": {"type": "Point", "coordinates": [126.896208, 35.13915]}, "properties": {"addr": "남구 수박등로6번길 20", "cnt": 2}}, {"type": "Feature", "geometry": {"type": "Point", "coordinates": [126.895099, 35.160224]}, "properties": {"addr": "북구 임동 95-4", "cnt": 3}}, {"type": "Feature", "geometry": {"type": "Point", "coordinates": [126.880209, 35.17278]}, "properties": {"addr": "북구 북문대로49번길 67-8", "cnt": 2}}, {"type": "Feature", "geometry": {"type": "Point", "coordinates": [126.877199, 35.212631]}, "properties": {"addr": "북구 양산동 209-91", "cnt": 3}}, {"type": "Feature", "geometry": {"type": "Point", "coordinates": [126.832715, 35.215662]}, "properties": {"addr": "광산구 월계동 762-2", "cnt": 3}}, {"type": "Feature", "geometry": {"type": "Point", "coordinates": [126.805549, 35.174927]}, "properties": {"addr": "광산구 산정공원로81번길 20", "cnt": 4}}, {"type": "Feature", "geometry": {"type": "Point", "coordinates": [126.837093, 35.177073]}, "properties": {"addr": "광산구 신가동 95-1", "cnt": 3}}, {"type": "Feature", "geometry": {"type": "Point", "coordinates": [126.89008, 35.140441]}, "properties": {"addr": "남구 군분로89번길 9", "cnt": 4}}, {"type": "Feature", "geometry": {"type": "Point", "coordinates": [126.89608, 35.141152]}, "properties": {"addr": "남구 수박등로18번길 8-6", "cnt": 2}}, {"type": "Feature", "geometry": {"type": "Point", "coordinates": [126.90179, 35.141737]}, "properties": {"addr": "남구 중앙로38번길 28", "cnt": 3}}, {"type": "Feature", "geometry": {"type": "Point", "coordinates": [126.901368, 35.140554]}, "properties": {"addr": "남구 독립로75번길 8-2", "cnt": 3}}, {"type": "Feature", "geometry": {"type": "Point", "coordinates": [126.899062, 35.143946]}, "properties": {"addr": "남구 월산로 64-1", "cnt": 2}}, {"type": "Feature", "geometry": {"type": "Point", "coordinates": [126.902523, 35.148183]}, "properties": {"addr": "남구 구성로76번길 13", "cnt": 3}}, {"type": "Feature", "geometry": {"type": "Point", "coordinates": [126.892611, 35.131259]}, "properties": {"addr": "남구 회서로12번길 5", "cnt": 4}}, {"type": "Feature", "geometry": {"type": "Point", "coordinates": [126.894737, 35.132548]}, "properties": {"addr": "남구 회재로1200번길 19", "cnt": 4}}, {"type": "Feature", "geometry": {"type": "Point", "coordinates": [126.887777, 35.140389]}, "properties": {"addr": "남구 금화로376번길 12", "cnt": 4}}, {"type": "Feature", "geometry": {"type": "Point", "coordinates": [126.891915, 35.134781]}, "properties": {"addr": "남구 봉주6길 15", "cnt": 4}}, {"type": "Feature", "geometry": {"type": "Point", "coordinates": [126.889117, 35.138605]}, "properties": {"addr": "남구 금화로376번길 36", "cnt": 4}}, {"type": "Feature", "geometry": {"type": "Point", "coordinates": [126.907651, 35.142565]}, "properties": {"addr": "남구 제중로 124", "cnt": 3}}, {"type": "Feature", "geometry": {"type": "Point", "coordinates": [126.892774, 35.144569]}, "properties": {"addr": "남구 월광길 38", "cnt": 3}}, {"type": "Feature", "geometry": {"type": "Point", "coordinates": [126.895072, 35.14066]}, "properties": {"addr": "남구 수박등로 3", "cnt": 4}}, {"type": "Feature", "geometry": {"type": "Point", "coordinates": [126.888783, 35.143059]}, "properties": {"addr": "남구 군분로119번길 6-3", "cnt": 3}}, {"type": "Feature", "geometry": {"type": "Point", "coordinates": [126.901151, 35.116099]}, "properties": {"addr": "남구 진제4길 12", "cnt": 2}}, {"type": "Feature", "geometry": {"type": "Point", "coordinates": [126.899265, 35.118617]}, "properties": {"addr": "남구 서문대로 664", "cnt": 2}}, {"type": "Feature", "geometry": {"type": "Point", "coordinates": [126.915952, 35.124293]}, "properties": {"addr": "남구 봉선동 128-1", "cnt": 3}}, {"type": "Feature", "geometry": {"type": "Point", "coordinates": [126.888579, 35.14078]}, "properties": {"addr": "남구 군분로99번길 20", "cnt": 3}}, {"type": "Feature", "geometry": {"type": "Point", "coordinates": [126.889237, 35.13969]}, "properties": {"addr": "남구 금화로386번길 29", "cnt": 2}}, {"type": "Feature", "geometry": {"type": "Point", "coordinates": [126.894235, 35.149034]}, "properties": {"addr": "남구 월산로123번길 26", "cnt": 3}}, {"type": "Feature", "geometry": {"type": "Point", "coordinates": [126.882242, 35.104724]}, "properties": {"addr": "남구 원효천1길 16", "cnt": 3}}, {"type": "Feature", "geometry": {"type": "Point", "coordinates": [126.882242, 35.104724]}, "properties": {"addr": "남구 원효천1길 16", "cnt": 1}}, {"type": "Feature", "geometry": {"type": "Point", "coordinates": [126.90457, 35.198994]}, "properties": {"addr": "북구 삼각동 163-4", "cnt": 3}}, {"type": "Feature", "geometry": {"type": "Point", "coordinates": [126.910956, 35.14476]}, "properties": {"addr": "남구 천변좌로370번길 16", "cnt": 2}}, {"type": "Feature", "geometry": {"type": "Point", "coordinates": [126.911417, 35.144036]}, "properties": {"addr": "남구 사동 135-3", "cnt": 3}}, {"type": "Feature", "geometry": {"type": "Point", "coordinates": [126.91061, 35.143157]}, "properties": {"addr": "남구 사직길 49", "cnt": 3}}, {"type": "Feature", "geometry": {"type": "Point", "coordinates": [126.912714, 35.142478]}, "properties": {"addr": "남구 사동 177-52", "cnt": 2}}, {"type": "Feature", "geometry": {"type": "Point", "coordinates": [126.912429, 35.14277]}, "properties": {"addr": "남구 사동 177-52", "cnt": 1}}, {"type": "Feature", "geometry": {"type": "Point", "coordinates": [126.912429, 35.14277]}, "properties": {"addr": "남구 사동 177-52", "cnt": 1}}, {"type": "Feature", "geometry": {"type": "Point", "coordinates": [126.933101, 35.150675]}, "properties": {"addr": "동구 동명로 114", "cnt": 4}}, {"type": "Feature", "geometry": {"type": "Point", "coordinates": [126.929576, 35.146073]}, "properties": {"addr": "동구 필문대로273번길 21", "cnt": 1}}, {"type": "Feature", "geometry": {"type": "Point", "coordinates": [126.918016, 35.156591]}, "properties": {"addr": "동구 구성로 249", "cnt": 1}}, {"type": "Feature", "geometry": {"type": "Point", "coordinates": [126.918016, 35.156591]}, "properties": {"addr": "동구 구성로 249", "cnt": 3}}, {"type": "Feature", "geometry": {"type": "Point", "coordinates": [126.91685, 35.146013]}, "properties": {"addr": "동구 서석로 29", "cnt": 1}}, {"type": "Feature", "geometry": {"type": "Point", "coordinates": [126.91685, 35.146013]}, "properties": {"addr": "동구 서석로 29", "cnt": 1}}, {"type": "Feature", "geometry": {"type": "Point", "coordinates": [126.91871, 35.146875]}, "properties": {"addr": "동구 서석로 47-1", "cnt": 1}}, {"type": "Feature", "geometry": {"type": "Point", "coordinates": [126.916875, 35.146015]}, "properties": {"addr": "동구 서석로 7", "cnt": 1}}, {"type": "Feature", "geometry": {"type": "Point", "coordinates": [126.916875, 35.146015]}, "properties": {"addr": "동구 서석로 7", "cnt": 1}}, {"type": "Feature", "geometry": {"type": "Point", "coordinates": [126.919901, 35.143852]}, "properties": {"addr": "동구 문화전당로 15-2", "cnt": 1}}, {"type": "Feature", "geometry": {"type": "Point", "coordinates": [126.923374, 35.147079]}, "properties": {"addr": "동구 제봉로82번길 19", "cnt": 1}}, {"type": "Feature", "geometry": {"type": "Point", "coordinates": [126.923374, 35.147079]}, "properties": {"addr": "동구 제봉로82번길 19", "cnt": 1}}, {"type": "Feature", "geometry": {"type": "Point", "coordinates": [126.916136, 35.154892]}, "properties": {"addr": "동구 구성로 221-1", "cnt": 1}}, {"type": "Feature", "geometry": {"type": "Point", "coordinates": [126.916136, 35.154892]}, "properties": {"addr": "동구 구성로 221-1", "cnt": 1}}, {"type": "Feature", "geometry": {"type": "Point", "coordinates": [126.933688, 35.155232]}, "properties": {"addr": "동구 무등로 494", "cnt": 1}}, {"type": "Feature", "geometry": {"type": "Point", "coordinates": [126.933688, 35.155232]}, "properties": {"addr": "동구 무등로 494", "cnt": 1}}, {"type": "Feature", "geometry": {"type": "Point", "coordinates": [126.921951, 35.14306]}, "properties": {"addr": "동구 백서로 153", "cnt": 1}}, {"type": "Feature", "geometry": {"type": "Point", "coordinates": [126.921951, 35.14306]}, "properties": {"addr": "동구 백서로 153", "cnt": 1}}, {"type": "Feature", "geometry": {"type": "Point", "coordinates": [126.912502, 35.148881]}, "properties": {"addr": "동구 중앙로 163", "cnt": 1}}, {"type": "Feature", "geometry": {"type": "Point", "coordinates": [126.925057, 35.148828]}, "properties": {"addr": "동구 장동로 23-16", "cnt": 1}}, {"type": "Feature", "geometry": {"type": "Point", "coordinates": [126.925057, 35.148828]}, "properties": {"addr": "동구 장동로 23-16", "cnt": 2}}, {"type": "Feature", "geometry": {"type": "Point", "coordinates": [126.935263, 35.160739]}, "properties": {"addr": "동구 밤실로 142", "cnt": 3}}, {"type": "Feature", "geometry": {"type": "Point", "coordinates": [126.914002, 35.14898]}, "properties": {"addr": "동구 중앙로 170", "cnt": 2}}, {"type": "Feature", "geometry": {"type": "Point", "coordinates": [126.91682, 35.149275]}, "properties": {"addr": "동구 금남로 221", "cnt": 4}}, {"type": "Feature", "geometry": {"type": "Point", "coordinates": [126.932033, 35.132556]}, "properties": {"addr": "동구 의재로 40", "cnt": 1}}, {"type": "Feature", "geometry": {"type": "Point", "coordinates": [126.932033, 35.132556]}, "properties": {"addr": "동구 의재로 40", "cnt": 2}}, {"type": "Feature", "geometry": {"type": "Point", "coordinates": [126.934307, 35.132214]}, "properties": {"addr": "동구 의재로 60", "cnt": 1}}, {"type": "Feature", "geometry": {"type": "Point", "coordinates": [126.934307, 35.132214]}, "properties": {"addr": "동구 의재로 60", "cnt": 2}}, {"type": "Feature", "geometry": {"type": "Point", "coordinates": [126.920508, 35.161254]}, "properties": {"addr": "동구 계림동 85-152", "cnt": 1}}, {"type": "Feature", "geometry": {"type": "Point", "coordinates": [126.935173, 35.149374]}, "properties": {"addr": "동구 준법로 7-12", "cnt": 1}}, {"type": "Feature", "geometry": {"type": "Point", "coordinates": [126.920551, 35.13809]}, "properties": {"addr": "동구 천변우로 501", "cnt": 1}}, {"type": "Feature", "geometry": {"type": "Point", "coordinates": [126.929056, 35.131455]}, "properties": {"addr": "동구 남문로 680", "cnt": 1}}, {"type": "Feature", "geometry": {"type": "Point", "coordinates": [126.923315, 35.148829]}, "properties": {"addr": "동구 제봉로110번길 10", "cnt": 1}}, {"type": "Feature", "geometry": {"type": "Point", "coordinates": [126.923315, 35.148829]}, "properties": {"addr": "동구 제봉로110번길 10", "cnt": 3}}, {"type": "Feature", "geometry": {"type": "Point", "coordinates": [126.922188, 35.140397]}, "properties": {"addr": "동구 제봉로 42", "cnt": 1}}, {"type": "Feature", "geometry": {"type": "Point", "coordinates": [126.924398, 35.118132]}, "properties": {"addr": "동구 용산2로 3", "cnt": 1}}, {"type": "Feature", "geometry": {"type": "Point", "coordinates": [126.924398, 35.118132]}, "properties": {"addr": "동구 용산2로 3", "cnt": 3}}, {"type": "Feature", "geometry": {"type": "Point", "coordinates": [126.931402, 35.119737]}, "properties": {"addr": "동구 화산로 347", "cnt": 1}}, {"type": "Feature", "geometry": {"type": "Point", "coordinates": [126.931402, 35.119737]}, "properties": {"addr": "동구 화산로 347", "cnt": 1}}, {"type": "Feature", "geometry": {"type": "Point", "coordinates": [126.932077, 35.126745]}, "properties": {"addr": "동구 남문로622번길 7", "cnt": 1}}, {"type": "Feature", "geometry": {"type": "Point", "coordinates": [126.932077, 35.126745]}, "properties": {"addr": "동구 남문로622번길 7", "cnt": 3}}, {"type": "Feature", "geometry": {"type": "Point", "coordinates": [126.914753, 35.155955]}, "properties": {"addr": "동구 경양로 234", "cnt": 1}}, {"type": "Feature", "geometry": {"type": "Point", "coordinates": [126.914788, 35.158998]}, "properties": {"addr": "동구 경양로 213", "cnt": 2}}, {"type": "Feature", "geometry": {"type": "Point", "coordinates": [126.915089, 35.154078]}, "properties": {"addr": "동구 제봉로 208", "cnt": 1}}, {"type": "Feature", "geometry": {"type": "Point", "coordinates": [126.915089, 35.154078]}, "properties": {"addr": "동구 제봉로 208", "cnt": 3}}, {"type": "Feature", "geometry": {"type": "Point", "coordinates": [126.85702, 35.113477]}, "properties": {"addr": "서구 매월동 953", "cnt": 1}}, {"type": "Feature", "geometry": {"type": "Point", "coordinates": [126.85702, 35.113477]}, "properties": {"addr": "서구 매월동 953", "cnt": 2}}, {"type": "Feature", "geometry": {"type": "Point", "coordinates": [126.848113, 35.117169]}, "properties": {"addr": "서구 전평길 40-1", "cnt": 1}}, {"type": "Feature", "geometry": {"type": "Point", "coordinates": [126.848113, 35.117169]}, "properties": {"addr": "서구 전평길 40-1", "cnt": 1}}, {"type": "Feature", "geometry": {"type": "Point", "coordinates": [126.858071, 35.131122]}, "properties": {"addr": "서구 풍금로151번길 17", "cnt": 1}}, {"type": "Feature", "geometry": {"type": "Point", "coordinates": [126.858071, 35.131122]}, "properties": {"addr": "서구 풍금로151번길 17", "cnt": 2}}, {"type": "Feature", "geometry": {"type": "Point", "coordinates": [126.866872, 35.157834]}, "properties": {"addr": "서구 쌍촌동 153-19", "cnt": 1}}, {"type": "Feature", "geometry": {"type": "Point", "coordinates": [126.866872, 35.157834]}, "properties": {"addr": "서구 쌍촌동 153-19", "cnt": 2}}, {"type": "Feature", "geometry": {"type": "Point", "coordinates": [126.883628, 35.147145]}, "properties": {"addr": "서구 화정로 245", "cnt": 1}}, {"type": "Feature", "geometry": {"type": "Point", "coordinates": [126.883628, 35.147145]}, "properties": {"addr": "서구 화정로 245", "cnt": 3}}, {"type": "Feature", "geometry": {"type": "Point", "coordinates": [126.852865, 35.155233]}, "properties": {"addr": "서구 상무시민로 129", "cnt": 1}}, {"type": "Feature", "geometry": {"type": "Point", "coordinates": [126.852865, 35.155233]}, "properties": {"addr": "서구 상무시민로 129", "cnt": 3}}, {"type": "Feature", "geometry": {"type": "Point", "coordinates": [126.884414, 35.142863]}, "properties": {"addr": "서구 화운로 19", "cnt": 1}}, {"type": "Feature", "geometry": {"type": "Point", "coordinates": [126.884414, 35.142863]}, "properties": {"addr": "서구 화운로 19", "cnt": 1}}, {"type": "Feature", "geometry": {"type": "Point", "coordinates": [126.880984, 35.158347]}, "properties": {"addr": "서구 화정동 134-18", "cnt": 1}}, {"type": "Feature", "geometry": {"type": "Point", "coordinates": [126.880984, 35.158347]}, "properties": {"addr": "서구 화정동 134-18", "cnt": 2}}, {"type": "Feature", "geometry": {"type": "Point", "coordinates": [126.878328, 35.124848]}, "properties": {"addr": "서구 풍암1로 27", "cnt": 1}}, {"type": "Feature", "geometry": {"type": "Point", "coordinates": [126.878328, 35.124848]}, "properties": {"addr": "서구 풍암1로 27", "cnt": 2}}, {"type": "Feature", "geometry": {"type": "Point", "coordinates": [126.880465, 35.125454]}, "properties": {"addr": "서구 풍암순환로 183", "cnt": 1}}, {"type": "Feature", "geometry": {"type": "Point", "coordinates": [126.880465, 35.125454]}, "properties": {"addr": "서구 풍암순환로 183", "cnt": 3}}, {"type": "Feature", "geometry": {"type": "Point", "coordinates": [126.901153, 35.154389]}, "properties": {"addr": "서구 경열로 지하 152", "cnt": 1}}, {"type": "Feature", "geometry": {"type": "Point", "coordinates": [126.901153, 35.154389]}, "properties": {"addr": "서구 경열로 지하 152", "cnt": 1}}, {"type": "Feature", "geometry": {"type": "Point", "coordinates": [126.863192, 35.160218]}, "properties": {"addr": "서구 쌍촌동 1338", "cnt": 1}}, {"type": "Feature", "geometry": {"type": "Point", "coordinates": [126.874542, 35.142701]}, "properties": {"addr": "서구 월드컵4강로 65", "cnt": 1}}, {"type": "Feature", "geometry": {"type": "Point", "coordinates": [126.874542, 35.142701]}, "properties": {"addr": "서구 월드컵4강로 65", "cnt": 2}}, {"type": "Feature", "geometry": {"type": "Point", "coordinates": [126.848545, 35.148202]}, "properties": {"addr": "서구 치평동 1254-5", "cnt": 1}}, {"type": "Feature", "geometry": {"type": "Point", "coordinates": [126.848545, 35.148202]}, "properties": {"addr": "서구 치평동 1254-5", "cnt": 1}}, {"type": "Feature", "geometry": {"type": "Point", "coordinates": [126.880689, 35.161156]}, "properties": {"addr": "서구 무진대로 904", "cnt": 1}}, {"type": "Feature", "geometry": {"type": "Point", "coordinates": [126.880689, 35.161156]}, "properties": {"addr": "서구 무진대로 904", "cnt": 1}}, {"type": "Feature", "geometry": {"type": "Point", "coordinates": [126.851461, 35.150333]}, "properties": {"addr": "서구 치평동 1248", "cnt": 1}}, {"type": "Feature", "geometry": {"type": "Point", "coordinates": [126.851461, 35.150333]}, "properties": {"addr": "서구 치평동 1248", "cnt": 3}}, {"type": "Feature", "geometry": {"type": "Point", "coordinates": [126.879267, 35.157293]}, "properties": {"addr": "서구 내방로 349", "cnt": 1}}, {"type": "Feature", "geometry": {"type": "Point", "coordinates": [126.879267, 35.157293]}, "properties": {"addr": "서구 내방로 349", "cnt": 1}}, {"type": "Feature", "geometry": {"type": "Point", "coordinates": [126.855725, 35.114391]}, "properties": {"addr": "서구 매월동 955", "cnt": 1}}, {"type": "Feature", "geometry": {"type": "Point", "coordinates": [126.855725, 35.114391]}, "properties": {"addr": "서구 매월동 955", "cnt": 1}}, {"type": "Feature", "geometry": {"type": "Point", "coordinates": [126.851586, 35.154562]}, "properties": {"addr": "서구 내방로 102", "cnt": 1}}, {"type": "Feature", "geometry": {"type": "Point", "coordinates": [126.851586, 35.154562]}, "properties": {"addr": "서구 내방로 102", "cnt": 2}}, {"type": "Feature", "geometry": {"type": "Point", "coordinates": [126.879819, 35.127093]}, "properties": {"addr": "서구 풍암동 1092", "cnt": 1}}, {"type": "Feature", "geometry": {"type": "Point", "coordinates": [126.879819, 35.127093]}, "properties": {"addr": "서구 풍암동 1092", "cnt": 2}}, {"type": "Feature", "geometry": {"type": "Point", "coordinates": [126.859413, 35.160339]}, "properties": {"addr": "서구 쌍촌동 1335", "cnt": 1}}, {"type": "Feature", "geometry": {"type": "Point", "coordinates": [126.859413, 35.160339]}, "properties": {"addr": "서구 쌍촌동 1335", "cnt": 2}}, {"type": "Feature", "geometry": {"type": "Point", "coordinates": [126.848525, 35.151407]}, "properties": {"addr": "서구 치평동 1251-5", "cnt": 1}}, {"type": "Feature", "geometry": {"type": "Point", "coordinates": [126.848525, 35.151407]}, "properties": {"addr": "서구 치평동 1251-5", "cnt": 3}}, {"type": "Feature", "geometry": {"type": "Point", "coordinates": [126.85617, 35.143986]}, "properties": {"addr": "서구 쌍촌동 943-4", "cnt": 1}}, {"type": "Feature", "geometry": {"type": "Point", "coordinates": [126.85617, 35.143986]}, "properties": {"addr": "서구 쌍촌동 943-4", "cnt": 3}}, {"type": "Feature", "geometry": {"type": "Point", "coordinates": [126.870626, 35.14518]}, "properties": {"addr": "서구 화정로 119", "cnt": 1}}, {"type": "Feature", "geometry": {"type": "Point", "coordinates": [126.870626, 35.14518]}, "properties": {"addr": "서구 화정로 119", "cnt": 1}}, {"type": "Feature", "geometry": {"type": "Point", "coordinates": [126.857864, 35.13234]}, "properties": {"addr": "서구 금화로 87", "cnt": 1}}, {"type": "Feature", "geometry": {"type": "Point", "coordinates": [126.857864, 35.13234]}, "properties": {"addr": "서구 금화로 87", "cnt": 3}}, {"type": "Feature", "geometry": {"type": "Point", "coordinates": [126.873896, 35.156797]}, "properties": {"addr": "서구 내방동 846", "cnt": 1}}, {"type": "Feature", "geometry": {"type": "Point", "coordinates": [126.873896, 35.156797]}, "properties": {"addr": "서구 내방동 846", "cnt": 1}}, {"type": "Feature", "geometry": {"type": "Point", "coordinates": [126.855204, 35.131035]}, "properties": {"addr": "서구 금호동 806", "cnt": 1}}, {"type": "Feature", "geometry": {"type": "Point", "coordinates": [126.855204, 35.131035]}, "properties": {"addr": "서구 금호동 806", "cnt": 2}}, {"type": "Feature", "geometry": {"type": "Point", "coordinates": [126.884387, 35.122849]}, "properties": {"addr": "서구 풍암동 1066-2", "cnt": 1}}, {"type": "Feature", "geometry": {"type": "Point", "coordinates": [126.884387, 35.122849]}, "properties": {"addr": "서구 풍암동 1066-2", "cnt": 2}}, {"type": "Feature", "geometry": {"type": "Point", "coordinates": [126.866291, 35.120234]}, "properties": {"addr": "서구 풍암동 929-1", "cnt": 1}}, {"type": "Feature", "geometry": {"type": "Point", "coordinates": [126.866291, 35.120234]}, "properties": {"addr": "서구 풍암동 929-1", "cnt": 3}}, {"type": "Feature", "geometry": {"type": "Point", "coordinates": [126.84923, 35.155124]}, "properties": {"addr": "서구 상무중앙로 96", "cnt": 1}}, {"type": "Feature", "geometry": {"type": "Point", "coordinates": [126.84923, 35.155124]}, "properties": {"addr": "서구 상무중앙로 96", "cnt": 3}}, {"type": "Feature", "geometry": {"type": "Point", "coordinates": [126.854108, 35.153968]}, "properties": {"addr": "서구 운천로 247", "cnt": 1}}, {"type": "Feature", "geometry": {"type": "Point", "coordinates": [126.854108, 35.153968]}, "properties": {"addr": "서구 운천로 247", "cnt": 3}}, {"type": "Feature", "geometry": {"type": "Point", "coordinates": [126.847402, 35.158845]}, "properties": {"addr": "서구 내방로 52", "cnt": 1}}, {"type": "Feature", "geometry": {"type": "Point", "coordinates": [126.847397, 35.147239]}, "properties": {"addr": "서구 상무대로 773", "cnt": 1}}, {"type": "Feature", "geometry": {"type": "Point", "coordinates": [126.884879, 35.161126]}, "properties": {"addr": "서구 무진대로 950", "cnt": 1}}, {"type": "Feature", "geometry": {"type": "Point", "coordinates": [126.884879, 35.161126]}, "properties": {"addr": "서구 무진대로 950", "cnt": 1}}, {"type": "Feature", "geometry": {"type": "Point", "coordinates": [126.840153, 35.145151]}, "properties": {"addr": "서구 상무누리로 30", "cnt": 1}}, {"type": "Feature", "geometry": {"type": "Point", "coordinates": [126.840153, 35.145151]}, "properties": {"addr": "서구 상무누리로 30", "cnt": 3}}, {"type": "Feature", "geometry": {"type": "Point", "coordinates": [126.866878, 35.17098]}, "properties": {"addr": "서구 하남대로680번길 3", "cnt": 1}}, {"type": "Feature", "geometry": {"type": "Point", "coordinates": [126.876432, 35.139795]}, "properties": {"addr": "서구 화정동 857", "cnt": 1}}, {"type": "Feature", "geometry": {"type": "Point", "coordinates": [126.873377, 35.140274]}, "properties": {"addr": "서구 염화로 59", "cnt": 1}}, {"type": "Feature", "geometry": {"type": "Point", "coordinates": [126.877544, 35.142943]}, "properties": {"addr": "서구 염화로 118", "cnt": 1}}, {"type": "Feature", "geometry": {"type": "Point", "coordinates": [126.877544, 35.142943]}, "properties": {"addr": "서구 염화로 118", "cnt": 1}}, {"type": "Feature", "geometry": {"type": "Point", "coordinates": [126.873192, 35.145278]}, "properties": {"addr": "서구 화정로 149", "cnt": 1}}, {"type": "Feature", "geometry": {"type": "Point", "coordinates": [126.873192, 35.145278]}, "properties": {"addr": "서구 화정로 149", "cnt": 3}}, {"type": "Feature", "geometry": {"type": "Point", "coordinates": [126.847423, 35.155227]}, "properties": {"addr": "서구 상무시민로 75", "cnt": 1}}, {"type": "Feature", "geometry": {"type": "Point", "coordinates": [126.847423, 35.155227]}, "properties": {"addr": "서구 상무시민로 75", "cnt": 2}}, {"type": "Feature", "geometry": {"type": "Point", "coordinates": [126.853049, 35.152929]}, "properties": {"addr": "서구 시청로50번길 14", "cnt": 1}}, {"type": "Feature", "geometry": {"type": "Point", "coordinates": [126.853049, 35.152929]}, "properties": {"addr": "서구 시청로50번길 14", "cnt": 3}}, {"type": "Feature", "geometry": {"type": "Point", "coordinates": [126.850253, 35.153933]}, "properties": {"addr": "서구 상무연하로 68", "cnt": 1}}, {"type": "Feature", "geometry": {"type": "Point", "coordinates": [126.850253, 35.153933]}, "properties": {"addr": "서구 상무연하로 68", "cnt": 3}}, {"type": "Feature", "geometry": {"type": "Point", "coordinates": [126.849293, 35.156944]}, "properties": {"addr": "서구 상무중앙로 102", "cnt": 1}}, {"type": "Feature", "geometry": {"type": "Point", "coordinates": [126.849293, 35.156944]}, "properties": {"addr": "서구 상무중앙로 102", "cnt": 2}}, {"type": "Feature", "geometry": {"type": "Point", "coordinates": [126.877589, 35.12646]}, "properties": {"addr": "서구 풍암1로 6", "cnt": 1}}, {"type": "Feature", "geometry": {"type": "Point", "coordinates": [126.877589, 35.12646]}, "properties": {"addr": "서구 풍암1로 6", "cnt": 1}}, {"type": "Feature", "geometry": {"type": "Point", "coordinates": [126.854881, 35.151749]}, "properties": {"addr": "서구 치평동 1242", "cnt": 1}}, {"type": "Feature", "geometry": {"type": "Point", "coordinates": [126.851428, 35.151826]}, "properties": {"addr": "서구 시청로 41", "cnt": 1}}, {"type": "Feature", "geometry": {"type": "Point", "coordinates": [126.851428, 35.151826]}, "properties": {"addr": "서구 시청로 41", "cnt": 3}}, {"type": "Feature", "geometry": {"type": "Point", "coordinates": [126.887428, 35.161184]}, "properties": {"addr": "서구 무진대로 975", "cnt": 1}}, {"type": "Feature", "geometry": {"type": "Point", "coordinates": [126.887428, 35.161184]}, "properties": {"addr": "서구 무진대로 975", "cnt": 3}}, {"type": "Feature", "geometry": {"type": "Point", "coordinates": [126.861863, 35.166577]}, "properties": {"addr": "서구 칠성로 39", "cnt": 1}}, {"type": "Feature", "geometry": {"type": "Point", "coordinates": [126.861863, 35.166577]}, "properties": {"addr": "서구 칠성로 39", "cnt": 2}}, {"type": "Feature", "geometry": {"type": "Point", "coordinates": [126.860305, 35.170685]}, "properties": {"addr": "서구 동천로 25", "cnt": 1}}, {"type": "Feature", "geometry": {"type": "Point", "coordinates": [126.852962, 35.150327]}, "properties": {"addr": "서구 시청로20번길 10", "cnt": 1}}, {"type": "Feature", "geometry": {"type": "Point", "coordinates": [126.853213, 35.147058]}, "properties": {"addr": "서구 마륵복개로 149-1", "cnt": 1}}, {"type": "Feature", "geometry": {"type": "Point", "coordinates": [126.853213, 35.147058]}, "properties": {"addr": "서구 마륵복개로 149-1", "cnt": 2}}, {"type": "Feature", "geometry": {"type": "Point", "coordinates": [126.855138, 35.132067]}, "properties": {"addr": "서구 금화로59번길 6", "cnt": 1}}, {"type": "Feature", "geometry": {"type": "Point", "coordinates": [126.855138, 35.132067]}, "properties": {"addr": "서구 금화로59번길 6", "cnt": 3}}, {"type": "Feature", "geometry": {"type": "Point", "coordinates": [126.849031, 35.145377]}, "properties": {"addr": "서구 마륵동 162-65", "cnt": 1}}, {"type": "Feature", "geometry": {"type": "Point", "coordinates": [126.849031, 35.145377]}, "properties": {"addr": "서구 마륵동 162-65", "cnt": 3}}, {"type": "Feature", "geometry": {"type": "Point", "coordinates": [126.876784, 35.154551]}, "properties": {"addr": "서구 화운로 178", "cnt": 1}}, {"type": "Feature", "geometry": {"type": "Point", "coordinates": [126.876784, 35.154551]}, "properties": {"addr": "서구 화운로 178", "cnt": 3}}, {"type": "Feature", "geometry": {"type": "Point", "coordinates": [126.88537, 35.148093]}, "properties": {"addr": "서구 화정로 259", "cnt": 1}}, {"type": "Feature", "geometry": {"type": "Point", "coordinates": [126.88537, 35.148093]}, "properties": {"addr": "서구 화정로 259", "cnt": 3}}, {"type": "Feature", "geometry": {"type": "Point", "coordinates": [126.878015, 35.1505]}, "properties": {"addr": "서구 화운로 128", "cnt": 1}}, {"type": "Feature", "geometry": {"type": "Point", "coordinates": [126.878015, 35.1505]}, "properties": {"addr": "서구 화운로 128", "cnt": 3}}, {"type": "Feature", "geometry": {"type": "Point", "coordinates": [126.885463, 35.14465]}, "properties": {"addr": "서구 화정로244번길 33", "cnt": 1}}, {"type": "Feature", "geometry": {"type": "Point", "coordinates": [126.885463, 35.14465]}, "properties": {"addr": "서구 화정로244번길 33", "cnt": 1}}, {"type": "Feature", "geometry": {"type": "Point", "coordinates": [126.854106, 35.152949]}, "properties": {"addr": "서구 상무자유로 181-7", "cnt": 1}}, {"type": "Feature", "geometry": {"type": "Point", "coordinates": [126.854106, 35.152949]}, "properties": {"addr": "서구 상무자유로 181-7", "cnt": 2}}, {"type": "Feature", "geometry": {"type": "Point", "coordinates": [126.886776, 35.12912]}, "properties": {"addr": "서구 풍암순환로128번길 89", "cnt": 1}}, {"type": "Feature", "geometry": {"type": "Point", "coordinates": [126.886776, 35.12912]}, "properties": {"addr": "서구 풍암순환로128번길 89", "cnt": 2}}, {"type": "Feature", "geometry": {"type": "Point", "coordinates": [126.884541, 35.158529]}, "properties": {"addr": "서구 농성동 392", "cnt": 1}}, {"type": "Feature", "geometry": {"type": "Point", "coordinates": [126.884541, 35.158529]}, "properties": {"addr": "서구 농성동 392", "cnt": 2}}, {"type": "Feature", "geometry": {"type": "Point", "coordinates": [126.878899, 35.161297]}, "properties": {"addr": "서구 광천동 236-2", "cnt": 1}}, {"type": "Feature", "geometry": {"type": "Point", "coordinates": [126.878899, 35.161297]}, "properties": {"addr": "서구 광천동 236-2", "cnt": 1}}, {"type": "Feature", "geometry": {"type": "Point", "coordinates": [126.882674, 35.126177]}, "properties": {"addr": "서구 풍암중앙로 83", "cnt": 1}}, {"type": "Feature", "geometry": {"type": "Point", "coordinates": [126.882674, 35.126177]}, "properties": {"addr": "서구 풍암중앙로 83", "cnt": 2}}, {"type": "Feature", "geometry": {"type": "Point", "coordinates": [126.879586, 35.140387]}, "properties": {"addr": "서구 염화로134번길 28", "cnt": 1}}, {"type": "Feature", "geometry": {"type": "Point", "coordinates": [126.879586, 35.140387]}, "properties": {"addr": "서구 염화로134번길 28", "cnt": 3}}, {"type": "Feature", "geometry": {"type": "Point", "coordinates": [126.888603, 35.159638]}, "properties": {"addr": "서구 월산로 266", "cnt": 1}}, {"type": "Feature", "geometry": {"type": "Point", "coordinates": [126.888603, 35.159638]}, "properties": {"addr": "서구 월산로 266", "cnt": 1}}, {"type": "Feature", "geometry": {"type": "Point", "coordinates": [126.852953, 35.157057]}, "properties": {"addr": "서구 시청로 98", "cnt": 1}}, {"type": "Feature", "geometry": {"type": "Point", "coordinates": [126.852953, 35.157057]}, "properties": {"addr": "서구 시청로 98", "cnt": 3}}, {"type": "Feature", "geometry": {"type": "Point", "coordinates": [126.881405, 35.123445]}, "properties": {"addr": "서구 풍암2로 56", "cnt": 1}}, {"type": "Feature", "geometry": {"type": "Point", "coordinates": [126.881405, 35.123445]}, "properties": {"addr": "서구 풍암2로 56", "cnt": 3}}, {"type": "Feature", "geometry": {"type": "Point", "coordinates": [126.858199, 35.160013]}, "properties": {"addr": "서구 내방로 153", "cnt": 1}}, {"type": "Feature", "geometry": {"type": "Point", "coordinates": [126.858199, 35.160013]}, "properties": {"addr": "서구 내방로 153", "cnt": 1}}, {"type": "Feature", "geometry": {"type": "Point", "coordinates": [126.861623, 35.164421]}, "properties": {"addr": "서구 상무버들로 18", "cnt": 1}}, {"type": "Feature", "geometry": {"type": "Point", "coordinates": [126.861623, 35.164421]}, "properties": {"addr": "서구 상무버들로 18", "cnt": 3}}, {"type": "Feature", "geometry": {"type": "Point", "coordinates": [126.880615, 35.16584]}, "properties": {"addr": "서구 화운로304번길 15-25", "cnt": 1}}, {"type": "Feature", "geometry": {"type": "Point", "coordinates": [126.880615, 35.16584]}, "properties": {"addr": "서구 화운로304번길 15-25", "cnt": 2}}, {"type": "Feature", "geometry": {"type": "Point", "coordinates": [126.872695, 35.137337]}, "properties": {"addr": "서구 염화로31번길 1", "cnt": 1}}, {"type": "Feature", "geometry": {"type": "Point", "coordinates": [126.872695, 35.137337]}, "properties": {"addr": "서구 염화로31번길 1", "cnt": 2}}, {"type": "Feature", "geometry": {"type": "Point", "coordinates": [126.855008, 35.125425]}, "properties": {"addr": "서구 화개중앙로 60", "cnt": 1}}, {"type": "Feature", "geometry": {"type": "Point", "coordinates": [126.855008, 35.125425]}, "properties": {"addr": "서구 화개중앙로 60", "cnt": 3}}, {"type": "Feature", "geometry": {"type": "Point", "coordinates": [126.862811, 35.130018]}, "properties": {"addr": "서구 금호동 780", "cnt": 1}}, {"type": "Feature", "geometry": {"type": "Point", "coordinates": [126.862811, 35.130018]}, "properties": {"addr": "서구 금호동 780", "cnt": 1}}, {"type": "Feature", "geometry": {"type": "Point", "coordinates": [126.86681, 35.144011]}, "properties": {"addr": "서구 학생독립로 16", "cnt": 1}}, {"type": "Feature", "geometry": {"type": "Point", "coordinates": [126.86681, 35.144011]}, "properties": {"addr": "서구 학생독립로 16", "cnt": 3}}, {"type": "Feature", "geometry": {"type": "Point", "coordinates": [126.859034, 35.164431]}, "properties": {"addr": "서구 상무버들로40번길 1", "cnt": 1}}, {"type": "Feature", "geometry": {"type": "Point", "coordinates": [126.859034, 35.164431]}, "properties": {"addr": "서구 상무버들로40번길 1", "cnt": 3}}, {"type": "Feature", "geometry": {"type": "Point", "coordinates": [126.850166, 35.152898]}, "properties": {"addr": "서구 상무연하로 49", "cnt": 1}}, {"type": "Feature", "geometry": {"type": "Point", "coordinates": [126.850166, 35.152898]}, "properties": {"addr": "서구 상무연하로 49", "cnt": 3}}, {"type": "Feature", "geometry": {"type": "Point", "coordinates": [126.84741, 35.157004]}, "properties": {"addr": "서구 치평로 106", "cnt": 1}}, {"type": "Feature", "geometry": {"type": "Point", "coordinates": [126.84741, 35.157004]}, "properties": {"addr": "서구 치평로 106", "cnt": 3}}, {"type": "Feature", "geometry": {"type": "Point", "coordinates": [126.850192, 35.150334]}, "properties": {"addr": "서구 상무연하로 11", "cnt": 1}}, {"type": "Feature", "geometry": {"type": "Point", "coordinates": [126.850192, 35.150334]}, "properties": {"addr": "서구 상무연하로 11", "cnt": 3}}, {"type": "Feature", "geometry": {"type": "Point", "coordinates": [126.865042, 35.146283]}, "properties": {"addr": "서구 쌍촌로 13-1", "cnt": 1}}, {"type": "Feature", "geometry": {"type": "Point", "coordinates": [126.865042, 35.146283]}, "properties": {"addr": "서구 쌍촌로 13-1", "cnt": 3}}, {"type": "Feature", "geometry": {"type": "Point", "coordinates": [126.879035, 35.161761]}, "properties": {"addr": "서구 광천동 242", "cnt": 1}}, {"type": "Feature", "geometry": {"type": "Point", "coordinates": [126.879035, 35.161761]}, "properties": {"addr": "서구 광천동 242", "cnt": 2}}, {"type": "Feature", "geometry": {"type": "Point", "coordinates": [126.886537, 35.160107]}, "properties": {"addr": "서구 내방로 434", "cnt": 1}}, {"type": "Feature", "geometry": {"type": "Point", "coordinates": [126.886537, 35.160107]}, "properties": {"addr": "서구 내방로 434", "cnt": 2}}, {"type": "Feature", "geometry": {"type": "Point", "coordinates": [126.866337, 35.158724]}, "properties": {"addr": "서구 쌍촌동 106-2", "cnt": 1}}, {"type": "Feature", "geometry": {"type": "Point", "coordinates": [126.866337, 35.158724]}, "properties": {"addr": "서구 쌍촌동 106-2", "cnt": 2}}, {"type": "Feature", "geometry": {"type": "Point", "coordinates": [126.872066, 35.135159]}, "properties": {"addr": "서구 화정동 425-2", "cnt": 1}}, {"type": "Feature", "geometry": {"type": "Point", "coordinates": [126.872066, 35.135159]}, "properties": {"addr": "서구 화정동 425-2", "cnt": 1}}, {"type": "Feature", "geometry": {"type": "Point", "coordinates": [126.885086, 35.154789]}, "properties": {"addr": "서구 농성동 706", "cnt": 1}}, {"type": "Feature", "geometry": {"type": "Point", "coordinates": [126.885086, 35.154789]}, "properties": {"addr": "서구 농성동 706", "cnt": 1}}, {"type": "Feature", "geometry": {"type": "Point", "coordinates": [126.847452, 35.152921]}, "properties": {"addr": "서구 치평동 1183", "cnt": 1}}, {"type": "Feature", "geometry": {"type": "Point", "coordinates": [126.847452, 35.152921]}, "properties": {"addr": "서구 치평동 1183", "cnt": 2}}, {"type": "Feature", "geometry": {"type": "Point", "coordinates": [126.843018, 35.146045]}, "properties": {"addr": "서구 치평동 1277", "cnt": 1}}, {"type": "Feature", "geometry": {"type": "Point", "coordinates": [126.843018, 35.146045]}, "properties": {"addr": "서구 치평동 1277", "cnt": 3}}, {"type": "Feature", "geometry": {"type": "Point", "coordinates": [126.858811, 35.139721]}, "properties": {"addr": "서구 금호동 744", "cnt": 1}}, {"type": "Feature", "geometry": {"type": "Point", "coordinates": [126.858811, 35.139721]}, "properties": {"addr": "서구 금호동 744", "cnt": 3}}, {"type": "Feature", "geometry": {"type": "Point", "coordinates": [126.86655, 35.123]}, "properties": {"addr": "서구 풍암동 951", "cnt": 1}}, {"type": "Feature", "geometry": {"type": "Point", "coordinates": [126.86655, 35.123]}, "properties": {"addr": "서구 풍암동 951", "cnt": 2}}, {"type": "Feature", "geometry": {"type": "Point", "coordinates": [126.899198, 35.154891]}, "properties": {"addr": "서구 양동로 18-1", "cnt": 3}}, {"type": "Feature", "geometry": {"type": "Point", "coordinates": [126.886626, 35.143173]}, "properties": {"addr": "서구 화정동 1632", "cnt": 1}}, {"type": "Feature", "geometry": {"type": "Point", "coordinates": [126.886626, 35.143173]}, "properties": {"addr": "서구 화정동 1632", "cnt": 2}}, {"type": "Feature", "geometry": {"type": "Point", "coordinates": [126.878109, 35.156089]}, "properties": {"addr": "서구 화정동 71-86", "cnt": 1}}, {"type": "Feature", "geometry": {"type": "Point", "coordinates": [126.878109, 35.156089]}, "properties": {"addr": "서구 화정동 71-86", "cnt": 1}}, {"type": "Feature", "geometry": {"type": "Point", "coordinates": [126.872157, 35.14694]}, "properties": {"addr": "서구 화정동 899", "cnt": 1}}, {"type": "Feature", "geometry": {"type": "Point", "coordinates": [126.872157, 35.14694]}, "properties": {"addr": "서구 화정동 899", "cnt": 3}}, {"type": "Feature", "geometry": {"type": "Point", "coordinates": [126.864216, 35.155501]}, "properties": {"addr": "서구 상무오월로38번길 15", "cnt": 1}}, {"type": "Feature", "geometry": {"type": "Point", "coordinates": [126.864216, 35.155501]}, "properties": {"addr": "서구 상무오월로38번길 15", "cnt": 3}}, {"type": "Feature", "geometry": {"type": "Point", "coordinates": [126.861148, 35.135496]}, "properties": {"addr": "서구 금호동 745", "cnt": 1}}, {"type": "Feature", "geometry": {"type": "Point", "coordinates": [126.861148, 35.135496]}, "properties": {"addr": "서구 금호동 745", "cnt": 3}}, {"type": "Feature", "geometry": {"type": "Point", "coordinates": [126.87457, 35.1237]}, "properties": {"addr": "서구 풍암동 1046-1", "cnt": 1}}, {"type": "Feature", "geometry": {"type": "Point", "coordinates": [126.87457, 35.1237]}, "properties": {"addr": "서구 풍암동 1046-1", "cnt": 2}}, {"type": "Feature", "geometry": {"type": "Point", "coordinates": [126.85469, 35.115075]}, "properties": {"addr": "서구 매월동 955", "cnt": 1}}, {"type": "Feature", "geometry": {"type": "Point", "coordinates": [126.85469, 35.115075]}, "properties": {"addr": "서구 매월동 955", "cnt": 2}}, {"type": "Feature", "geometry": {"type": "Point", "coordinates": [126.852018, 35.155188]}, "properties": {"addr": "서구 내방로 102", "cnt": 3}}, {"type": "Feature", "geometry": {"type": "Point", "coordinates": [126.851852, 35.156982]}, "properties": {"addr": "서구 내방로 102", "cnt": 1}}, {"type": "Feature", "geometry": {"type": "Point", "coordinates": [126.851262, 35.157118]}, "properties": {"addr": "서구 내방로 102", "cnt": 1}}, {"type": "Feature", "geometry": {"type": "Point", "coordinates": [126.851262, 35.157118]}, "properties": {"addr": "서구 내방로 102", "cnt": 2}}, {"type": "Feature", "geometry": {"type": "Point", "coordinates": [126.851216, 35.155113]}, "properties": {"addr": "서구 내방로 102", "cnt": 3}}, {"type": "Feature", "geometry": {"type": "Point", "coordinates": [126.858329, 35.130014]}, "properties": {"addr": "서구 금호동 781", "cnt": 1}}, {"type": "Feature", "geometry": {"type": "Point", "coordinates": [126.858329, 35.130014]}, "properties": {"addr": "서구 금호동 781", "cnt": 2}}, {"type": "Feature", "geometry": {"type": "Point", "coordinates": [126.902027, 35.154678]}, "properties": {"addr": "서구 천변좌로 238", "cnt": 1}}, {"type": "Feature", "geometry": {"type": "Point", "coordinates": [126.902027, 35.154678]}, "properties": {"addr": "서구 천변좌로 238", "cnt": 3}}, {"type": "Feature", "geometry": {"type": "Point", "coordinates": [126.903797, 35.153431]}, "properties": {"addr": "서구 천변좌로 238", "cnt": 1}}, {"type": "Feature", "geometry": {"type": "Point", "coordinates": [126.903797, 35.153431]}, "properties": {"addr": "서구 천변좌로 238", "cnt": 1}}, {"type": "Feature", "geometry": {"type": "Point", "coordinates": [126.863843, 35.113406]}, "properties": {"addr": "서구 매월동 950", "cnt": 1}}, {"type": "Feature", "geometry": {"type": "Point", "coordinates": [126.863843, 35.113406]}, "properties": {"addr": "서구 매월동 950", "cnt": 1}}, {"type": "Feature", "geometry": {"type": "Point", "coordinates": [126.865062, 35.114432]}, "properties": {"addr": "서구 매월동 949", "cnt": 1}}, {"type": "Feature", "geometry": {"type": "Point", "coordinates": [126.865062, 35.114432]}, "properties": {"addr": "서구 매월동 949", "cnt": 2}}, {"type": "Feature", "geometry": {"type": "Point", "coordinates": [126.864385, 35.116647]}, "properties": {"addr": "서구 매월동 942", "cnt": 1}}, {"type": "Feature", "geometry": {"type": "Point", "coordinates": [126.864385, 35.116647]}, "properties": {"addr": "서구 매월동 942", "cnt": 1}}, {"type": "Feature", "geometry": {"type": "Point", "coordinates": [126.861941, 35.118366]}, "properties": {"addr": "서구 매월동 941", "cnt": 1}}, {"type": "Feature", "geometry": {"type": "Point", "coordinates": [126.851674, 35.152891]}, "properties": {"addr": "서구 시청로 53", "cnt": 1}}, {"type": "Feature", "geometry": {"type": "Point", "coordinates": [126.851674, 35.152891]}, "properties": {"addr": "서구 시청로 53", "cnt": 2}}, {"type": "Feature", "geometry": {"type": "Point", "coordinates": [126.867947, 35.166247]}, "properties": {"addr": "서구 쌍촌동 21-1", "cnt": 1}}, {"type": "Feature", "geometry": {"type": "Point", "coordinates": [126.867947, 35.166247]}, "properties": {"addr": "서구 쌍촌동 21-1", "cnt": 1}}, {"type": "Feature", "geometry": {"type": "Point", "coordinates": [126.897568, 35.12681]}, "properties": {"addr": "남구 서문대로 755", "cnt": 1}}, {"type": "Feature", "geometry": {"type": "Point", "coordinates": [126.897568, 35.12681]}, "properties": {"addr": "남구 서문대로 755", "cnt": 1}}, {"type": "Feature", "geometry": {"type": "Point", "coordinates": [126.916622, 35.122655]}, "properties": {"addr": "남구 봉선로 198", "cnt": 1}}, {"type": "Feature", "geometry": {"type": "Point", "coordinates": [126.916622, 35.122655]}, "properties": {"addr": "남구 봉선로 198", "cnt": 1}}, {"type": "Feature", "geometry": {"type": "Point", "coordinates": [126.916814, 35.122046]}, "properties": {"addr": "남구 효사랑길 7", "cnt": 1}}, {"type": "Feature", "geometry": {"type": "Point", "coordinates": [126.916814, 35.122046]}, "properties": {"addr": "남구 효사랑길 7", "cnt": 2}}, {"type": "Feature", "geometry": {"type": "Point", "coordinates": [126.911197, 35.12795]}, "properties": {"addr": "남구 봉선중앙로 80", "cnt": 1}}, {"type": "Feature", "geometry": {"type": "Point", "coordinates": [126.911197, 35.12795]}, "properties": {"addr": "남구 봉선중앙로 80", "cnt": 2}}, {"type": "Feature", "geometry": {"type": "Point", "coordinates": [126.912724, 35.122925]}, "properties": {"addr": "남구 봉선로 164", "cnt": 1}}, {"type": "Feature", "geometry": {"type": "Point", "coordinates": [126.912724, 35.122925]}, "properties": {"addr": "남구 봉선로 164", "cnt": 3}}, {"type": "Feature", "geometry": {"type": "Point", "coordinates": [126.896117, 35.110731]}, "properties": {"addr": "남구 효덕로 307", "cnt": 1}}, {"type": "Feature", "geometry": {"type": "Point", "coordinates": [126.896117, 35.110731]}, "properties": {"addr": "남구 효덕로 307", "cnt": 1}}, {"type": "Feature", "geometry": {"type": "Point", "coordinates": [126.902857, 35.13239]}, "properties": {"addr": "남구 봉선로9번길 4", "cnt": 1}}, {"type": "Feature", "geometry": {"type": "Point", "coordinates": [126.902857, 35.13239]}, "properties": {"addr": "남구 봉선로9번길 4", "cnt": 2}}, {"type": "Feature", "geometry": {"type": "Point", "coordinates": [126.902268, 35.132201]}, "properties": {"addr": "남구 봉선로 12", "cnt": 1}}, {"type": "Feature", "geometry": {"type": "Point", "coordinates": [126.902268, 35.132201]}, "properties": {"addr": "남구 봉선로 12", "cnt": 2}}, {"type": "Feature", "geometry": {"type": "Point", "coordinates": [126.898714, 35.11767]}, "properties": {"addr": "남구 서문대로 654", "cnt": 1}}, {"type": "Feature", "geometry": {"type": "Point", "coordinates": [126.898714, 35.11767]}, "properties": {"addr": "남구 서문대로 654", "cnt": 2}}, {"type": "Feature", "geometry": {"type": "Point", "coordinates": [126.898827, 35.121116]}, "properties": {"addr": "남구 서문대로 692", "cnt": 1}}, {"type": "Feature", "geometry": {"type": "Point", "coordinates": [126.898827, 35.121116]}, "properties": {"addr": "남구 서문대로 692", "cnt": 3}}, {"type": "Feature", "geometry": {"type": "Point", "coordinates": [126.88868, 35.101731]}, "properties": {"addr": "남구 효우2로 30", "cnt": 1}}, {"type": "Feature", "geometry": {"type": "Point", "coordinates": [126.88868, 35.101731]}, "properties": {"addr": "남구 효우2로 30", "cnt": 2}}, {"type": "Feature", "geometry": {"type": "Point", "coordinates": [126.906037, 35.138531]}, "properties": {"addr": "남구 독립로54번길 29", "cnt": 1}}, {"type": "Feature", "geometry": {"type": "Point", "coordinates": [126.906037, 35.138531]}, "properties": {"addr": "남구 독립로54번길 29", "cnt": 1}}, {"type": "Feature", "geometry": {"type": "Point", "coordinates": [126.906037, 35.138531]}, "properties": {"addr": "남구 독립로54번길 29", "cnt": 2}}, {"type": "Feature", "geometry": {"type": "Point", "coordinates": [126.914529, 35.137058]}, "properties": {"addr": "남구 양림로 54", "cnt": 1}}, {"type": "Feature", "geometry": {"type": "Point", "coordinates": [126.914529, 35.137058]}, "properties": {"addr": "남구 양림로 54", "cnt": 3}}, {"type": "Feature", "geometry": {"type": "Point", "coordinates": [126.89696, 35.109046]}, "properties": {"addr": "남구 효덕로 286", "cnt": 1}}, {"type": "Feature", "geometry": {"type": "Point", "coordinates": [126.899893, 35.111902]}, "properties": {"addr": "남구 화산로 27", "cnt": 1}}, {"type": "Feature", "geometry": {"type": "Point", "coordinates": [126.899893, 35.111902]}, "properties": {"addr": "남구 화산로 27", "cnt": 2}}, {"type": "Feature", "geometry": {"type": "Point", "coordinates": [126.893771, 35.1307]}, "properties": {"addr": "남구 회서로22번길 2", "cnt": 1}}, {"type": "Feature", "geometry": {"type": "Point", "coordinates": [126.893771, 35.1307]}, "properties": {"addr": "남구 회서로22번길 2", "cnt": 2}}, {"type": "Feature", "geometry": {"type": "Point", "coordinates": [126.896505, 35.149613]}, "properties": {"addr": "남구 월산로 135", "cnt": 1}}, {"type": "Feature", "geometry": {"type": "Point", "coordinates": [126.896505, 35.149613]}, "properties": {"addr": "남구 월산로 135", "cnt": 1}}, {"type": "Feature", "geometry": {"type": "Point", "coordinates": [126.909748, 35.147928]}, "properties": {"addr": "남구 천변좌로338번길 10", "cnt": 1}}, {"type": "Feature", "geometry": {"type": "Point", "coordinates": [126.909748, 35.147928]}, "properties": {"addr": "남구 천변좌로338번길 10", "cnt": 2}}, {"type": "Feature", "geometry": {"type": "Point", "coordinates": [126.900675, 35.101726]}, "properties": {"addr": "남구 행암동 685", "cnt": 1}}, {"type": "Feature", "geometry": {"type": "Point", "coordinates": [126.900675, 35.101726]}, "properties": {"addr": "남구 행암동 685", "cnt": 3}}, {"type": "Feature", "geometry": {"type": "Point", "coordinates": [126.904182, 35.105214]}, "properties": {"addr": "남구 노대동 738", "cnt": 1}}, {"type": "Feature", "geometry": {"type": "Point", "coordinates": [126.904182, 35.105214]}, "properties": {"addr": "남구 노대동 738", "cnt": 2}}, {"type": "Feature", "geometry": {"type": "Point", "coordinates": [126.906273, 35.125372]}, "properties": {"addr": "남구 봉선로 96", "cnt": 1}}, {"type": "Feature", "geometry": {"type": "Point", "coordinates": [126.906273, 35.125372]}, "properties": {"addr": "남구 봉선로 96", "cnt": 2}}, {"type": "Feature", "geometry": {"type": "Point", "coordinates": [126.913484, 35.125829]}, "properties": {"addr": "남구 유안초등북길 1", "cnt": 1}}, {"type": "Feature", "geometry": {"type": "Point", "coordinates": [126.913484, 35.125829]}, "properties": {"addr": "남구 유안초등북길 1", "cnt": 2}}, {"type": "Feature", "geometry": {"type": "Point", "coordinates": [126.916405, 35.121293]}, "properties": {"addr": "남구 효사랑길 12", "cnt": 1}}, {"type": "Feature", "geometry": {"type": "Point", "coordinates": [126.916405, 35.121293]}, "properties": {"addr": "남구 효사랑길 12", "cnt": 2}}, {"type": "Feature", "geometry": {"type": "Point", "coordinates": [126.911819, 35.137171]}, "properties": {"addr": "남구 백서로 31", "cnt": 1}}, {"type": "Feature", "geometry": {"type": "Point", "coordinates": [126.911819, 35.137171]}, "properties": {"addr": "남구 백서로 31", "cnt": 2}}, {"type": "Feature", "geometry": {"type": "Point", "coordinates": [126.907922, 35.136688]}, "properties": {"addr": "남구 백운로 34", "cnt": 1}}, {"type": "Feature", "geometry": {"type": "Point", "coordinates": [126.907922, 35.136688]}, "properties": {"addr": "남구 백운로 34", "cnt": 2}}, {"type": "Feature", "geometry": {"type": "Point", "coordinates": [126.895763, 35.13838]}, "properties": {"addr": "남구 대남대로 295", "cnt": 1}}, {"type": "Feature", "geometry": {"type": "Point", "coordinates": [126.895763, 35.13838]}, "properties": {"addr": "남구 대남대로 295", "cnt": 3}}, {"type": "Feature", "geometry": {"type": "Point", "coordinates": [126.896412, 35.134148]}, "properties": {"addr": "남구 회재로 1241", "cnt": 1}}, {"type": "Feature", "geometry": {"type": "Point", "coordinates": [126.896412, 35.134148]}, "properties": {"addr": "남구 회재로 1241", "cnt": 3}}, {"type": "Feature", "geometry": {"type": "Point", "coordinates": [126.891314, 35.130953]}, "properties": {"addr": "남구 회재로1186번길 9", "cnt": 1}}, {"type": "Feature", "geometry": {"type": "Point", "coordinates": [126.891314, 35.130953]}, "properties": {"addr": "남구 회재로1186번길 9", "cnt": 1}}, {"type": "Feature", "geometry": {"type": "Point", "coordinates": [126.905484, 35.12894]}, "properties": {"addr": "남구 봉선로51번길 10", "cnt": 1}}, {"type": "Feature", "geometry": {"type": "Point", "coordinates": [126.911248, 35.12114]}, "properties": {"addr": "남구 봉선로144번길 8", "cnt": 1}}, {"type": "Feature", "geometry": {"type": "Point", "coordinates": [126.911248, 35.12114]}, "properties": {"addr": "남구 봉선로144번길 8", "cnt": 2}}, {"type": "Feature", "geometry": {"type": "Point", "coordinates": [126.897209, 35.148134]}, "properties": {"addr": "남구 월산로116번길 6", "cnt": 1}}, {"type": "Feature", "geometry": {"type": "Point", "coordinates": [126.897209, 35.148134]}, "properties": {"addr": "남구 월산로116번길 6", "cnt": 1}}, {"type": "Feature", "geometry": {"type": "Point", "coordinates": [126.913819, 35.138711]}, "properties": {"addr": "남구 제중로46번길 1", "cnt": 1}}, {"type": "Feature", "geometry": {"type": "Point", "coordinates": [126.913819, 35.138711]}, "properties": {"addr": "남구 제중로46번길 1", "cnt": 3}}, {"type": "Feature", "geometry": {"type": "Point", "coordinates": [126.910263, 35.124995]}, "properties": {"addr": "남구 봉선중앙로47번길 10", "cnt": 1}}, {"type": "Feature", "geometry": {"type": "Point", "coordinates": [126.910263, 35.124995]}, "properties": {"addr": "남구 봉선중앙로47번길 10", "cnt": 3}}, {"type": "Feature", "geometry": {"type": "Point", "coordinates": [126.912436, 35.121096]}, "properties": {"addr": "남구 제석로80번길 47", "cnt": 1}}, {"type": "Feature", "geometry": {"type": "Point", "coordinates": [126.912436, 35.121096]}, "properties": {"addr": "남구 제석로80번길 47", "cnt": 2}}, {"type": "Feature", "geometry": {"type": "Point", "coordinates": [126.911295, 35.132131]}, "properties": {"addr": "남구 대남대로127번길 19", "cnt": 1}}, {"type": "Feature", "geometry": {"type": "Point", "coordinates": [126.911295, 35.132131]}, "properties": {"addr": "남구 대남대로127번길 19", "cnt": 3}}, {"type": "Feature", "geometry": {"type": "Point", "coordinates": [126.912581, 35.136411]}, "properties": {"addr": "남구 양림로 34", "cnt": 1}}, {"type": "Feature", "geometry": {"type": "Point", "coordinates": [126.912581, 35.136411]}, "properties": {"addr": "남구 양림로 34", "cnt": 1}}, {"type": "Feature", "geometry": {"type": "Point", "coordinates": [126.894789, 35.110471]}, "properties": {"addr": "남구 서문대로556번길 13", "cnt": 1}}, {"type": "Feature", "geometry": {"type": "Point", "coordinates": [126.894789, 35.110471]}, "properties": {"addr": "남구 서문대로556번길 13", "cnt": 2}}, {"type": "Feature", "geometry": {"type": "Point", "coordinates": [126.90749, 35.124623]}, "properties": {"addr": "남구 봉선동 624-6", "cnt": 1}}, {"type": "Feature", "geometry": {"type": "Point", "coordinates": [126.90749, 35.124623]}, "properties": {"addr": "남구 봉선동 624-6", "cnt": 3}}, {"type": "Feature", "geometry": {"type": "Point", "coordinates": [126.890757, 35.136564]}, "properties": {"addr": "남구 봉주길 32", "cnt": 1}}, {"type": "Feature", "geometry": {"type": "Point", "coordinates": [126.918266, 35.138495]}, "properties": {"addr": "남구 양림로 92", "cnt": 1}}, {"type": "Feature", "geometry": {"type": "Point", "coordinates": [126.918266, 35.138495]}, "properties": {"addr": "남구 양림로 92", "cnt": 1}}, {"type": "Feature", "geometry": {"type": "Point", "coordinates": [126.915625, 35.140317]}, "properties": {"addr": "남구 서서평길 30", "cnt": 1}}, {"type": "Feature", "geometry": {"type": "Point", "coordinates": [126.915447, 35.138654]}, "properties": {"addr": "남구 백서로70번길 2", "cnt": 1}}, {"type": "Feature", "geometry": {"type": "Point", "coordinates": [126.915447, 35.138654]}, "properties": {"addr": "남구 백서로70번길 2", "cnt": 2}}, {"type": "Feature", "geometry": {"type": "Point", "coordinates": [126.914167, 35.137855]}, "properties": {"addr": "남구 제중로 37", "cnt": 1}}, {"type": "Feature", "geometry": {"type": "Point", "coordinates": [126.873067, 35.101616]}, "properties": {"addr": "남구 효천2로 26", "cnt": 1}}, {"type": "Feature", "geometry": {"type": "Point", "coordinates": [126.873067, 35.101616]}, "properties": {"addr": "남구 효천2로 26", "cnt": 2}}, {"type": "Feature", "geometry": {"type": "Point", "coordinates": [126.871665, 35.103216]}, "properties": {"addr": "남구 효천중앙로 34", "cnt": 1}}, {"type": "Feature", "geometry": {"type": "Point", "coordinates": [126.873384, 35.102871]}, "properties": {"addr": "남구 효천중앙로 35", "cnt": 1}}, {"type": "Feature", "geometry": {"type": "Point", "coordinates": [126.873384, 35.102871]}, "properties": {"addr": "남구 효천중앙로 35", "cnt": 2}}, {"type": "Feature", "geometry": {"type": "Point", "coordinates": [126.897507, 35.121908]}, "properties": {"addr": "남구 광복마을길 47", "cnt": 1}}, {"type": "Feature", "geometry": {"type": "Point", "coordinates": [126.897507, 35.121908]}, "properties": {"addr": "남구 광복마을길 47", "cnt": 3}}, {"type": "Feature", "geometry": {"type": "Point", "coordinates": [126.898177, 35.118711]}, "properties": {"addr": "남구 광복마을길 9", "cnt": 1}}, {"type": "Feature", "geometry": {"type": "Point", "coordinates": [126.898177, 35.118711]}, "properties": {"addr": "남구 광복마을길 9", "cnt": 3}}, {"type": "Feature", "geometry": {"type": "Point", "coordinates": [126.918288, 35.127097]}, "properties": {"addr": "남구 용대로 123", "cnt": 1}}, {"type": "Feature", "geometry": {"type": "Point", "coordinates": [126.918288, 35.127097]}, "properties": {"addr": "남구 용대로 123", "cnt": 2}}, {"type": "Feature", "geometry": {"type": "Point", "coordinates": [126.897775, 35.212427]}, "properties": {"addr": "북구 설죽로 590", "cnt": 1}}, {"type": "Feature", "geometry": {"type": "Point", "coordinates": [126.897775, 35.212427]}, "properties": {"addr": "북구 설죽로 590", "cnt": 1}}, {"type": "Feature", "geometry": {"type": "Point", "coordinates": [126.897895, 35.212396]}, "properties": {"addr": "북구 설죽로 590", "cnt": 1}}, {"type": "Feature", "geometry": {"type": "Point", "coordinates": [126.906823, 35.159564]}, "properties": {"addr": "북구 중가로 59", "cnt": 2}}, {"type": "Feature", "geometry": {"type": "Point", "coordinates": [126.903396, 35.154765]}, "properties": {"addr": "북구 천변우로 261", "cnt": 1}}, {"type": "Feature", "geometry": {"type": "Point", "coordinates": [126.903396, 35.154765]}, "properties": {"addr": "북구 천변우로 261", "cnt": 1}}, {"type": "Feature", "geometry": {"type": "Point", "coordinates": [126.890231, 35.181161]}, "properties": {"addr": "북구 비엔날레로 108", "cnt": 1}}, {"type": "Feature", "geometry": {"type": "Point", "coordinates": [126.890231, 35.181161]}, "properties": {"addr": "북구 비엔날레로 108", "cnt": 1}}, {"type": "Feature", "geometry": {"type": "Point", "coordinates": [126.898467, 35.202849]}, "properties": {"addr": "북구 설죽로 489", "cnt": 1}}, {"type": "Feature", "geometry": {"type": "Point", "coordinates": [126.898467, 35.202849]}, "properties": {"addr": "북구 설죽로 489", "cnt": 2}}, {"type": "Feature", "geometry": {"type": "Point", "coordinates": [126.895231, 35.178323]}, "properties": {"addr": "북구 임방울대로 1053", "cnt": 1}}, {"type": "Feature", "geometry": {"type": "Point", "coordinates": [126.895231, 35.178323]}, "properties": {"addr": "북구 임방울대로 1053", "cnt": 1}}, {"type": "Feature", "geometry": {"type": "Point", "coordinates": [126.912664, 35.175382]}, "properties": {"addr": "북구 우치로 90", "cnt": 1}}, {"type": "Feature", "geometry": {"type": "Point", "coordinates": [126.912664, 35.175382]}, "properties": {"addr": "북구 우치로 90", "cnt": 2}}, {"type": "Feature", "geometry": {"type": "Point", "coordinates": [126.912407, 35.177196]}, "properties": {"addr": "북구 우치로 110", "cnt": 2}}, {"type": "Feature", "geometry": {"type": "Point", "coordinates": [126.873329, 35.181218]}, "properties": {"addr": "북구 북문대로 137", "cnt": 1}}, {"type": "Feature", "geometry": {"type": "Point", "coordinates": [126.875442, 35.179221]}, "properties": {"addr": "북구 북문대로 117", "cnt": 1}}, {"type": "Feature", "geometry": {"type": "Point", "coordinates": [126.875442, 35.179221]}, "properties": {"addr": "북구 북문대로 117", "cnt": 2}}, {"type": "Feature", "geometry": {"type": "Point", "coordinates": [126.881549, 35.175291]}, "properties": {"addr": "북구 북문대로 40", "cnt": 1}}, {"type": "Feature", "geometry": {"type": "Point", "coordinates": [126.881549, 35.175291]}, "properties": {"addr": "북구 북문대로 40", "cnt": 2}}, {"type": "Feature", "geometry": {"type": "Point", "coordinates": [126.88922, 35.172713]}, "properties": {"addr": "북구 서암대로 33", "cnt": 1}}, {"type": "Feature", "geometry": {"type": "Point", "coordinates": [126.88922, 35.172713]}, "properties": {"addr": "북구 서암대로 33", "cnt": 2}}, {"type": "Feature", "geometry": {"type": "Point", "coordinates": [126.920775, 35.171737]}, "properties": {"addr": "북구 서방로 74-2", "cnt": 1}}, {"type": "Feature", "geometry": {"type": "Point", "coordinates": [126.920775, 35.171737]}, "properties": {"addr": "북구 서방로 74-2", "cnt": 1}}, {"type": "Feature", "geometry": {"type": "Point", "coordinates": [126.92189, 35.171336]}, "properties": {"addr": "북구 서방로 83", "cnt": 2}}, {"type": "Feature", "geometry": {"type": "Point", "coordinates": [126.921749, 35.170495]}, "properties": {"addr": "북구 동문대로 65", "cnt": 1}}, {"type": "Feature", "geometry": {"type": "Point", "coordinates": [126.921749, 35.170495]}, "properties": {"addr": "북구 동문대로 65", "cnt": 1}}, {"type": "Feature", "geometry": {"type": "Point", "coordinates": [126.924794, 35.172687]}, "properties": {"addr": "북구 동문대로 103", "cnt": 1}}, {"type": "Feature", "geometry": {"type": "Point", "coordinates": [126.924794, 35.172687]}, "properties": {"addr": "북구 동문대로 103", "cnt": 1}}, {"type": "Feature", "geometry": {"type": "Point", "coordinates": [126.924031, 35.171786]}, "properties": {"addr": "북구 동문대로 94", "cnt": 1}}, {"type": "Feature", "geometry": {"type": "Point", "coordinates": [126.924031, 35.171786]}, "properties": {"addr": "북구 동문대로 94", "cnt": 2}}, {"type": "Feature", "geometry": {"type": "Point", "coordinates": [126.93486, 35.161691]}, "properties": {"addr": "북구 밤실로 162", "cnt": 1}}, {"type": "Feature", "geometry": {"type": "Point", "coordinates": [126.93486, 35.161691]}, "properties": {"addr": "북구 밤실로 162", "cnt": 2}}, {"type": "Feature", "geometry": {"type": "Point", "coordinates": [126.929653, 35.179059]}, "properties": {"addr": "북구 동문대로 200", "cnt": 1}}, {"type": "Feature", "geometry": {"type": "Point", "coordinates": [126.929653, 35.179059]}, "properties": {"addr": "북구 동문대로 200", "cnt": 1}}, {"type": "Feature", "geometry": {"type": "Point", "coordinates": [126.930214, 35.180458]}, "properties": {"addr": "북구 동문대로 206", "cnt": 1}}, {"type": "Feature", "geometry": {"type": "Point", "coordinates": [126.930214, 35.180458]}, "properties": {"addr": "북구 동문대로 206", "cnt": 3}}, {"type": "Feature", "geometry": {"type": "Point", "coordinates": [127.001046, 35.185266]}, "properties": {"addr": "북구 송강로 424", "cnt": 1}}, {"type": "Feature", "geometry": {"type": "Point", "coordinates": [127.001046, 35.185266]}, "properties": {"addr": "북구 송강로 424", "cnt": 2}}, {"type": "Feature", "geometry": {"type": "Point", "coordinates": [126.89752, 35.205654]}, "properties": {"addr": "북구 설죽로 523", "cnt": 2}}, {"type": "Feature", "geometry": {"type": "Point", "coordinates": [126.898343, 35.204024]}, "properties": {"addr": "북구 설죽로 504", "cnt": 3}}, {"type": "Feature", "geometry": {"type": "Point", "coordinates": [126.87436, 35.211976]}, "properties": {"addr": "북구 하서로 414", "cnt": 1}}, {"type": "Feature", "geometry": {"type": "Point", "coordinates": [126.87436, 35.211976]}, "properties": {"addr": "북구 하서로 414", "cnt": 2}}, {"type": "Feature", "geometry": {"type": "Point", "coordinates": [126.870837, 35.206204]}, "properties": {"addr": "북구 연양로 32", "cnt": 1}}, {"type": "Feature", "geometry": {"type": "Point", "coordinates": [126.870837, 35.206204]}, "properties": {"addr": "북구 연양로 32", "cnt": 1}}, {"type": "Feature", "geometry": {"type": "Point", "coordinates": [126.935842, 35.161879]}, "properties": {"addr": "북구 오룡동 1109-4", "cnt": 1}}, {"type": "Feature", "geometry": {"type": "Point", "coordinates": [126.935842, 35.161879]}, "properties": {"addr": "북구 오룡동 1109-4", "cnt": 1}}, {"type": "Feature", "geometry": {"type": "Point", "coordinates": [126.864312, 35.206179]}, "properties": {"addr": "북구 첨단연신로77번길 20", "cnt": 1}}, {"type": "Feature", "geometry": {"type": "Point", "coordinates": [126.864312, 35.206179]}, "properties": {"addr": "북구 첨단연신로77번길 20", "cnt": 2}}, {"type": "Feature", "geometry": {"type": "Point", "coordinates": [126.858558, 35.20614]}, "properties": {"addr": "북구 연제동 1011", "cnt": 1}}, {"type": "Feature", "geometry": {"type": "Point", "coordinates": [126.858558, 35.20614]}, "properties": {"addr": "북구 연제동 1011", "cnt": 2}}, {"type": "Feature", "geometry": {"type": "Point", "coordinates": [126.926028, 35.174237]}, "properties": {"addr": "북구 동문대로 127", "cnt": 1}}, {"type": "Feature", "geometry": {"type": "Point", "coordinates": [126.926028, 35.174237]}, "properties": {"addr": "북구 동문대로 127", "cnt": 2}}, {"type": "Feature", "geometry": {"type": "Point", "coordinates": [126.927956, 35.176348]}, "properties": {"addr": "북구 동문대로 154", "cnt": 1}}, {"type": "Feature", "geometry": {"type": "Point", "coordinates": [126.927956, 35.176348]}, "properties": {"addr": "북구 동문대로 154", "cnt": 3}}, {"type": "Feature", "geometry": {"type": "Point", "coordinates": [126.887987, 35.163273]}, "properties": {"addr": "북구 천변우로 81", "cnt": 1}}, {"type": "Feature", "geometry": {"type": "Point", "coordinates": [126.887987, 35.163273]}, "properties": {"addr": "북구 천변우로 81", "cnt": 2}}, {"type": "Feature", "geometry": {"type": "Point", "coordinates": [126.887412, 35.169956]}, "properties": {"addr": "북구 무등로 28", "cnt": 1}}, {"type": "Feature", "geometry": {"type": "Point", "coordinates": [126.887412, 35.169956]}, "properties": {"addr": "북구 무등로 28", "cnt": 2}}, {"type": "Feature", "geometry": {"type": "Point", "coordinates": [126.890774, 35.1677]}, "properties": {"addr": "북구 임동 321-5", "cnt": 1}}, {"type": "Feature", "geometry": {"type": "Point", "coordinates": [126.890774, 35.1677]}, "properties": {"addr": "북구 임동 321-5", "cnt": 2}}, {"type": "Feature", "geometry": {"type": "Point", "coordinates": [126.890054, 35.169208]}, "properties": {"addr": "북구 임동 321-1", "cnt": 1}}, {"type": "Feature", "geometry": {"type": "Point", "coordinates": [126.890054, 35.169208]}, "properties": {"addr": "북구 임동 321-1", "cnt": 3}}, {"type": "Feature", "geometry": {"type": "Point", "coordinates": [126.899636, 35.193957]}, "properties": {"addr": "북구 설죽로 394", "cnt": 1}}, {"type": "Feature", "geometry": {"type": "Point", "coordinates": [126.899636, 35.193957]}, "properties": {"addr": "북구 설죽로 394", "cnt": 2}}, {"type": "Feature", "geometry": {"type": "Point", "coordinates": [126.872489, 35.182062]}, "properties": {"addr": "북구 북문대로 151", "cnt": 1}}, {"type": "Feature", "geometry": {"type": "Point", "coordinates": [126.891231, 35.176327]}, "properties": {"addr": "북구 청계로 33", "cnt": 1}}, {"type": "Feature", "geometry": {"type": "Point", "coordinates": [126.891231, 35.176327]}, "properties": {"addr": "북구 청계로 33", "cnt": 2}}, {"type": "Feature", "geometry": {"type": "Point", "coordinates": [126.911539, 35.185228]}, "properties": {"addr": "북구 대천로 55", "cnt": 1}}, {"type": "Feature", "geometry": {"type": "Point", "coordinates": [126.937164, 35.161864]}, "properties": {"addr": "북구 삼정로 4", "cnt": 1}}, {"type": "Feature", "geometry": {"type": "Point", "coordinates": [126.933587, 35.187594]}, "properties": {"addr": "북구 동문대로 289", "cnt": 1}}, {"type": "Feature", "geometry": {"type": "Point", "coordinates": [126.871599, 35.213592]}, "properties": {"addr": "북구 임방울대로1041번길 12", "cnt": 1}}, {"type": "Feature", "geometry": {"type": "Point", "coordinates": [126.871599, 35.213592]}, "properties": {"addr": "북구 임방울대로1041번길 12", "cnt": 3}}, {"type": "Feature", "geometry": {"type": "Point", "coordinates": [126.873354, 35.174231]}, "properties": {"addr": "북구 대자로 5", "cnt": 1}}, {"type": "Feature", "geometry": {"type": "Point", "coordinates": [126.873354, 35.174231]}, "properties": {"addr": "북구 대자로 5", "cnt": 3}}, {"type": "Feature", "geometry": {"type": "Point", "coordinates": [126.866023, 35.18817]}, "properties": {"addr": "북구 북문대로242번길 13", "cnt": 1}}, {"type": "Feature", "geometry": {"type": "Point", "coordinates": [126.866023, 35.18817]}, "properties": {"addr": "북구 북문대로242번길 13", "cnt": 3}}, {"type": "Feature", "geometry": {"type": "Point", "coordinates": [126.917142, 35.185142]}, "properties": {"addr": "북구 능안로 7", "cnt": 1}}, {"type": "Feature", "geometry": {"type": "Point", "coordinates": [126.917142, 35.185142]}, "properties": {"addr": "북구 능안로 7", "cnt": 1}}, {"type": "Feature", "geometry": {"type": "Point", "coordinates": [126.894382, 35.189187]}, "properties": {"addr": "북구 매곡로 48", "cnt": 1}}, {"type": "Feature", "geometry": {"type": "Point", "coordinates": [126.894382, 35.189187]}, "properties": {"addr": "북구 매곡로 48", "cnt": 1}}, {"type": "Feature", "geometry": {"type": "Point", "coordinates": [126.876717, 35.178631]}, "properties": {"addr": "북구 북문대로 96", "cnt": 1}}, {"type": "Feature", "geometry": {"type": "Point", "coordinates": [126.895376, 35.178512]}, "properties": {"addr": "북구 용봉택지로 81", "cnt": 4}}, {"type": "Feature", "geometry": {"type": "Point", "coordinates": [126.895608, 35.181616]}, "properties": {"addr": "북구 저불로 80-1", "cnt": 1}}, {"type": "Feature", "geometry": {"type": "Point", "coordinates": [126.895608, 35.181616]}, "properties": {"addr": "북구 저불로 80-1", "cnt": 1}}, {"type": "Feature", "geometry": {"type": "Point", "coordinates": [126.922011, 35.186211]}, "properties": {"addr": "북구 대천로 140-7", "cnt": 1}}, {"type": "Feature", "geometry": {"type": "Point", "coordinates": [126.922011, 35.186211]}, "properties": {"addr": "북구 대천로 140-7", "cnt": 1}}, {"type": "Feature", "geometry": {"type": "Point", "coordinates": [126.921491, 35.184845]}, "properties": {"addr": "북구 문산로 27-7", "cnt": 1}}, {"type": "Feature", "geometry": {"type": "Point", "coordinates": [126.921491, 35.184845]}, "properties": {"addr": "북구 문산로 27-7", "cnt": 1}}, {"type": "Feature", "geometry": {"type": "Point", "coordinates": [126.918621, 35.185304]}, "properties": {"addr": "북구 천지인로173번길 28", "cnt": 1}}, {"type": "Feature", "geometry": {"type": "Point", "coordinates": [126.918621, 35.185304]}, "properties": {"addr": "북구 천지인로173번길 28", "cnt": 3}}, {"type": "Feature", "geometry": {"type": "Point", "coordinates": [126.917627, 35.182897]}, "properties": {"addr": "북구 천지인로173번길 10", "cnt": 1}}, {"type": "Feature", "geometry": {"type": "Point", "coordinates": [126.917627, 35.182897]}, "properties": {"addr": "북구 천지인로173번길 10", "cnt": 3}}, {"type": "Feature", "geometry": {"type": "Point", "coordinates": [126.911592, 35.17329]}, "properties": {"addr": "북구 용봉로 135", "cnt": 1}}, {"type": "Feature", "geometry": {"type": "Point", "coordinates": [126.911592, 35.17329]}, "properties": {"addr": "북구 용봉로 135", "cnt": 2}}, {"type": "Feature", "geometry": {"type": "Point", "coordinates": [126.914295, 35.175088]}, "properties": {"addr": "북구 호동로 15", "cnt": 1}}, {"type": "Feature", "geometry": {"type": "Point", "coordinates": [126.914295, 35.175088]}, "properties": {"addr": "북구 호동로 15", "cnt": 3}}, {"type": "Feature", "geometry": {"type": "Point", "coordinates": [126.875156, 35.213203]}, "properties": {"addr": "북구 하서로 429", "cnt": 1}}, {"type": "Feature", "geometry": {"type": "Point", "coordinates": [126.875156, 35.213203]}, "properties": {"addr": "북구 하서로 429", "cnt": 1}}, {"type": "Feature", "geometry": {"type": "Point", "coordinates": [126.888775, 35.188063]}, "properties": {"addr": "북구 하백로5번길 10", "cnt": 1}}, {"type": "Feature", "geometry": {"type": "Point", "coordinates": [126.888775, 35.188063]}, "properties": {"addr": "북구 하백로5번길 10", "cnt": 1}}, {"type": "Feature", "geometry": {"type": "Point", "coordinates": [126.900471, 35.185912]}, "properties": {"addr": "북구 설죽로 290", "cnt": 1}}, {"type": "Feature", "geometry": {"type": "Point", "coordinates": [126.900471, 35.185912]}, "properties": {"addr": "북구 설죽로 290", "cnt": 1}}, {"type": "Feature", "geometry": {"type": "Point", "coordinates": [126.900204, 35.181317]}, "properties": {"addr": "북구 용주로 15", "cnt": 1}}, {"type": "Feature", "geometry": {"type": "Point", "coordinates": [126.900204, 35.181317]}, "properties": {"addr": "북구 용주로 15", "cnt": 2}}, {"type": "Feature", "geometry": {"type": "Point", "coordinates": [126.92285, 35.185028]}, "properties": {"addr": "북구 문산로 38", "cnt": 1}}, {"type": "Feature", "geometry": {"type": "Point", "coordinates": [126.92285, 35.185028]}, "properties": {"addr": "북구 문산로 38", "cnt": 3}}, {"type": "Feature", "geometry": {"type": "Point", "coordinates": [126.920617, 35.186182]}, "properties": {"addr": "북구 서하로 369", "cnt": 1}}, {"type": "Feature", "geometry": {"type": "Point", "coordinates": [126.920617, 35.186182]}, "properties": {"addr": "북구 서하로 369", "cnt": 3}}, {"type": "Feature", "geometry": {"type": "Point", "coordinates": [126.902265, 35.166153]}, "properties": {"addr": "북구 무등로 165", "cnt": 1}}, {"type": "Feature", "geometry": {"type": "Point", "coordinates": [126.902265, 35.166153]}, "properties": {"addr": "북구 무등로 165", "cnt": 3}}, {"type": "Feature", "geometry": {"type": "Point", "coordinates": [126.870753, 35.197856]}, "properties": {"addr": "북구 양일로 55", "cnt": 1}}, {"type": "Feature", "geometry": {"type": "Point", "coordinates": [126.870753, 35.197856]}, "properties": {"addr": "북구 양일로 55", "cnt": 3}}, {"type": "Feature", "geometry": {"type": "Point", "coordinates": [126.896791, 35.207639]}, "properties": {"addr": "북구 설죽로 535-1", "cnt": 1}}, {"type": "Feature", "geometry": {"type": "Point", "coordinates": [126.893385, 35.190902]}, "properties": {"addr": "북구 매곡로 62", "cnt": 1}}, {"type": "Feature", "geometry": {"type": "Point", "coordinates": [126.893385, 35.190902]}, "properties": {"addr": "북구 매곡로 62", "cnt": 1}}, {"type": "Feature", "geometry": {"type": "Point", "coordinates": [126.935569, 35.171654]}, "properties": {"addr": "북구 삼정로 120", "cnt": 1}}, {"type": "Feature", "geometry": {"type": "Point", "coordinates": [126.935569, 35.171654]}, "properties": {"addr": "북구 삼정로 120", "cnt": 1}}, {"type": "Feature", "geometry": {"type": "Point", "coordinates": [126.902277, 35.193797]}, "properties": {"addr": "북구 설죽로370번길 33", "cnt": 1}}, {"type": "Feature", "geometry": {"type": "Point", "coordinates": [126.900489, 35.193173]}, "properties": {"addr": "북구 설죽로370번길 16", "cnt": 1}}, {"type": "Feature", "geometry": {"type": "Point", "coordinates": [126.900489, 35.193173]}, "properties": {"addr": "북구 설죽로370번길 16", "cnt": 1}}, {"type": "Feature", "geometry": {"type": "Point", "coordinates": [126.931364, 35.183164]}, "properties": {"addr": "북구 동문대로249번길 19", "cnt": 1}}, {"type": "Feature", "geometry": {"type": "Point", "coordinates": [126.931152, 35.189568]}, "properties": {"addr": "북구 문흥동 88-6", "cnt": 1}}, {"type": "Feature", "geometry": {"type": "Point", "coordinates": [126.931152, 35.189568]}, "properties": {"addr": "북구 문흥동 88-6", "cnt": 1}}, {"type": "Feature", "geometry": {"type": "Point", "coordinates": [126.875881, 35.175851]}, "properties": {"addr": "북구 서강로 60", "cnt": 1}}, {"type": "Feature", "geometry": {"type": "Point", "coordinates": [126.875881, 35.175851]}, "properties": {"addr": "북구 서강로 60", "cnt": 3}}, {"type": "Feature", "geometry": {"type": "Point", "coordinates": [126.819057, 35.190707]}, "properties": {"addr": "광산구 장신로 82", "cnt": 1}}, {"type": "Feature", "geometry": {"type": "Point", "coordinates": [126.819057, 35.190707]}, "properties": {"addr": "광산구 장신로 82", "cnt": 3}}, {"type": "Feature", "geometry": {"type": "Point", "coordinates": [126.837149, 35.18525]}, "properties": {"addr": "광산구 신창로 2 ", "cnt": 1}}, {"type": "Feature", "geometry": {"type": "Point", "coordinates": [126.837149, 35.18525]}, "properties": {"addr": "광산구 신창로 2 ", "cnt": 3}}, {"type": "Feature", "geometry": {"type": "Point", "coordinates": [126.837205, 35.197741]}, "properties": {"addr": "광산구 왕버들로251번길 24", "cnt": 1}}, {"type": "Feature", "geometry": {"type": "Point", "coordinates": [126.817871, 35.184122]}, "properties": {"addr": "광산구 임방울대로 261", "cnt": 1}}, {"type": "Feature", "geometry": {"type": "Point", "coordinates": [126.836944, 35.191724]}, "properties": {"addr": "광산구 신창로 69", "cnt": 1}}, {"type": "Feature", "geometry": {"type": "Point", "coordinates": [126.836944, 35.191724]}, "properties": {"addr": "광산구 신창로 69", "cnt": 3}}, {"type": "Feature", "geometry": {"type": "Point", "coordinates": [126.83711, 35.219225]}, "properties": {"addr": "광산구 임방울대로 727-19", "cnt": 1}}, {"type": "Feature", "geometry": {"type": "Point", "coordinates": [126.823421, 35.189749]}, "properties": {"addr": "광산구 임방울대로 331", "cnt": 2}}, {"type": "Feature", "geometry": {"type": "Point", "coordinates": [126.824772, 35.221872]}, "properties": {"addr": "광산구 비아중앙로 13", "cnt": 1}}, {"type": "Feature", "geometry": {"type": "Point", "coordinates": [126.824772, 35.221872]}, "properties": {"addr": "광산구 비아중앙로 13", "cnt": 2}}, {"type": "Feature", "geometry": {"type": "Point", "coordinates": [126.814744, 35.176026]}, "properties": {"addr": "광산구 목련로153번길 76 ", "cnt": 4}}, {"type": "Feature", "geometry": {"type": "Point", "coordinates": [126.794679, 35.141403]}, "properties": {"addr": "광산구 상무대로 256", "cnt": 4}}, {"type": "Feature", "geometry": {"type": "Point", "coordinates": [126.842905, 35.214479]}, "properties": {"addr": "광산구 첨단중앙로 102", "cnt": 2}}, {"type": "Feature", "geometry": {"type": "Point", "coordinates": [126.812, 35.175137]}, "properties": {"addr": "광산구 풍영로 34", "cnt": 4}}, {"type": "Feature", "geometry": {"type": "Point", "coordinates": [126.844568, 35.213423]}, "properties": {"addr": "광산구 월계로 173", "cnt": 2}}, {"type": "Feature", "geometry": {"type": "Point", "coordinates": [126.824855, 35.17915]}, "properties": {"addr": "광산구 하남대로 285", "cnt": 4}}, {"type": "Feature", "geometry": {"type": "Point", "coordinates": [126.806207, 35.163745]}, "properties": {"addr": "광산구 사암로215번길 35", "cnt": 4}}, {"type": "Feature", "geometry": {"type": "Point", "coordinates": [126.803946, 35.163844]}, "properties": {"addr": "광산구 사암로215번길 83 ", "cnt": 4}}, {"type": "Feature", "geometry": {"type": "Point", "coordinates": [126.824101, 35.190648]}, "properties": {"addr": "광산구 임방울대로 342", "cnt": 3}}, {"type": "Feature", "geometry": {"type": "Point", "coordinates": [126.808194, 35.162969]}, "properties": {"addr": "광산구 사암로 205", "cnt": 1}}, {"type": "Feature", "geometry": {"type": "Point", "coordinates": [126.808194, 35.162969]}, "properties": {"addr": "광산구 사암로 205", "cnt": 1}}, {"type": "Feature", "geometry": {"type": "Point", "coordinates": [126.824535, 35.178273]}, "properties": {"addr": "광산구 목련로273번안길 7 ", "cnt": 1}}, {"type": "Feature", "geometry": {"type": "Point", "coordinates": [126.839249, 35.185213]}, "properties": {"addr": "광산구 수등로 278", "cnt": 1}}, {"type": "Feature", "geometry": {"type": "Point", "coordinates": [126.839249, 35.185213]}, "properties": {"addr": "광산구 수등로 278", "cnt": 2}}, {"type": "Feature", "geometry": {"type": "Point", "coordinates": [126.837062, 35.190777]}, "properties": {"addr": "광산구 신창로 64", "cnt": 1}}, {"type": "Feature", "geometry": {"type": "Point", "coordinates": [126.837062, 35.190777]}, "properties": {"addr": "광산구 신창로 64", "cnt": 3}}, {"type": "Feature", "geometry": {"type": "Point", "coordinates": [126.83796, 35.216642]}, "properties": {"addr": "광산구 월계로 117-35", "cnt": 1}}, {"type": "Feature", "geometry": {"type": "Point", "coordinates": [126.83796, 35.216642]}, "properties": {"addr": "광산구 월계로 117-35", "cnt": 1}}, {"type": "Feature", "geometry": {"type": "Point", "coordinates": [126.804856, 35.178888]}, "properties": {"addr": "광산구 용아로 400", "cnt": 1}}, {"type": "Feature", "geometry": {"type": "Point", "coordinates": [126.804856, 35.178888]}, "properties": {"addr": "광산구 용아로 400", "cnt": 3}}, {"type": "Feature", "geometry": {"type": "Point", "coordinates": [126.823619, 35.197866]}, "properties": {"addr": "광산구 장덕로 143", "cnt": 1}}, {"type": "Feature", "geometry": {"type": "Point", "coordinates": [126.815001, 35.200616]}, "properties": {"addr": "광산구 풍영로329번길 50", "cnt": 1}}, {"type": "Feature", "geometry": {"type": "Point", "coordinates": [126.815001, 35.200616]}, "properties": {"addr": "광산구 풍영로329번길 50", "cnt": 3}}, {"type": "Feature", "geometry": {"type": "Point", "coordinates": [126.81759, 35.173839]}, "properties": {"addr": "광산구 임방울대로 144", "cnt": 2}}, {"type": "Feature", "geometry": {"type": "Point", "coordinates": [126.799586, 35.176208]}, "properties": {"addr": "광산구 손재로110번길 46", "cnt": 1}}, {"type": "Feature", "geometry": {"type": "Point", "coordinates": [126.799586, 35.176208]}, "properties": {"addr": "광산구 손재로110번길 46", "cnt": 3}}, {"type": "Feature", "geometry": {"type": "Point", "coordinates": [126.81052, 35.162738]}, "properties": {"addr": "광산구 사암로216번길 38-12", "cnt": 1}}, {"type": "Feature", "geometry": {"type": "Point", "coordinates": [126.81052, 35.162738]}, "properties": {"addr": "광산구 사암로216번길 38-12", "cnt": 2}}, {"type": "Feature", "geometry": {"type": "Point", "coordinates": [126.791483, 35.137613]}, "properties": {"addr": "광산구 상무대로 201", "cnt": 1}}, {"type": "Feature", "geometry": {"type": "Point", "coordinates": [126.791483, 35.137613]}, "properties": {"addr": "광산구 상무대로 201", "cnt": 1}}, {"type": "Feature", "geometry": {"type": "Point", "coordinates": [126.790625, 35.136236]}, "properties": {"addr": "광산구 상무대로 201(179)", "cnt": 1}}, {"type": "Feature", "geometry": {"type": "Point", "coordinates": [126.790625, 35.136236]}, "properties": {"addr": "광산구 상무대로 201(179)", "cnt": 1}}, {"type": "Feature", "geometry": {"type": "Point", "coordinates": [126.825728, 35.190644]}, "properties": {"addr": "광산구 장신로 140", "cnt": 2}}, {"type": "Feature", "geometry": {"type": "Point", "coordinates": [126.825657, 35.190775]}, "properties": {"addr": "광산구 장신로 139", "cnt": 2}}, {"type": "Feature", "geometry": {"type": "Point", "coordinates": [126.824104, 35.191812]}, "properties": {"addr": "광산구 임방울대로 356", "cnt": 1}}, {"type": "Feature", "geometry": {"type": "Point", "coordinates": [126.824104, 35.191812]}, "properties": {"addr": "광산구 임방울대로 356", "cnt": 2}}, {"type": "Feature", "geometry": {"type": "Point", "coordinates": [126.843046, 35.217752]}, "properties": {"addr": "광산구 임방울대로 773", "cnt": 2}}, {"type": "Feature", "geometry": {"type": "Point", "coordinates": [126.841963, 35.216485]}, "properties": {"addr": "광산구 첨단중앙로124번길 6", "cnt": 1}}, {"type": "Feature", "geometry": {"type": "Point", "coordinates": [126.841963, 35.216485]}, "properties": {"addr": "광산구 첨단중앙로124번길 6", "cnt": 2}}, {"type": "Feature", "geometry": {"type": "Point", "coordinates": [126.804234, 35.177914]}, "properties": {"addr": "광산구 용아로 387", "cnt": 1}}, {"type": "Feature", "geometry": {"type": "Point", "coordinates": [126.804234, 35.177914]}, "properties": {"addr": "광산구 용아로 387", "cnt": 1}}, {"type": "Feature", "geometry": {"type": "Point", "coordinates": [126.796075, 35.139473]}, "properties": {"addr": "광산구 광산로 41 ", "cnt": 1}}, {"type": "Feature", "geometry": {"type": "Point", "coordinates": [126.796075, 35.139473]}, "properties": {"addr": "광산구 광산로 41 ", "cnt": 3}}, {"type": "Feature", "geometry": {"type": "Point", "coordinates": [126.81126, 35.179022]}, "properties": {"addr": "광산구 풍영로 83", "cnt": 1}}, {"type": "Feature", "geometry": {"type": "Point", "coordinates": [126.81126, 35.179022]}, "properties": {"addr": "광산구 풍영로 83", "cnt": 2}}, {"type": "Feature", "geometry": {"type": "Point", "coordinates": [126.825, 35.220299]}, "properties": {"addr": "광산구 비아중앙로 36", "cnt": 1}}, {"type": "Feature", "geometry": {"type": "Point", "coordinates": [126.825, 35.220299]}, "properties": {"addr": "광산구 비아중앙로 36", "cnt": 1}}, {"type": "Feature", "geometry": {"type": "Point", "coordinates": [126.847367, 35.211347]}, "properties": {"addr": "광산구 첨단중앙로68번길 100", "cnt": 1}}, {"type": "Feature", "geometry": {"type": "Point", "coordinates": [126.847367, 35.211347]}, "properties": {"addr": "광산구 첨단중앙로68번길 100", "cnt": 1}}, {"type": "Feature", "geometry": {"type": "Point", "coordinates": [126.77388, 35.149675]}, "properties": {"addr": "광산구 선운로 55", "cnt": 1}}, {"type": "Feature", "geometry": {"type": "Point", "coordinates": [126.77388, 35.149675]}, "properties": {"addr": "광산구 선운로 55", "cnt": 3}}, {"type": "Feature", "geometry": {"type": "Point", "coordinates": [126.791856, 35.138213]}, "properties": {"addr": "광산구 상무대로 209-1", "cnt": 1}}, {"type": "Feature", "geometry": {"type": "Point", "coordinates": [126.791856, 35.138213]}, "properties": {"addr": "광산구 상무대로 209-1", "cnt": 1}}, {"type": "Feature", "geometry": {"type": "Point", "coordinates": [126.776874, 35.148262]}, "properties": {"addr": "광산구 선운중앙로 45", "cnt": 1}}, {"type": "Feature", "geometry": {"type": "Point", "coordinates": [126.776874, 35.148262]}, "properties": {"addr": "광산구 선운중앙로 45", "cnt": 1}}, {"type": "Feature", "geometry": {"type": "Point", "coordinates": [126.82711, 35.188224]}, "properties": {"addr": "광산구 수완로33번길 51", "cnt": 1}}, {"type": "Feature", "geometry": {"type": "Point", "coordinates": [126.82711, 35.188224]}, "properties": {"addr": "광산구 수완로33번길 51", "cnt": 1}}, {"type": "Feature", "geometry": {"type": "Point", "coordinates": [126.83541, 35.18857]}, "properties": {"addr": "광산구 신창로35번길 67", "cnt": 1}}, {"type": "Feature", "geometry": {"type": "Point", "coordinates": [126.83541, 35.18857]}, "properties": {"addr": "광산구 신창로35번길 67", "cnt": 1}}, {"type": "Feature", "geometry": {"type": "Point", "coordinates": [126.834763, 35.182758]}, "properties": {"addr": "광산구 목련로394번길 40-10", "cnt": 1}}, {"type": "Feature", "geometry": {"type": "Point", "coordinates": [126.834763, 35.182758]}, "properties": {"addr": "광산구 목련로394번길 40-10", "cnt": 1}}, {"type": "Feature", "geometry": {"type": "Point", "coordinates": [126.836062, 35.213255]}, "properties": {"addr": "광산구 첨단내촌로 83", "cnt": 1}}, {"type": "Feature", "geometry": {"type": "Point", "coordinates": [126.802005, 35.181296]}, "properties": {"addr": "광산구 하남울로 10", "cnt": 1}}, {"type": "Feature", "geometry": {"type": "Point", "coordinates": [126.802005, 35.181296]}, "properties": {"addr": "광산구 하남울로 10", "cnt": 3}}, {"type": "Feature", "geometry": {"type": "Point", "coordinates": [126.802476, 35.180707]}, "properties": {"addr": "광산구 하남울로12번하길 9", "cnt": 1}}, {"type": "Feature", "geometry": {"type": "Point", "coordinates": [126.802476, 35.180707]}, "properties": {"addr": "광산구 하남울로12번하길 9", "cnt": 1}}, {"type": "Feature", "geometry": {"type": "Point", "coordinates": [126.804161, 35.181737]}, "properties": {"addr": "광산구 하남동 1255", "cnt": 1}}, {"type": "Feature", "geometry": {"type": "Point", "coordinates": [126.804161, 35.181737]}, "properties": {"addr": "광산구 하남동 1255", "cnt": 1}}, {"type": "Feature", "geometry": {"type": "Point", "coordinates": [126.803273, 35.182143]}, "properties": {"addr": "광산구 하남동 1250", "cnt": 1}}, {"type": "Feature", "geometry": {"type": "Point", "coordinates": [126.803273, 35.182143]}, "properties": {"addr": "광산구 하남동 1250", "cnt": 1}}, {"type": "Feature", "geometry": {"type": "Point", "coordinates": [126.803273, 35.182143]}, "properties": {"addr": "광산구 하남동 1250", "cnt": 2}}, {"type": "Feature", "geometry": {"type": "Point", "coordinates": [126.819718, 35.183177]}, "properties": {"addr": "광산구 수등로94번길 31", "cnt": 1}}, {"type": "Feature", "geometry": {"type": "Point", "coordinates": [126.819718, 35.183177]}, "properties": {"addr": "광산구 수등로94번길 31", "cnt": 2}}, {"type": "Feature", "geometry": {"type": "Point", "coordinates": [126.792144, 35.137211]}, "properties": {"addr": "광산구 송정동 998-12", "cnt": 1}}, {"type": "Feature", "geometry": {"type": "Point", "coordinates": [126.792144, 35.137211]}, "properties": {"addr": "광산구 송정동 998-12", "cnt": 2}}, {"type": "Feature", "geometry": {"type": "Point", "coordinates": [126.804516, 35.177006]}, "properties": {"addr": "광산구 용아로379번길 2", "cnt": 1}}, {"type": "Feature", "geometry": {"type": "Point", "coordinates": [126.804516, 35.177006]}, "properties": {"addr": "광산구 용아로379번길 2", "cnt": 3}}, {"type": "Feature", "geometry": {"type": "Point", "coordinates": [126.794169, 35.148013]}, "properties": {"addr": "광산구 어등대로653번길 90", "cnt": 1}}, {"type": "Feature", "geometry": {"type": "Point", "coordinates": [126.794169, 35.148013]}, "properties": {"addr": "광산구 어등대로653번길 90", "cnt": 3}}, {"type": "Feature", "geometry": {"type": "Point", "coordinates": [126.81403, 35.165806]}, "properties": {"addr": "광산구 월곡산정로 107", "cnt": 1}}, {"type": "Feature", "geometry": {"type": "Point", "coordinates": [126.81403, 35.165806]}, "properties": {"addr": "광산구 월곡산정로 107", "cnt": 2}}, {"type": "Feature", "geometry": {"type": "Point", "coordinates": [126.807406, 35.166225]}, "properties": {"addr": "광산구 월곡산정로 50", "cnt": 1}}, {"type": "Feature", "geometry": {"type": "Point", "coordinates": [126.807406, 35.166225]}, "properties": {"addr": "광산구 월곡산정로 50", "cnt": 1}}, {"type": "Feature", "geometry": {"type": "Point", "coordinates": [126.804657, 35.167897]}, "properties": {"addr": "광산구 산정로6번길 21-20", "cnt": 1}}, {"type": "Feature", "geometry": {"type": "Point", "coordinates": [126.804657, 35.167897]}, "properties": {"addr": "광산구 산정로6번길 21-20", "cnt": 2}}, {"type": "Feature", "geometry": {"type": "Point", "coordinates": [126.809658, 35.15828]}, "properties": {"addr": "광산구 사암로158번길 49", "cnt": 1}}, {"type": "Feature", "geometry": {"type": "Point", "coordinates": [126.809658, 35.15828]}, "properties": {"addr": "광산구 사암로158번길 49", "cnt": 2}}, {"type": "Feature", "geometry": {"type": "Point", "coordinates": [126.800195, 35.172683]}, "properties": {"addr": "광산구 목련로22번길 11", "cnt": 1}}, {"type": "Feature", "geometry": {"type": "Point", "coordinates": [126.800195, 35.172683]}, "properties": {"addr": "광산구 목련로22번길 11", "cnt": 3}}, {"type": "Feature", "geometry": {"type": "Point", "coordinates": [126.799516, 35.177938]}, "properties": {"addr": "광산구 하남대로54번길 10", "cnt": 1}}, {"type": "Feature", "geometry": {"type": "Point", "coordinates": [126.799516, 35.177938]}, "properties": {"addr": "광산구 하남대로54번길 10", "cnt": 3}}, {"type": "Feature", "geometry": {"type": "Point", "coordinates": [126.820575, 35.177606]}, "properties": {"addr": "광산구 하남대로 248-22", "cnt": 1}}, {"type": "Feature", "geometry": {"type": "Point", "coordinates": [126.820575, 35.177606]}, "properties": {"addr": "광산구 하남대로 248-22", "cnt": 1}}, {"type": "Feature", "geometry": {"type": "Point", "coordinates": [126.83991, 35.182548]}, "properties": {"addr": "광산구 수등로258번길 53", "cnt": 1}}, {"type": "Feature", "geometry": {"type": "Point", "coordinates": [126.83991, 35.182548]}, "properties": {"addr": "광산구 수등로258번길 53", "cnt": 2}}, {"type": "Feature", "geometry": {"type": "Point", "coordinates": [126.812711, 35.186634]}, "properties": {"addr": "광산구 수등로 27", "cnt": 2}}, {"type": "Feature", "geometry": {"type": "Point", "coordinates": [126.812741, 35.186615]}, "properties": {"addr": "광산구 풍영로 300", "cnt": 1}}, {"type": "Feature", "geometry": {"type": "Point", "coordinates": [126.812741, 35.186615]}, "properties": {"addr": "광산구 풍영로 300", "cnt": 1}}, {"type": "Feature", "geometry": {"type": "Point", "coordinates": [126.836554, 35.194994]}, "properties": {"addr": "광산구 신창로105번길 9", "cnt": 1}}, {"type": "Feature", "geometry": {"type": "Point", "coordinates": [126.836554, 35.194994]}, "properties": {"addr": "광산구 신창로105번길 9", "cnt": 3}}, {"type": "Feature", "geometry": {"type": "Point", "coordinates": [126.794059, 35.138242]}, "properties": {"addr": "광산구 광산로 18-4", "cnt": 1}}, {"type": "Feature", "geometry": {"type": "Point", "coordinates": [126.794059, 35.138242]}, "properties": {"addr": "광산구 광산로 18-4", "cnt": 3}}, {"type": "Feature", "geometry": {"type": "Point", "coordinates": [126.794987, 35.138824]}, "properties": {"addr": "광산구 광산로 29-1", "cnt": 1}}, {"type": "Feature", "geometry": {"type": "Point", "coordinates": [126.794987, 35.138824]}, "properties": {"addr": "광산구 광산로 29-1", "cnt": 3}}, {"type": "Feature", "geometry": {"type": "Point", "coordinates": [126.809256, 35.172068]}, "properties": {"addr": "광산구 목련로 101", "cnt": 1}}, {"type": "Feature", "geometry": {"type": "Point", "coordinates": [126.809256, 35.172068]}, "properties": {"addr": "광산구 목련로 101", "cnt": 3}}, {"type": "Feature", "geometry": {"type": "Point", "coordinates": [126.778658, 35.148043]}, "properties": {"addr": "광산구 선운중앙로 68", "cnt": 1}}, {"type": "Feature", "geometry": {"type": "Point", "coordinates": [126.778658, 35.148043]}, "properties": {"addr": "광산구 선운중앙로 68", "cnt": 3}}, {"type": "Feature", "geometry": {"type": "Point", "coordinates": [126.841094, 35.198832]}, "properties": {"addr": "광산구 신창로162번길 10", "cnt": 1}}, {"type": "Feature", "geometry": {"type": "Point", "coordinates": [126.841094, 35.198832]}, "properties": {"addr": "광산구 신창로162번길 10", "cnt": 3}}, {"type": "Feature", "geometry": {"type": "Point", "coordinates": [126.839619, 35.211468]}, "properties": {"addr": "광산구 산월로9번길 36", "cnt": 1}}, {"type": "Feature", "geometry": {"type": "Point", "coordinates": [126.839619, 35.211468]}, "properties": {"addr": "광산구 산월로9번길 36", "cnt": 3}}, {"type": "Feature", "geometry": {"type": "Point", "coordinates": [126.827877, 35.183434]}, "properties": {"addr": "광산구 신가동 848", "cnt": 1}}, {"type": "Feature", "geometry": {"type": "Point", "coordinates": [126.827877, 35.183434]}, "properties": {"addr": "광산구 신가동 848", "cnt": 2}}, {"type": "Feature", "geometry": {"type": "Point", "coordinates": [126.792649, 35.154443]}, "properties": {"addr": "광산구 소촌로 122", "cnt": 1}}, {"type": "Feature", "geometry": {"type": "Point", "coordinates": [126.792649, 35.154443]}, "properties": {"addr": "광산구 소촌로 122", "cnt": 2}}, {"type": "Feature", "geometry": {"type": "Point", "coordinates": [126.820695, 35.171684]}, "properties": {"addr": "광산구 목련로 211", "cnt": 1}}, {"type": "Feature", "geometry": {"type": "Point", "coordinates": [126.820695, 35.171684]}, "properties": {"addr": "광산구 목련로 211", "cnt": 1}}, {"type": "Feature", "geometry": {"type": "Point", "coordinates": [126.798425, 35.140766]}, "properties": {"addr": "광산구 송정동 756-1", "cnt": 1}}, {"type": "Feature", "geometry": {"type": "Point", "coordinates": [126.798425, 35.140766]}, "properties": {"addr": "광산구 송정동 756-1", "cnt": 3}}, {"type": "Feature", "geometry": {"type": "Point", "coordinates": [126.807381, 35.161876]}, "properties": {"addr": "광산구 무진대로 239", "cnt": 1}}, {"type": "Feature", "geometry": {"type": "Point", "coordinates": [126.807381, 35.161876]}, "properties": {"addr": "광산구 무진대로 239", "cnt": 2}}, {"type": "Feature", "geometry": {"type": "Point", "coordinates": [126.818757, 35.187544]}, "properties": {"addr": "광산구 장신로 98", "cnt": 1}}, {"type": "Feature", "geometry": {"type": "Point", "coordinates": [126.818757, 35.187544]}, "properties": {"addr": "광산구 장신로 98", "cnt": 1}}, {"type": "Feature", "geometry": {"type": "Point", "coordinates": [126.826345, 35.191226]}, "properties": {"addr": "광산구 수완동 1094", "cnt": 1}}, {"type": "Feature", "geometry": {"type": "Point", "coordinates": [126.826345, 35.191226]}, "properties": {"addr": "광산구 수완동 1094", "cnt": 3}}, {"type": "Feature", "geometry": {"type": "Point", "coordinates": [126.817165, 35.189715]}, "properties": {"addr": "광산구 풍영로200번길 51", "cnt": 1}}, {"type": "Feature", "geometry": {"type": "Point", "coordinates": [126.817165, 35.189715]}, "properties": {"addr": "광산구 풍영로200번길 51", "cnt": 2}}, {"type": "Feature", "geometry": {"type": "Point", "coordinates": [126.809631, 35.182138]}, "properties": {"addr": "광산구 풍영로101번길 22", "cnt": 1}}, {"type": "Feature", "geometry": {"type": "Point", "coordinates": [126.809631, 35.182138]}, "properties": {"addr": "광산구 풍영로101번길 22", "cnt": 3}}, {"type": "Feature", "geometry": {"type": "Point", "coordinates": [126.850563, 35.221824]}, "properties": {"addr": "광산구 쌍암동 691", "cnt": 1}}, {"type": "Feature", "geometry": {"type": "Point", "coordinates": [126.850563, 35.221824]}, "properties": {"addr": "광산구 쌍암동 691", "cnt": 2}}, {"type": "Feature", "geometry": {"type": "Point", "coordinates": [126.810472, 35.152014]}, "properties": {"addr": "광산구 금봉로 107 ", "cnt": 3}}, {"type": "Feature", "geometry": {"type": "Point", "coordinates": [126.843046, 35.217752]}, "properties": {"addr": "광산구 임방울대로 776", "cnt": 2}}, {"type": "Feature", "geometry": {"type": "Point", "coordinates": [126.937788, 35.15517]}, "properties": {"addr": "동구 산수동 86-2", "cnt": 1}}, {"type": "Feature", "geometry": {"type": "Point", "coordinates": [126.937788, 35.15517]}, "properties": {"addr": "동구 산수동 86-2", "cnt": 2}}, {"type": "Feature", "geometry": {"type": "Point", "coordinates": [126.9377, 35.155772]}, "properties": {"addr": "동구 산수동 86-2", "cnt": 1}}, {"type": "Feature", "geometry": {"type": "Point", "coordinates": [126.9377, 35.155772]}, "properties": {"addr": "동구 산수동 86-2", "cnt": 3}}, {"type": "Feature", "geometry": {"type": "Point", "coordinates": [126.923329, 35.158065]}, "properties": {"addr": "동구 계림동 195-3", "cnt": 1}}, {"type": "Feature", "geometry": {"type": "Point", "coordinates": [126.923329, 35.158065]}, "properties": {"addr": "동구 계림동 195-3", "cnt": 2}}, {"type": "Feature", "geometry": {"type": "Point", "coordinates": [126.911992, 35.14719]}, "properties": {"addr": "동구 중앙로 154", "cnt": 1}}, {"type": "Feature", "geometry": {"type": "Point", "coordinates": [126.88559, 35.128467]}, "properties": {"addr": "서구 풍암순환로128번길 73", "cnt": 1}}, {"type": "Feature", "geometry": {"type": "Point", "coordinates": [126.88559, 35.128467]}, "properties": {"addr": "서구 풍암순환로128번길 73", "cnt": 1}}, {"type": "Feature", "geometry": {"type": "Point", "coordinates": [126.884924, 35.127528]}, "properties": {"addr": "서구 풍암순환로128번길 63", "cnt": 1}}, {"type": "Feature", "geometry": {"type": "Point", "coordinates": [126.884924, 35.127528]}, "properties": {"addr": "서구 풍암순환로128번길 63", "cnt": 1}}, {"type": "Feature", "geometry": {"type": "Point", "coordinates": [126.898337, 35.133275]}, "properties": {"addr": "남구 대남대로223번길 22", "cnt": 1}}, {"type": "Feature", "geometry": {"type": "Point", "coordinates": [126.898337, 35.133275]}, "properties": {"addr": "남구 대남대로223번길 22", "cnt": 2}}, {"type": "Feature", "geometry": {"type": "Point", "coordinates": [126.898271, 35.12968]}, "properties": {"addr": "남구 서문대로812번길 4-8", "cnt": 1}}, {"type": "Feature", "geometry": {"type": "Point", "coordinates": [126.898271, 35.12968]}, "properties": {"addr": "남구 서문대로812번길 4-8", "cnt": 1}}, {"type": "Feature", "geometry": {"type": "Point", "coordinates": [126.919274, 35.13077]}, "properties": {"addr": "남구 방림동 54-1", "cnt": 1}}, {"type": "Feature", "geometry": {"type": "Point", "coordinates": [126.898272, 35.152307]}, "properties": {"addr": "남구 구성로8번길 6", "cnt": 1}}, {"type": "Feature", "geometry": {"type": "Point", "coordinates": [126.898272, 35.152307]}, "properties": {"addr": "남구 구성로8번길 6", "cnt": 2}}, {"type": "Feature", "geometry": {"type": "Point", "coordinates": [126.928407, 35.178595]}, "properties": {"addr": "북구 면앙로139번길 51", "cnt": 1}}, {"type": "Feature", "geometry": {"type": "Point", "coordinates": [126.928407, 35.178595]}, "properties": {"addr": "북구 면앙로139번길 51", "cnt": 2}}, {"type": "Feature", "geometry": {"type": "Point", "coordinates": [126.864379, 35.207561]}, "properties": {"addr": "북구 첨단연신로 100", "cnt": 1}}, {"type": "Feature", "geometry": {"type": "Point", "coordinates": [126.864379, 35.207561]}, "properties": {"addr": "북구 첨단연신로 100", "cnt": 3}}, {"type": "Feature", "geometry": {"type": "Point", "coordinates": [126.906136, 35.170306]}, "properties": {"addr": "북구 서양로 59", "cnt": 1}}, {"type": "Feature", "geometry": {"type": "Point", "coordinates": [126.906136, 35.170306]}, "properties": {"addr": "북구 서양로 59", "cnt": 1}}, {"type": "Feature", "geometry": {"type": "Point", "coordinates": [126.909118, 35.169535]}, "properties": {"addr": "북구 서양로 71-1", "cnt": 1}}, {"type": "Feature", "geometry": {"type": "Point", "coordinates": [126.909118, 35.169535]}, "properties": {"addr": "북구 서양로 71-1", "cnt": 2}}, {"type": "Feature", "geometry": {"type": "Point", "coordinates": [126.937718, 35.179867]}, "properties": {"addr": "북구 월동로 86", "cnt": 1}}, {"type": "Feature", "geometry": {"type": "Point", "coordinates": [126.937718, 35.179867]}, "properties": {"addr": "북구 월동로 86", "cnt": 2}}, {"type": "Feature", "geometry": {"type": "Point", "coordinates": [126.899755, 35.187949]}, "properties": {"addr": "북구 설죽로 322", "cnt": 1}}, {"type": "Feature", "geometry": {"type": "Point", "coordinates": [126.899755, 35.187949]}, "properties": {"addr": "북구 설죽로 322", "cnt": 2}}, {"type": "Feature", "geometry": {"type": "Point", "coordinates": [126.856232, 35.158383]}, "properties": {"addr": "서구 상무민주로 61", "cnt": 3}}, {"type": "Feature", "geometry": {"type": "Point", "coordinates": [126.855416, 35.156036]}, "properties": {"addr": "서구 상무민주로 61", "cnt": 3}}, {"type": "Feature", "geometry": {"type": "Point", "coordinates": [126.855931, 35.156803]}, "properties": {"addr": "서구 상무민주로 61", "cnt": 3}}, {"type": "Feature", "geometry": {"type": "Point", "coordinates": [126.856408, 35.157437]}, "properties": {"addr": "서구 상무민주로 61", "cnt": 3}}, {"type": "Feature", "geometry": {"type": "Point", "coordinates": [126.857219, 35.1568]}, "properties": {"addr": "서구 상무민주로 61", "cnt": 3}}, {"type": "Feature", "geometry": {"type": "Point", "coordinates": [126.857446, 35.156377]}, "properties": {"addr": "서구 상무민주로 61", "cnt": 3}}, {"type": "Feature", "geometry": {"type": "Point", "coordinates": [126.857857, 35.156482]}, "properties": {"addr": "서구 상무민주로 61", "cnt": 3}}, {"type": "Feature", "geometry": {"type": "Point", "coordinates": [126.858399, 35.156723]}, "properties": {"addr": "서구 상무민주로 61", "cnt": 3}}, {"type": "Feature", "geometry": {"type": "Point", "coordinates": [126.858946, 35.157142]}, "properties": {"addr": "서구 상무민주로 61", "cnt": 3}}, {"type": "Feature", "geometry": {"type": "Point", "coordinates": [126.857991, 35.157149]}, "properties": {"addr": "서구 상무민주로 61", "cnt": 3}}, {"type": "Feature", "geometry": {"type": "Point", "coordinates": [126.85824, 35.157926]}, "properties": {"addr": "서구 상무민주로 61", "cnt": 3}}, {"type": "Feature", "geometry": {"type": "Point", "coordinates": [126.858801, 35.15845]}, "properties": {"addr": "서구 상무민주로 61", "cnt": 3}}, {"type": "Feature", "geometry": {"type": "Point", "coordinates": [126.85753, 35.157677]}, "properties": {"addr": "서구 상무민주로 61", "cnt": 3}}, {"type": "Feature", "geometry": {"type": "Point", "coordinates": [126.857044, 35.157597]}, "properties": {"addr": "서구 상무민주로 61", "cnt": 2}}, {"type": "Feature", "geometry": {"type": "Point", "coordinates": [126.908289, 35.170724]}, "properties": {"addr": "북구 중흥동 327-2", "cnt": 2}}, {"type": "Feature", "geometry": {"type": "Point", "coordinates": [126.906776, 35.171276]}, "properties": {"addr": "북구 중흥동 320-53", "cnt": 2}}, {"type": "Feature", "geometry": {"type": "Point", "coordinates": [126.822739, 35.181748]}, "properties": {"addr": "광산구 하남대로261번길 26", "cnt": 3}}, {"type": "Feature", "geometry": {"type": "Point", "coordinates": [126.806012, 35.152199]}, "properties": {"addr": "광산구 사암로95번길 21-15", "cnt": 3}}, {"type": "Feature", "geometry": {"type": "Point", "coordinates": [126.88722, 35.151938]}, "properties": {"addr": "서구 대남대로462번길 11", "cnt": 3}}, {"type": "Feature", "geometry": {"type": "Point", "coordinates": [126.664801, 35.191424]}, "properties": {"addr": "광산구 금동학동길 91", "cnt": 1}}, {"type": "Feature", "geometry": {"type": "Point", "coordinates": [126.664801, 35.191424]}, "properties": {"addr": "광산구 금동학동길 91", "cnt": 1}}, {"type": "Feature", "geometry": {"type": "Point", "coordinates": [126.664801, 35.191424]}, "properties": {"addr": "광산구 금동학동길 91", "cnt": 1}}, {"type": "Feature", "geometry": {"type": "Point", "coordinates": [126.896732, 35.157225]}, "properties": {"addr": "서구 상무대로1243번길 2", "cnt": 3}}, {"type": "Feature", "geometry": {"type": "Point", "coordinates": [126.898079, 35.157419]}, "properties": {"addr": "서구 양동로 47", "cnt": 3}}, {"type": "Feature", "geometry": {"type": "Point", "coordinates": [126.895892, 35.155635]}, "properties": {"addr": "서구 상무대로1224번길 7-1", "cnt": 4}}, {"type": "Feature", "geometry": {"type": "Point", "coordinates": [126.897055, 35.15619]}, "properties": {"addr": "서구 양동로41번길 11-1", "cnt": 4}}, {"type": "Feature", "geometry": {"type": "Point", "coordinates": [126.893886, 35.159005]}, "properties": {"addr": "서구 발산로45번길 12", "cnt": 4}}, {"type": "Feature", "geometry": {"type": "Point", "coordinates": [126.895112, 35.158876]}, "properties": {"addr": "서구 발산로 47", "cnt": 3}}, {"type": "Feature", "geometry": {"type": "Point", "coordinates": [126.897694, 35.155352]}, "properties": {"addr": "서구 양동로25번길 9", "cnt": 4}}, {"type": "Feature", "geometry": {"type": "Point", "coordinates": [126.87235, 35.20429]}, "properties": {"addr": "북구 하서로 309", "cnt": 2}}, {"type": "Feature", "geometry": {"type": "Point", "coordinates": [126.93784, 35.18275]}, "properties": {"addr": "북구 군왕로 252", "cnt": 3}}, {"type": "Feature", "geometry": {"type": "Point", "coordinates": [126.92773, 35.17762]}, "properties": {"addr": "북구 면앙로139번길 21", "cnt": 4}}, {"type": "Feature", "geometry": {"type": "Point", "coordinates": [126.92938, 35.16843]}, "properties": {"addr": "북구 군왕로71번길 60", "cnt": 4}}, {"type": "Feature", "geometry": {"type": "Point", "coordinates": [126.92666, 35.17167]}, "properties": {"addr": "북구 동문대로100번길 42", "cnt": 2}}, {"type": "Feature", "geometry": {"type": "Point", "coordinates": [126.92666, 35.17167]}, "properties": {"addr": "북구 동문대로100번길 42", "cnt": 1}}, {"type": "Feature", "geometry": {"type": "Point", "coordinates": [126.91284, 35.15855]}, "properties": {"addr": "북구 중가로115번길 19", "cnt": 3}}, {"type": "Feature", "geometry": {"type": "Point", "coordinates": [126.92153, 35.16619]}, "properties": {"addr": "북구 풍동길 16-1", "cnt": 3}}, {"type": "Feature", "geometry": {"type": "Point", "coordinates": [126.92132, 35.16546]}, "properties": {"addr": "북구 필문대로11번길 23", "cnt": 2}}, {"type": "Feature", "geometry": {"type": "Point", "coordinates": [126.90641, 35.1588]}, "properties": {"addr": "북구 경열로211번길 10-7", "cnt": 3}}, {"type": "Feature", "geometry": {"type": "Point", "coordinates": [126.805031, 35.169729]}, "properties": {"addr": "광산구 산정로38번길 20", "cnt": 1}}, {"type": "Feature", "geometry": {"type": "Point", "coordinates": [126.805031, 35.169729]}, "properties": {"addr": "광산구 산정로38번길 20", "cnt": 1}}, {"type": "Feature", "geometry": {"type": "Point", "coordinates": [126.890191, 35.169953]}, "properties": {"addr": "북구 금호로 6-1", "cnt": 1}}, {"type": "Feature", "geometry": {"type": "Point", "coordinates": [126.890191, 35.169953]}, "properties": {"addr": "북구 금호로 6-1", "cnt": 1}}, {"type": "Feature", "geometry": {"type": "Point", "coordinates": [126.890191, 35.169953]}, "properties": {"addr": "북구 금호로 6-1", "cnt": 1}}, {"type": "Feature", "geometry": {"type": "Point", "coordinates": [126.890191, 35.169953]}, "properties": {"addr": "북구 금호로 6-1", "cnt": 1}}, {"type": "Feature", "geometry": {"type": "Point", "coordinates": [126.905408, 35.133033]}, "properties": {"addr": "남구 대남대로181번길 3", "cnt": 2}}, {"type": "Feature", "geometry": {"type": "Point", "coordinates": [126.906399, 35.133104]}, "properties": {"addr": "남구 대남대로171번길 4", "cnt": 4}}, {"type": "Feature", "geometry": {"type": "Point", "coordinates": [126.909498, 35.133355]}, "properties": {"addr": "남구 대남대로149번길 5-9", "cnt": 2}}, {"type": "Feature", "geometry": {"type": "Point", "coordinates": [126.897164, 35.130417]}, "properties": {"addr": "남구 서문대로795번안길 7", "cnt": 3}}, {"type": "Feature", "geometry": {"type": "Point", "coordinates": [126.854473, 35.235498]}, "properties": {"addr": "북구 첨단벤처소로62번길 35", "cnt": 3}}, {"type": "Feature", "geometry": {"type": "Point", "coordinates": [126.863477, 35.230968]}, "properties": {"addr": "북구 대촌동 953", "cnt": 3}}, {"type": "Feature", "geometry": {"type": "Point", "coordinates": [126.91252, 35.144836]}, "properties": {"addr": "남구 사동 13-3", "cnt": 2}}, {"type": "Feature", "geometry": {"type": "Point", "coordinates": [126.913502, 35.143844]}, "properties": {"addr": "남구 천변좌로390번길 5-2", "cnt": 4}}, {"type": "Feature", "geometry": {"type": "Point", "coordinates": [126.914055, 35.142569]}, "properties": {"addr": "남구 사직길 10", "cnt": 3}}, {"type": "Feature", "geometry": {"type": "Point", "coordinates": [126.872618, 35.149897]}, "properties": {"addr": "서구 월드컵4강로152번길 18", "cnt": 3}}, {"type": "Feature", "geometry": {"type": "Point", "coordinates": [126.878304, 35.144648]}, "properties": {"addr": "서구 염화로133번길 19", "cnt": 2}}, {"type": "Feature", "geometry": {"type": "Point", "coordinates": [126.675084, 35.179608]}, "properties": {"addr": "광산구 덕림동 526-10", "cnt": 4}}, {"type": "Feature", "geometry": {"type": "Point", "coordinates": [126.677536, 35.179713]}, "properties": {"addr": "광산구 덕림동 526-11", "cnt": 3}}, {"type": "Feature", "geometry": {"type": "Point", "coordinates": [126.677799, 35.17817]}, "properties": {"addr": "광산구 덕림동 633-22", "cnt": 2}}, {"type": "Feature", "geometry": {"type": "Point", "coordinates": [126.675433, 35.165993]}, "properties": {"addr": "광산구 삼거동 458-1", "cnt": 2}}, {"type": "Feature", "geometry": {"type": "Point", "coordinates": [126.676463, 35.165919]}, "properties": {"addr": "광산구 삼거동 477", "cnt": 3}}, {"type": "Feature", "geometry": {"type": "Point", "coordinates": [126.67648, 35.167055]}, "properties": {"addr": "광산구 삼거동 32-13", "cnt": 2}}, {"type": "Feature", "geometry": {"type": "Point", "coordinates": [126.67479, 35.16643]}, "properties": {"addr": "광산구 삼거동 462", "cnt": 3}}, {"type": "Feature", "geometry": {"type": "Point", "coordinates": [126.673068, 35.1654]}, "properties": {"addr": "광산구 삼거동 430-4", "cnt": 3}}, {"type": "Feature", "geometry": {"type": "Point", "coordinates": [126.831889, 35.187833]}, "properties": {"addr": "광산구 수완로10번길 62", "cnt": 3}}, {"type": "Feature", "geometry": {"type": "Point", "coordinates": [126.838621, 35.192676]}, "properties": {"addr": "광산구 신창로86번길 22", "cnt": 3}}, {"type": "Feature", "geometry": {"type": "Point", "coordinates": [126.778194, 35.121482]}, "properties": {"addr": "광산구 월전로 10-40", "cnt": 4}}, {"type": "Feature", "geometry": {"type": "Point", "coordinates": [126.793395, 35.126683]}, "properties": {"addr": "광산구 도산동 665-3", "cnt": 4}}, {"type": "Feature", "geometry": {"type": "Point", "coordinates": [126.794015, 35.125277]}, "properties": {"addr": "광산구 도산동 603-1", "cnt": 4}}, {"type": "Feature", "geometry": {"type": "Point", "coordinates": [126.793825, 35.124336]}, "properties": {"addr": "광산구 원도산길 69", "cnt": 3}}, {"type": "Feature", "geometry": {"type": "Point", "coordinates": [126.898401, 35.150989]}, "properties": {"addr": "남구 월산동 283-2 #1", "cnt": 4}}, {"type": "Feature", "geometry": {"type": "Point", "coordinates": [126.898455, 35.150921]}, "properties": {"addr": "남구 월산동 283-2 #2", "cnt": 1}}, {"type": "Feature", "geometry": {"type": "Point", "coordinates": [126.898144, 35.150892]}, "properties": {"addr": "남구 월산동 283-2 #3", "cnt": 4}}, {"type": "Feature", "geometry": {"type": "Point", "coordinates": [126.91568, 35.123083]}, "properties": {"addr": "남구 봉선동 1064-2", "cnt": 1}}, {"type": "Feature", "geometry": {"type": "Point", "coordinates": [126.890563, 35.131948]}, "properties": {"addr": "남구 회재로 1187", "cnt": 1}}, {"type": "Feature", "geometry": {"type": "Point", "coordinates": [126.895651, 35.100894]}, "properties": {"addr": "남구 행암동 123-7", "cnt": 2}}, {"type": "Feature", "geometry": {"type": "Point", "coordinates": [126.922119, 35.151203]}, "properties": {"addr": "동구 제봉로140번길 14", "cnt": 4}}, {"type": "Feature", "geometry": {"type": "Point", "coordinates": [126.922136, 35.152214]}, "properties": {"addr": "동구 동계천로95번길 9", "cnt": 3}}, {"type": "Feature", "geometry": {"type": "Point", "coordinates": [126.912248, 35.170442]}, "properties": {"addr": "북구 우치로40번길 18", "cnt": 3}}, {"type": "Feature", "geometry": {"type": "Point", "coordinates": [126.913557, 35.169893]}, "properties": {"addr": "북구 우치로40번길 18", "cnt": 3}}, {"type": "Feature", "geometry": {"type": "Point", "coordinates": [126.831996, 35.168692]}, "properties": {"addr": "서구 덕흥동 978-5", "cnt": 3}}, {"type": "Feature", "geometry": {"type": "Point", "coordinates": [126.832905, 35.152604]}, "properties": {"addr": "서구 치평동 871-2", "cnt": 3}}, {"type": "Feature", "geometry": {"type": "Point", "coordinates": [126.839076, 35.165256]}, "properties": {"addr": "서구 유덕로141번길 23", "cnt": 4}}, {"type": "Feature", "geometry": {"type": "Point", "coordinates": [126.84124, 35.15551]}, "properties": {"addr": "서구 상무공원로 131", "cnt": 4}}, {"type": "Feature", "geometry": {"type": "Point", "coordinates": [126.841275, 35.156299]}, "properties": {"addr": "서구 상무공원로 131", "cnt": 3}}, {"type": "Feature", "geometry": {"type": "Point", "coordinates": [126.840607, 35.156233]}, "properties": {"addr": "서구 상무공원로 131", "cnt": 3}}, {"type": "Feature", "geometry": {"type": "Point", "coordinates": [126.90059, 35.177102]}, "properties": {"addr": "북구 설죽로202번길 59", "cnt": 3}}, {"type": "Feature", "geometry": {"type": "Point", "coordinates": [126.912158, 35.158316]}, "properties": {"addr": "북구 중가로113번길 16", "cnt": 3}}, {"type": "Feature", "geometry": {"type": "Point", "coordinates": [126.89817, 35.165246]}, "properties": {"addr": "북구 중흥로 32", "cnt": 4}}, {"type": "Feature", "geometry": {"type": "Point", "coordinates": [126.924738, 35.191845]}, "properties": {"addr": "북구 대천로 195", "cnt": 3}}, {"type": "Feature", "geometry": {"type": "Point", "coordinates": [126.929443, 35.17129]}, "properties": {"addr": "북구 금녕길 23", "cnt": 4}}, {"type": "Feature", "geometry": {"type": "Point", "coordinates": [126.894773, 35.208293]}, "properties": {"addr": "북구 일곡로 55", "cnt": 3}}, {"type": "Feature", "geometry": {"type": "Point", "coordinates": [126.899132, 35.199918]}, "properties": {"addr": "북구 설죽로455번길 1", "cnt": 3}}, {"type": "Feature", "geometry": {"type": "Point", "coordinates": [126.890025, 35.188127]}, "properties": {"addr": "북구 하백로5번길 10", "cnt": 2}}, {"type": "Feature", "geometry": {"type": "Point", "coordinates": [126.894393, 35.186094]}, "properties": {"addr": "북구 서하로94번길 50", "cnt": 4}}, {"type": "Feature", "geometry": {"type": "Point", "coordinates": [126.861274, 35.208647]}, "properties": {"addr": "북구 첨단연신로107번길 24", "cnt": 3}}, {"type": "Feature", "geometry": {"type": "Point", "coordinates": [126.878227, 35.20897]}, "properties": {"addr": "북구 자라봉로 33", "cnt": 3}}, {"type": "Feature", "geometry": {"type": "Point", "coordinates": [126.896156, 35.205247]}, "properties": {"addr": "북구 일곡마을로 50", "cnt": 3}}, {"type": "Feature", "geometry": {"type": "Point", "coordinates": [126.938818, 35.149261]}, "properties": {"addr": "동구 밤실로20번길 17", "cnt": 3}}, {"type": "Feature", "geometry": {"type": "Point", "coordinates": [126.93889, 35.148568]}, "properties": {"addr": "동구 밤실로4번길 19-2", "cnt": 2}}, {"type": "Feature", "geometry": {"type": "Point", "coordinates": [126.938034, 35.14794]}, "properties": {"addr": "동구 지호로 81-11", "cnt": 2}}, {"type": "Feature", "geometry": {"type": "Point", "coordinates": [126.832278, 35.161894]}, "properties": {"addr": "서구 덕흥동 813-15", "cnt": 3}}, {"type": "Feature", "geometry": {"type": "Point", "coordinates": [126.857938, 35.164934]}, "properties": {"addr": "서구 유촌동 855", "cnt": 3}}, {"type": "Feature", "geometry": {"type": "Point", "coordinates": [126.894402, 35.177333]}, "properties": {"addr": "북구 저불로31번길 6", "cnt": 3}}, {"type": "Feature", "geometry": {"type": "Point", "coordinates": [126.8957, 35.166567]}, "properties": {"addr": "북구 중흥로7번길 6-17", "cnt": 4}}, {"type": "Feature", "geometry": {"type": "Point", "coordinates": [126.881014, 35.172123]}, "properties": {"addr": "북구 운신남길 114", "cnt": 3}}, {"type": "Feature", "geometry": {"type": "Point", "coordinates": [126.933039, 35.161908]}, "properties": {"addr": "북구 밤실로169번길 16", "cnt": 2}}, {"type": "Feature", "geometry": {"type": "Point", "coordinates": [126.89493, 35.155129]}, "properties": {"addr": "서구 월산로180번길 19", "cnt": 4}}, {"type": "Feature", "geometry": {"type": "Point", "coordinates": [126.878183, 35.141779]}, "properties": {"addr": "서구 월드컵4강로42번길 23-11", "cnt": 2}}, {"type": "Feature", "geometry": {"type": "Point", "coordinates": [126.877301, 35.14699]}, "properties": {"addr": "서구 화정동 368-62", "cnt": 3}}, {"type": "Feature", "geometry": {"type": "Point", "coordinates": [126.865498, 35.142224]}, "properties": {"addr": "서구 학생독립로22번길 16", "cnt": 3}}, {"type": "Feature", "geometry": {"type": "Point", "coordinates": [126.87303, 35.146537]}, "properties": {"addr": "서구 화정동 334-211", "cnt": 3}}, {"type": "Feature", "geometry": {"type": "Point", "coordinates": [126.871834, 35.141076]}, "properties": {"addr": "서구 화정동 932-1", "cnt": 3}}, {"type": "Feature", "geometry": {"type": "Point", "coordinates": [126.899668, 35.133266]}, "properties": {"addr": "남구 서문대로823번길 13-1", "cnt": 2}}, {"type": "Feature", "geometry": {"type": "Point", "coordinates": [126.897301, 35.132388]}, "properties": {"addr": "남구 주월동 375-11", "cnt": 3}}, {"type": "Feature", "geometry": {"type": "Point", "coordinates": [126.896653, 35.131419]}, "properties": {"addr": "남구 회서로51번길 24", "cnt": 3}}, {"type": "Feature", "geometry": {"type": "Point", "coordinates": [126.896531, 35.130059]}, "properties": {"addr": "남구 회서로51번길 8", "cnt": 3}}, {"type": "Feature", "geometry": {"type": "Point", "coordinates": [126.898395, 35.131682]}, "properties": {"addr": "남구 서문대로809번길 11-2", "cnt": 3}}, {"type": "Feature", "geometry": {"type": "Point", "coordinates": [126.932231, 35.157081]}, "properties": {"addr": "동구 필문대로153번길 5-3", "cnt": 1}}, {"type": "Feature", "geometry": {"type": "Point", "coordinates": [126.932231, 35.157081]}, "properties": {"addr": "동구 필문대로153번길 5-3", "cnt": 3}}, {"type": "Feature", "geometry": {"type": "Point", "coordinates": [126.924148, 35.162443]}, "properties": {"addr": "동구 무등로375번길 25", "cnt": 1}}, {"type": "Feature", "geometry": {"type": "Point", "coordinates": [126.924148, 35.162443]}, "properties": {"addr": "동구 무등로375번길 25", "cnt": 1}}, {"type": "Feature", "geometry": {"type": "Point", "coordinates": [126.926444, 35.156025]}, "properties": {"addr": "동구 산수길25번길 6-12", "cnt": 2}}, {"type": "Feature", "geometry": {"type": "Point", "coordinates": [126.926444, 35.156025]}, "properties": {"addr": "동구 산수길25번길 6-12", "cnt": 1}}, {"type": "Feature", "geometry": {"type": "Point", "coordinates": [126.935446, 35.156313]}, "properties": {"addr": "동구 필문대로171번길 27", "cnt": 2}}, {"type": "Feature", "geometry": {"type": "Point", "coordinates": [126.935446, 35.156313]}, "properties": {"addr": "동구 필문대로171번길 27", "cnt": 1}}, {"type": "Feature", "geometry": {"type": "Point", "coordinates": [126.921918, 35.150463]}, "properties": {"addr": "동구 제봉로138번길 8-1", "cnt": 2}}, {"type": "Feature", "geometry": {"type": "Point", "coordinates": [126.921918, 35.150463]}, "properties": {"addr": "동구 제봉로138번길 8-1", "cnt": 1}}, {"type": "Feature", "geometry": {"type": "Point", "coordinates": [126.933108, 35.153166]}, "properties": {"addr": "동구 필문대로191번길 15", "cnt": 3}}, {"type": "Feature", "geometry": {"type": "Point", "coordinates": [126.933108, 35.153166]}, "properties": {"addr": "동구 필문대로191번길 15", "cnt": 1}}, {"type": "Feature", "geometry": {"type": "Point", "coordinates": [126.919779, 35.163113]}, "properties": {"addr": "동구 중앙로 351-14", "cnt": 1}}, {"type": "Feature", "geometry": {"type": "Point", "coordinates": [126.919779, 35.163113]}, "properties": {"addr": "동구 중앙로 351-14", "cnt": 1}}, {"type": "Feature", "geometry": {"type": "Point", "coordinates": [126.919779, 35.163113]}, "properties": {"addr": "동구 중앙로 351-14", "cnt": 2}}, {"type": "Feature", "geometry": {"type": "Point", "coordinates": [126.92839, 35.127802]}, "properties": {"addr": "동구 천변좌로604번안길 7", "cnt": 1}}, {"type": "Feature", "geometry": {"type": "Point", "coordinates": [126.92839, 35.127802]}, "properties": {"addr": "동구 천변좌로604번안길 7", "cnt": 1}}, {"type": "Feature", "geometry": {"type": "Point", "coordinates": [126.92839, 35.127802]}, "properties": {"addr": "동구 천변좌로604번안길 7", "cnt": 1}}, {"type": "Feature", "geometry": {"type": "Point", "coordinates": [126.921223, 35.15531]}, "properties": {"addr": "동구 중앙로 264-7", "cnt": 1}}, {"type": "Feature", "geometry": {"type": "Point", "coordinates": [126.921223, 35.15531]}, "properties": {"addr": "동구 중앙로 264-7", "cnt": 1}}, {"type": "Feature", "geometry": {"type": "Point", "coordinates": [126.921223, 35.15531]}, "properties": {"addr": "동구 중앙로 264-7", "cnt": 1}}, {"type": "Feature", "geometry": {"type": "Point", "coordinates": [126.918616, 35.140482]}, "properties": {"addr": "동구 천변우로 467", "cnt": 1}}, {"type": "Feature", "geometry": {"type": "Point", "coordinates": [126.918616, 35.140482]}, "properties": {"addr": "동구 천변우로 467", "cnt": 2}}, {"type": "Feature", "geometry": {"type": "Point", "coordinates": [126.931738, 35.152195]}, "properties": {"addr": "동구 필문대로205번길 5-1", "cnt": 3}}, {"type": "Feature", "geometry": {"type": "Point", "coordinates": [126.931738, 35.152195]}, "properties": {"addr": "동구 필문대로205번길 5-1", "cnt": 1}}, {"type": "Feature", "geometry": {"type": "Point", "coordinates": [126.938065, 35.149692]}, "properties": {"addr": "동구 밤실로4번안길 19", "cnt": 1}}, {"type": "Feature", "geometry": {"type": "Point", "coordinates": [126.938065, 35.149692]}, "properties": {"addr": "동구 밤실로4번안길 19", "cnt": 2}}, {"type": "Feature", "geometry": {"type": "Point", "coordinates": [126.944559, 35.131857]}, "properties": {"addr": "동구 의재로136번길 27", "cnt": 1}}, {"type": "Feature", "geometry": {"type": "Point", "coordinates": [126.944559, 35.131857]}, "properties": {"addr": "동구 의재로136번길 27", "cnt": 1}}, {"type": "Feature", "geometry": {"type": "Point", "coordinates": [126.944559, 35.131857]}, "properties": {"addr": "동구 의재로136번길 27", "cnt": 1}}, {"type": "Feature", "geometry": {"type": "Point", "coordinates": [126.894578, 35.153764]}, "properties": {"addr": "서구 월산로180번길 5", "cnt": 1}}, {"type": "Feature", "geometry": {"type": "Point", "coordinates": [126.894578, 35.153764]}, "properties": {"addr": "서구 월산로180번길 5", "cnt": 1}}, {"type": "Feature", "geometry": {"type": "Point", "coordinates": [126.861823, 35.147573]}, "properties": {"addr": "서구 화정로49번길 38", "cnt": 3}}, {"type": "Feature", "geometry": {"type": "Point", "coordinates": [126.861823, 35.147573]}, "properties": {"addr": "서구 화정로49번길 38", "cnt": 1}}, {"type": "Feature", "geometry": {"type": "Point", "coordinates": [126.871551, 35.14986]}, "properties": {"addr": "서구 월드컵4강로152번길 10", "cnt": 1}}, {"type": "Feature", "geometry": {"type": "Point", "coordinates": [126.871551, 35.14986]}, "properties": {"addr": "서구 월드컵4강로152번길 10", "cnt": 1}}, {"type": "Feature", "geometry": {"type": "Point", "coordinates": [126.880766, 35.151442]}, "properties": {"addr": "서구 군분로235번길 7", "cnt": 3}}, {"type": "Feature", "geometry": {"type": "Point", "coordinates": [126.880766, 35.151442]}, "properties": {"addr": "서구 군분로235번길 7", "cnt": 1}}, {"type": "Feature", "geometry": {"type": "Point", "coordinates": [126.867119, 35.15428]}, "properties": {"addr": "서구 상무대로955번길 30-16 옆", "cnt": 3}}, {"type": "Feature", "geometry": {"type": "Point", "coordinates": [126.867119, 35.15428]}, "properties": {"addr": "서구 상무대로955번길 30-16 옆", "cnt": 1}}, {"type": "Feature", "geometry": {"type": "Point", "coordinates": [126.88037, 35.150081]}, "properties": {"addr": "서구 화운로110번길 15", "cnt": 2}}, {"type": "Feature", "geometry": {"type": "Point", "coordinates": [126.88037, 35.150081]}, "properties": {"addr": "서구 화운로110번길 15", "cnt": 1}}, {"type": "Feature", "geometry": {"type": "Point", "coordinates": [126.879526, 35.149823]}, "properties": {"addr": "서구 화운로110번길 5-6", "cnt": 3}}, {"type": "Feature", "geometry": {"type": "Point", "coordinates": [126.857584, 35.148007]}, "properties": {"addr": "서구 운천로172번길 5-4", "cnt": 4}}, {"type": "Feature", "geometry": {"type": "Point", "coordinates": [126.873611, 35.146715]}, "properties": {"addr": "서구 월드컵4강로112번길 11-1", "cnt": 3}}, {"type": "Feature", "geometry": {"type": "Point", "coordinates": [126.873746, 35.142012]}, "properties": {"addr": "서구 염화로83번길 3", "cnt": 3}}, {"type": "Feature", "geometry": {"type": "Point", "coordinates": [126.873746, 35.142012]}, "properties": {"addr": "서구 염화로83번길 3", "cnt": 1}}, {"type": "Feature", "geometry": {"type": "Point", "coordinates": [126.884621, 35.156912]}, "properties": {"addr": "서구 농성동 392-16", "cnt": 3}}, {"type": "Feature", "geometry": {"type": "Point", "coordinates": [126.884621, 35.156912]}, "properties": {"addr": "서구 농성동 392-16", "cnt": 1}}, {"type": "Feature", "geometry": {"type": "Point", "coordinates": [126.872977, 35.142339]}, "properties": {"addr": "서구 염화로83번길 11-2", "cnt": 2}}, {"type": "Feature", "geometry": {"type": "Point", "coordinates": [126.882901, 35.151291]}, "properties": {"addr": "서구 군분로 230", "cnt": 1}}, {"type": "Feature", "geometry": {"type": "Point", "coordinates": [126.882901, 35.151291]}, "properties": {"addr": "서구 군분로 230", "cnt": 1}}, {"type": "Feature", "geometry": {"type": "Point", "coordinates": [126.822983, 35.110105]}, "properties": {"addr": "서구 서창2길 3", "cnt": 2}}, {"type": "Feature", "geometry": {"type": "Point", "coordinates": [126.822983, 35.110105]}, "properties": {"addr": "서구 서창2길 3", "cnt": 1}}, {"type": "Feature", "geometry": {"type": "Point", "coordinates": [126.874725, 35.154628]}, "properties": {"addr": "서구 화운로175번길 20", "cnt": 2}}, {"type": "Feature", "geometry": {"type": "Point", "coordinates": [126.874725, 35.154628]}, "properties": {"addr": "서구 화운로175번길 20", "cnt": 1}}, {"type": "Feature", "geometry": {"type": "Point", "coordinates": [126.854244, 35.167711]}, "properties": {"addr": "서구 유덕로6번길 30-12", "cnt": 2}}, {"type": "Feature", "geometry": {"type": "Point", "coordinates": [126.854244, 35.167711]}, "properties": {"addr": "서구 유덕로6번길 30-12", "cnt": 1}}, {"type": "Feature", "geometry": {"type": "Point", "coordinates": [126.860579, 35.124082]}, "properties": {"addr": "서구 풍금로 67", "cnt": 1}}, {"type": "Feature", "geometry": {"type": "Point", "coordinates": [126.860579, 35.124082]}, "properties": {"addr": "서구 풍금로 67", "cnt": 2}}, {"type": "Feature", "geometry": {"type": "Point", "coordinates": [126.890545, 35.149918]}, "properties": {"addr": "서구 금화로481번길 6-13", "cnt": 2}}, {"type": "Feature", "geometry": {"type": "Point", "coordinates": [126.890545, 35.149918]}, "properties": {"addr": "서구 금화로481번길 6-13", "cnt": 1}}, {"type": "Feature", "geometry": {"type": "Point", "coordinates": [126.860794, 35.121097]}, "properties": {"addr": "서구 풍암신흥안길 31-11", "cnt": 2}}, {"type": "Feature", "geometry": {"type": "Point", "coordinates": [126.8718, 35.154739]}, "properties": {"addr": "서구 상무대로1005번길 36", "cnt": 2}}, {"type": "Feature", "geometry": {"type": "Point", "coordinates": [126.8718, 35.154739]}, "properties": {"addr": "서구 상무대로1005번길 36", "cnt": 1}}, {"type": "Feature", "geometry": {"type": "Point", "coordinates": [126.878685, 35.151895]}, "properties": {"addr": "서구 군분로245번길 21", "cnt": 3}}, {"type": "Feature", "geometry": {"type": "Point", "coordinates": [126.878685, 35.151895]}, "properties": {"addr": "서구 군분로245번길 21", "cnt": 1}}, {"type": "Feature", "geometry": {"type": "Point", "coordinates": [126.87502, 35.143458]}, "properties": {"addr": "서구 월드컵4강로82번길 10-19", "cnt": 1}}, {"type": "Feature", "geometry": {"type": "Point", "coordinates": [126.87502, 35.143458]}, "properties": {"addr": "서구 월드컵4강로82번길 10-19", "cnt": 1}}, {"type": "Feature", "geometry": {"type": "Point", "coordinates": [126.894812, 35.158571]}, "properties": {"addr": "서구 발산로 37", "cnt": 1}}, {"type": "Feature", "geometry": {"type": "Point", "coordinates": [126.894812, 35.158571]}, "properties": {"addr": "서구 발산로 37", "cnt": 1}}, {"type": "Feature", "geometry": {"type": "Point", "coordinates": [126.894536, 35.15828]}, "properties": {"addr": "서구 발산로 37", "cnt": 1}}, {"type": "Feature", "geometry": {"type": "Point", "coordinates": [126.864291, 35.152121]}, "properties": {"addr": "서구 상무민주로6번길 52", "cnt": 3}}, {"type": "Feature", "geometry": {"type": "Point", "coordinates": [126.864291, 35.152121]}, "properties": {"addr": "서구 상무민주로6번길 52", "cnt": 1}}, {"type": "Feature", "geometry": {"type": "Point", "coordinates": [126.895764, 35.126127]}, "properties": {"addr": "남구 서문대로749번길 18", "cnt": 1}}, {"type": "Feature", "geometry": {"type": "Point", "coordinates": [126.895764, 35.126127]}, "properties": {"addr": "남구 서문대로749번길 18", "cnt": 3}}, {"type": "Feature", "geometry": {"type": "Point", "coordinates": [126.841552, 35.087218]}, "properties": {"addr": "남구 지석동 16-1", "cnt": 3}}, {"type": "Feature", "geometry": {"type": "Point", "coordinates": [126.87903, 35.099821]}, "properties": {"addr": "남구 신효천3길 5", "cnt": 3}}, {"type": "Feature", "geometry": {"type": "Point", "coordinates": [126.909879, 35.135221]}, "properties": {"addr": "남구 백서로 4-10", "cnt": 2}}, {"type": "Feature", "geometry": {"type": "Point", "coordinates": [126.894293, 35.147854]}, "properties": {"addr": "남구 금화로470번길 23-2", "cnt": 3}}, {"type": "Feature", "geometry": {"type": "Point", "coordinates": [126.889011, 35.129669]}, "properties": {"addr": "남구 주월동 산133-11", "cnt": 1}}, {"type": "Feature", "geometry": {"type": "Point", "coordinates": [126.889011, 35.129669]}, "properties": {"addr": "남구 주월동 산133-11", "cnt": 1}}, {"type": "Feature", "geometry": {"type": "Point", "coordinates": [126.894622, 35.124093]}, "properties": {"addr": "남구 서문대로749번다길 20-2", "cnt": 2}}, {"type": "Feature", "geometry": {"type": "Point", "coordinates": [126.903249, 35.140846]}, "properties": {"addr": "남구 독립로80번길 10", "cnt": 1}}, {"type": "Feature", "geometry": {"type": "Point", "coordinates": [126.903249, 35.140846]}, "properties": {"addr": "남구 독립로80번길 10", "cnt": 2}}, {"type": "Feature", "geometry": {"type": "Point", "coordinates": [126.913782, 35.130524]}, "properties": {"addr": "남구 대남대로107번길 40-1", "cnt": 1}}, {"type": "Feature", "geometry": {"type": "Point", "coordinates": [126.913782, 35.130524]}, "properties": {"addr": "남구 대남대로107번길 40-1", "cnt": 3}}, {"type": "Feature", "geometry": {"type": "Point", "coordinates": [126.901198, 35.10344]}, "properties": {"addr": "남구 효우로116번길 33-2", "cnt": 1}}, {"type": "Feature", "geometry": {"type": "Point", "coordinates": [126.901198, 35.10344]}, "properties": {"addr": "남구 효우로116번길 33-2", "cnt": 3}}, {"type": "Feature", "geometry": {"type": "Point", "coordinates": [126.909691, 35.127437]}, "properties": {"addr": "남구 봉선1로16번안길 25", "cnt": 3}}, {"type": "Feature", "geometry": {"type": "Point", "coordinates": [126.894532, 35.141375]}, "properties": {"addr": "남구 수박등로5번길 10", "cnt": 3}}, {"type": "Feature", "geometry": {"type": "Point", "coordinates": [126.894532, 35.141375]}, "properties": {"addr": "남구 수박등로5번길 10", "cnt": 1}}, {"type": "Feature", "geometry": {"type": "Point", "coordinates": [126.897401, 35.135297]}, "properties": {"addr": "남구 대남대로247번안길 8-2", "cnt": 1}}, {"type": "Feature", "geometry": {"type": "Point", "coordinates": [126.897401, 35.135297]}, "properties": {"addr": "남구 대남대로247번안길 8-2", "cnt": 2}}, {"type": "Feature", "geometry": {"type": "Point", "coordinates": [126.921104, 35.136266]}, "properties": {"addr": "남구 방림로 31", "cnt": 1}}, {"type": "Feature", "geometry": {"type": "Point", "coordinates": [126.921104, 35.136266]}, "properties": {"addr": "남구 방림로 31", "cnt": 1}}, {"type": "Feature", "geometry": {"type": "Point", "coordinates": [126.873215, 35.085508]}, "properties": {"addr": "남구 지산재길 11", "cnt": 1}}, {"type": "Feature", "geometry": {"type": "Point", "coordinates": [126.873215, 35.085508]}, "properties": {"addr": "남구 지산재길 11", "cnt": 1}}, {"type": "Feature", "geometry": {"type": "Point", "coordinates": [126.873215, 35.085508]}, "properties": {"addr": "남구 지산재길 11", "cnt": 2}}, {"type": "Feature", "geometry": {"type": "Point", "coordinates": [126.896098, 35.119632]}, "properties": {"addr": "남구 금당로 32", "cnt": 3}}, {"type": "Feature", "geometry": {"type": "Point", "coordinates": [126.896098, 35.119632]}, "properties": {"addr": "남구 금당로 32", "cnt": 1}}, {"type": "Feature", "geometry": {"type": "Point", "coordinates": [126.876124, 35.11473]}, "properties": {"addr": "남구 2순환로 1508", "cnt": 1}}, {"type": "Feature", "geometry": {"type": "Point", "coordinates": [126.876124, 35.11473]}, "properties": {"addr": "남구 2순환로 1508", "cnt": 1}}, {"type": "Feature", "geometry": {"type": "Point", "coordinates": [126.876124, 35.11473]}, "properties": {"addr": "남구 2순환로 1508", "cnt": 1}}, {"type": "Feature", "geometry": {"type": "Point", "coordinates": [126.899872, 35.114427]}, "properties": {"addr": "남구 화산로31번길 17", "cnt": 2}}, {"type": "Feature", "geometry": {"type": "Point", "coordinates": [126.899872, 35.114427]}, "properties": {"addr": "남구 화산로31번길 17", "cnt": 1}}, {"type": "Feature", "geometry": {"type": "Point", "coordinates": [126.895657, 35.13321]}, "properties": {"addr": "남구 회재로1230번길 5", "cnt": 2}}, {"type": "Feature", "geometry": {"type": "Point", "coordinates": [126.895657, 35.13321]}, "properties": {"addr": "남구 회재로1230번길 5", "cnt": 1}}, {"type": "Feature", "geometry": {"type": "Point", "coordinates": [126.901415, 35.113734]}, "properties": {"addr": "남구 화산로31번길 18", "cnt": 1}}, {"type": "Feature", "geometry": {"type": "Point", "coordinates": [126.901415, 35.113734]}, "properties": {"addr": "남구 화산로31번길 18", "cnt": 1}}, {"type": "Feature", "geometry": {"type": "Point", "coordinates": [126.908298, 35.114716]}, "properties": {"addr": "남구 화산로 115", "cnt": 2}}, {"type": "Feature", "geometry": {"type": "Point", "coordinates": [126.908298, 35.114716]}, "properties": {"addr": "남구 화산로 115", "cnt": 2}}, {"type": "Feature", "geometry": {"type": "Point", "coordinates": [126.882806, 35.119772]}, "properties": {"addr": "서구 풍암순환로 114", "cnt": 1}}, {"type": "Feature", "geometry": {"type": "Point", "coordinates": [126.882806, 35.119772]}, "properties": {"addr": "서구 풍암순환로 114", "cnt": 1}}, {"type": "Feature", "geometry": {"type": "Point", "coordinates": [126.917257, 35.132603]}, "properties": {"addr": "남구 용대로183번길 4-1", "cnt": 1}}, {"type": "Feature", "geometry": {"type": "Point", "coordinates": [126.917257, 35.132603]}, "properties": {"addr": "남구 용대로183번길 4-1", "cnt": 1}}, {"type": "Feature", "geometry": {"type": "Point", "coordinates": [126.917257, 35.132603]}, "properties": {"addr": "남구 용대로183번길 4-1", "cnt": 1}}, {"type": "Feature", "geometry": {"type": "Point", "coordinates": [126.925982, 35.172645]}, "properties": {"addr": "북구 서방로107번길 56", "cnt": 2}}, {"type": "Feature", "geometry": {"type": "Point", "coordinates": [126.92589, 35.167215]}, "properties": {"addr": "북구 두방길32번길 47", "cnt": 1}}, {"type": "Feature", "geometry": {"type": "Point", "coordinates": [126.92589, 35.167215]}, "properties": {"addr": "북구 두방길32번길 47", "cnt": 1}}, {"type": "Feature", "geometry": {"type": "Point", "coordinates": [126.885413, 35.171867]}, "properties": {"addr": "북구 무등로5번길 17-4", "cnt": 3}}, {"type": "Feature", "geometry": {"type": "Point", "coordinates": [126.916091, 35.175953]}, "properties": {"addr": "북구 호동로43번길 13", "cnt": 1}}, {"type": "Feature", "geometry": {"type": "Point", "coordinates": [126.916091, 35.175953]}, "properties": {"addr": "북구 호동로43번길 13", "cnt": 2}}, {"type": "Feature", "geometry": {"type": "Point", "coordinates": [126.885597, 35.173093]}, "properties": {"addr": "북구 서암대로 7", "cnt": 3}}, {"type": "Feature", "geometry": {"type": "Point", "coordinates": [126.896418, 35.162189]}, "properties": {"addr": "북구 임동로 7", "cnt": 1}}, {"type": "Feature", "geometry": {"type": "Point", "coordinates": [126.896418, 35.162189]}, "properties": {"addr": "북구 임동로 7", "cnt": 2}}, {"type": "Feature", "geometry": {"type": "Point", "coordinates": [126.926341, 35.179743]}, "properties": {"addr": "북구 평교로30번길 28", "cnt": 2}}, {"type": "Feature", "geometry": {"type": "Point", "coordinates": [126.926465, 35.179763]}, "properties": {"addr": "면앙로 121번길 62", "cnt": 1}}, {"type": "Feature", "geometry": {"type": "Point", "coordinates": [126.858082, 35.213227]}, "properties": {"addr": "북구 신용동 350-3", "cnt": 2}}, {"type": "Feature", "geometry": {"type": "Point", "coordinates": [126.858082, 35.213227]}, "properties": {"addr": "북구 신용동 350-3", "cnt": 1}}, {"type": "Feature", "geometry": {"type": "Point", "coordinates": [126.931136, 35.170669]}, "properties": {"addr": "북구 군왕로105번길 21-1", "cnt": 2}}, {"type": "Feature", "geometry": {"type": "Point", "coordinates": [126.931136, 35.170669]}, "properties": {"addr": "북구 군왕로105번길 21-1", "cnt": 1}}, {"type": "Feature", "geometry": {"type": "Point", "coordinates": [126.904041, 35.185161]}, "properties": {"addr": "북구 우치로231번길 33", "cnt": 2}}, {"type": "Feature", "geometry": {"type": "Point", "coordinates": [126.904041, 35.185161]}, "properties": {"addr": "북구 우치로231번길 33", "cnt": 1}}, {"type": "Feature", "geometry": {"type": "Point", "coordinates": [126.910777, 35.157364]}, "properties": {"addr": "북구 금재로75번길 25-9", "cnt": 1}}, {"type": "Feature", "geometry": {"type": "Point", "coordinates": [126.910777, 35.157364]}, "properties": {"addr": "북구 금재로75번길 25-9", "cnt": 1}}, {"type": "Feature", "geometry": {"type": "Point", "coordinates": [126.910777, 35.157364]}, "properties": {"addr": "북구 금재로75번길 25-9", "cnt": 1}}, {"type": "Feature", "geometry": {"type": "Point", "coordinates": [126.896958, 35.238585]}, "properties": {"addr": "북구 용전마을길 42", "cnt": 1}}, {"type": "Feature", "geometry": {"type": "Point", "coordinates": [126.896958, 35.238585]}, "properties": {"addr": "북구 용전마을길 42", "cnt": 1}}, {"type": "Feature", "geometry": {"type": "Point", "coordinates": [126.896958, 35.238585]}, "properties": {"addr": "북구 용전마을길 42", "cnt": 1}}, {"type": "Feature", "geometry": {"type": "Point", "coordinates": [127.001621, 35.184496]}, "properties": {"addr": "북구 충효샘길 7", "cnt": 2}}, {"type": "Feature", "geometry": {"type": "Point", "coordinates": [127.001621, 35.184496]}, "properties": {"addr": "북구 충효샘길 7", "cnt": 1}}, {"type": "Feature", "geometry": {"type": "Point", "coordinates": [126.92952, 35.172631]}, "properties": {"addr": "북구 군왕로117번길 59", "cnt": 1}}, {"type": "Feature", "geometry": {"type": "Point", "coordinates": [126.92952, 35.172631]}, "properties": {"addr": "북구 군왕로117번길 59", "cnt": 2}}, {"type": "Feature", "geometry": {"type": "Point", "coordinates": [126.864688, 35.176753]}, "properties": {"addr": "북구 유림로160번길 8", "cnt": 1}}, {"type": "Feature", "geometry": {"type": "Point", "coordinates": [126.864688, 35.176753]}, "properties": {"addr": "북구 유림로160번길 8", "cnt": 1}}, {"type": "Feature", "geometry": {"type": "Point", "coordinates": [126.932752, 35.172853]}, "properties": {"addr": "북구 군왕로 131", "cnt": 1}}, {"type": "Feature", "geometry": {"type": "Point", "coordinates": [126.932752, 35.172853]}, "properties": {"addr": "북구 군왕로 131", "cnt": 1}}, {"type": "Feature", "geometry": {"type": "Point", "coordinates": [126.932752, 35.172853]}, "properties": {"addr": "북구 군왕로 131", "cnt": 1}}, {"type": "Feature", "geometry": {"type": "Point", "coordinates": [126.868369, 35.188386]}, "properties": {"addr": "북구 동림용산로 12-11", "cnt": 1}}, {"type": "Feature", "geometry": {"type": "Point", "coordinates": [126.868369, 35.188386]}, "properties": {"addr": "북구 동림용산로 12-11", "cnt": 1}}, {"type": "Feature", "geometry": {"type": "Point", "coordinates": [126.869659, 35.205064]}, "properties": {"addr": "북구 연양로20번길 26-6", "cnt": 2}}, {"type": "Feature", "geometry": {"type": "Point", "coordinates": [126.869659, 35.205064]}, "properties": {"addr": "북구 연양로20번길 26-6", "cnt": 1}}, {"type": "Feature", "geometry": {"type": "Point", "coordinates": [126.934169, 35.181001]}, "properties": {"addr": "북구 각화대로 33", "cnt": 1}}, {"type": "Feature", "geometry": {"type": "Point", "coordinates": [126.934169, 35.181001]}, "properties": {"addr": "북구 각화대로 33", "cnt": 1}}, {"type": "Feature", "geometry": {"type": "Point", "coordinates": [126.924796, 35.187875]}, "properties": {"addr": "북구 문산로 74", "cnt": 3}}, {"type": "Feature", "geometry": {"type": "Point", "coordinates": [126.924796, 35.187875]}, "properties": {"addr": "북구 문산로 74", "cnt": 1}}, {"type": "Feature", "geometry": {"type": "Point", "coordinates": [126.923227, 35.175212]}, "properties": {"addr": "북구 감적길 38", "cnt": 1}}, {"type": "Feature", "geometry": {"type": "Point", "coordinates": [126.923227, 35.175212]}, "properties": {"addr": "북구 감적길 38", "cnt": 2}}, {"type": "Feature", "geometry": {"type": "Point", "coordinates": [126.923227, 35.175212]}, "properties": {"addr": "북구 감적길 38", "cnt": 1}}, {"type": "Feature", "geometry": {"type": "Point", "coordinates": [126.914314, 35.186435]}, "properties": {"addr": "북구 송월로30번길 20", "cnt": 1}}, {"type": "Feature", "geometry": {"type": "Point", "coordinates": [126.914314, 35.186435]}, "properties": {"addr": "북구 송월로30번길 20", "cnt": 2}}, {"type": "Feature", "geometry": {"type": "Point", "coordinates": [126.890238, 35.173313]}, "properties": {"addr": "북구 금호로40번길 16", "cnt": 2}}, {"type": "Feature", "geometry": {"type": "Point", "coordinates": [126.890238, 35.173313]}, "properties": {"addr": "북구 금호로40번길 16", "cnt": 1}}, {"type": "Feature", "geometry": {"type": "Point", "coordinates": [126.873206, 35.210098]}, "properties": {"addr": "북구 양산동 249-28", "cnt": 1}}, {"type": "Feature", "geometry": {"type": "Point", "coordinates": [126.873206, 35.210098]}, "properties": {"addr": "북구 양산동 249-28", "cnt": 2}}, {"type": "Feature", "geometry": {"type": "Point", "coordinates": [126.938394, 35.18159]}, "properties": {"addr": "북구 군왕로 242", "cnt": 2}}, {"type": "Feature", "geometry": {"type": "Point", "coordinates": [126.938394, 35.18159]}, "properties": {"addr": "북구 군왕로 242", "cnt": 1}}, {"type": "Feature", "geometry": {"type": "Point", "coordinates": [126.887072, 35.174479]}, "properties": {"addr": "북구 금호로67번길 5", "cnt": 1}}, {"type": "Feature", "geometry": {"type": "Point", "coordinates": [126.887072, 35.174479]}, "properties": {"addr": "북구 금호로67번길 5", "cnt": 2}}, {"type": "Feature", "geometry": {"type": "Point", "coordinates": [126.904333, 35.170781]}, "properties": {"addr": "북구 서양로 28", "cnt": 1}}, {"type": "Feature", "geometry": {"type": "Point", "coordinates": [126.904333, 35.170781]}, "properties": {"addr": "북구 서양로 28", "cnt": 1}}, {"type": "Feature", "geometry": {"type": "Point", "coordinates": [126.904333, 35.170781]}, "properties": {"addr": "북구 서양로 28", "cnt": 1}}, {"type": "Feature", "geometry": {"type": "Point", "coordinates": [126.904333, 35.170781]}, "properties": {"addr": "북구 서양로 28", "cnt": 1}}, {"type": "Feature", "geometry": {"type": "Point", "coordinates": [126.935336, 35.176879]}, "properties": {"addr": "북구 군왕로182번길 24", "cnt": 2}}, {"type": "Feature", "geometry": {"type": "Point", "coordinates": [126.935336, 35.176879]}, "properties": {"addr": "북구 군왕로182번길 24", "cnt": 1}}, {"type": "Feature", "geometry": {"type": "Point", "coordinates": [126.927152, 35.186804]}, "properties": {"addr": "북구 문산로74번길 45", "cnt": 3}}, {"type": "Feature", "geometry": {"type": "Point", "coordinates": [126.927152, 35.186804]}, "properties": {"addr": "북구 문산로74번길 45", "cnt": 1}}, {"type": "Feature", "geometry": {"type": "Point", "coordinates": [126.928261, 35.182767]}, "properties": {"addr": "북구 문화소통로315번길 11", "cnt": 1}}, {"type": "Feature", "geometry": {"type": "Point", "coordinates": [126.928261, 35.182767]}, "properties": {"addr": "북구 문화소통로315번길 11", "cnt": 1}}, {"type": "Feature", "geometry": {"type": "Point", "coordinates": [126.908197, 35.18499]}, "properties": {"addr": "북구 대천로 14", "cnt": 1}}, {"type": "Feature", "geometry": {"type": "Point", "coordinates": [126.908197, 35.18499]}, "properties": {"addr": "북구 대천로 14", "cnt": 1}}, {"type": "Feature", "geometry": {"type": "Point", "coordinates": [126.908197, 35.18499]}, "properties": {"addr": "북구 대천로 14", "cnt": 1}}, {"type": "Feature", "geometry": {"type": "Point", "coordinates": [126.898025, 35.171986]}, "properties": {"addr": "북구 용봉동 692-15", "cnt": 2}}, {"type": "Feature", "geometry": {"type": "Point", "coordinates": [126.898025, 35.171986]}, "properties": {"addr": "북구 용봉동 692-15", "cnt": 1}}, {"type": "Feature", "geometry": {"type": "Point", "coordinates": [126.920946, 35.185457]}, "properties": {"addr": "북구 대천로 124-5", "cnt": 1}}, {"type": "Feature", "geometry": {"type": "Point", "coordinates": [126.920946, 35.185457]}, "properties": {"addr": "북구 대천로 124-5", "cnt": 1}}, {"type": "Feature", "geometry": {"type": "Point", "coordinates": [126.933153, 35.178264]}, "properties": {"addr": "북구 두리봉길 34-16", "cnt": 3}}, {"type": "Feature", "geometry": {"type": "Point", "coordinates": [126.870571, 35.176589]}, "properties": {"addr": "북구 서강로53번길 6-4", "cnt": 1}}, {"type": "Feature", "geometry": {"type": "Point", "coordinates": [126.870571, 35.176589]}, "properties": {"addr": "북구 서강로53번길 6-4", "cnt": 1}}, {"type": "Feature", "geometry": {"type": "Point", "coordinates": [126.870571, 35.176589]}, "properties": {"addr": "북구 서강로53번길 6-4", "cnt": 1}}, {"type": "Feature", "geometry": {"type": "Point", "coordinates": [126.901203, 35.168215]}, "properties": {"addr": "북구 들재매길 141", "cnt": 2}}, {"type": "Feature", "geometry": {"type": "Point", "coordinates": [126.901203, 35.168215]}, "properties": {"addr": "북구 들재매길 141", "cnt": 1}}, {"type": "Feature", "geometry": {"type": "Point", "coordinates": [126.934104, 35.178996]}, "properties": {"addr": "북구 군왕로203번길 25", "cnt": 1}}, {"type": "Feature", "geometry": {"type": "Point", "coordinates": [126.934104, 35.178996]}, "properties": {"addr": "북구 군왕로203번길 25", "cnt": 1}}, {"type": "Feature", "geometry": {"type": "Point", "coordinates": [126.934104, 35.178996]}, "properties": {"addr": "북구 군왕로203번길 25", "cnt": 2}}, {"type": "Feature", "geometry": {"type": "Point", "coordinates": [126.933575, 35.163197]}, "properties": {"addr": "북구 밤실로181번길 6-1", "cnt": 3}}, {"type": "Feature", "geometry": {"type": "Point", "coordinates": [126.933575, 35.163197]}, "properties": {"addr": "북구 밤실로181번길 6-1", "cnt": 1}}, {"type": "Feature", "geometry": {"type": "Point", "coordinates": [126.931347, 35.176147]}, "properties": {"addr": "북구 두리봉길 3", "cnt": 1}}, {"type": "Feature", "geometry": {"type": "Point", "coordinates": [126.931347, 35.176147]}, "properties": {"addr": "북구 두리봉길 3", "cnt": 3}}, {"type": "Feature", "geometry": {"type": "Point", "coordinates": [126.828252, 35.224572]}, "properties": {"addr": "광산구 첨단과기로 45-45", "cnt": 2}}, {"type": "Feature", "geometry": {"type": "Point", "coordinates": [126.825001, 35.149878]}, "properties": {"addr": "광산구 우산동 276-1", "cnt": 3}}, {"type": "Feature", "geometry": {"type": "Point", "coordinates": [126.659323, 35.142321]}, "properties": {"addr": "광산구 삼도대봉길 27", "cnt": 2}}, {"type": "Feature", "geometry": {"type": "Point", "coordinates": [126.815288, 35.152521]}, "properties": {"addr": "광산구 상무대로419번길 100", "cnt": 3}}, {"type": "Feature", "geometry": {"type": "Point", "coordinates": [126.744876, 35.177375]}, "properties": {"addr": "광산구 산수동 361-18", "cnt": 2}}, {"type": "Feature", "geometry": {"type": "Point", "coordinates": [126.786582, 35.13249]}, "properties": {"addr": "광산구 도산동 984-22", "cnt": 3}}, {"type": "Feature", "geometry": {"type": "Point", "coordinates": [126.80662, 35.169594]}, "properties": {"addr": "광산구 산정공원로 27-5", "cnt": 1}}, {"type": "Feature", "geometry": {"type": "Point", "coordinates": [126.80662, 35.169594]}, "properties": {"addr": "광산구 산정공원로 27-5", "cnt": 2}}, {"type": "Feature", "geometry": {"type": "Point", "coordinates": [126.790501, 35.209524]}, "properties": {"addr": "광산구 진곡길 45-29", "cnt": 2}}, {"type": "Feature", "geometry": {"type": "Point", "coordinates": [126.790501, 35.209524]}, "properties": {"addr": "광산구 진곡길 45-29", "cnt": 1}}, {"type": "Feature", "geometry": {"type": "Point", "coordinates": [126.794987, 35.144024]}, "properties": {"addr": "광산구 송정공원로11번길 92", "cnt": 3}}, {"type": "Feature", "geometry": {"type": "Point", "coordinates": [126.836091, 35.187497]}, "properties": {"addr": "광산구 신창로33번길 21-18", "cnt": 2}}, {"type": "Feature", "geometry": {"type": "Point", "coordinates": [126.836091, 35.187497]}, "properties": {"addr": "광산구 신창로33번길 21-18", "cnt": 1}}, {"type": "Feature", "geometry": {"type": "Point", "coordinates": [126.838595, 35.182544]}, "properties": {"addr": "광산구 수등로 280", "cnt": 3}}, {"type": "Feature", "geometry": {"type": "Point", "coordinates": [126.80283, 35.175425]}, "properties": {"addr": "광산구 산정동 1035", "cnt": 1}}, {"type": "Feature", "geometry": {"type": "Point", "coordinates": [126.80283, 35.175425]}, "properties": {"addr": "광산구 산정동 1035", "cnt": 1}}, {"type": "Feature", "geometry": {"type": "Point", "coordinates": [126.841246, 35.213139]}, "properties": {"addr": "광산구 첨단내촌로70번길 88-3", "cnt": 3}}, {"type": "Feature", "geometry": {"type": "Point", "coordinates": [126.837494, 35.212252]}, "properties": {"addr": "광산구 첨단내촌로70번길 8-22", "cnt": 3}}, {"type": "Feature", "geometry": {"type": "Point", "coordinates": [126.811406, 35.169305]}, "properties": {"addr": "광산구 월곡중앙로34번길 7", "cnt": 2}}, {"type": "Feature", "geometry": {"type": "Point", "coordinates": [126.8092, 35.166522]}, "properties": {"addr": "광산구 월곡중앙로1번길 15", "cnt": 2}}, {"type": "Feature", "geometry": {"type": "Point", "coordinates": [126.799211, 35.177222]}, "properties": {"addr": "광산구 하남대로54번안길 13", "cnt": 2}}, {"type": "Feature", "geometry": {"type": "Point", "coordinates": [126.799211, 35.177222]}, "properties": {"addr": "광산구 하남대로54번안길 13", "cnt": 1}}, {"type": "Feature", "geometry": {"type": "Point", "coordinates": [126.835662, 35.208216]}, "properties": {"addr": "광산구 월계로16번길 14-19", "cnt": 2}}, {"type": "Feature", "geometry": {"type": "Point", "coordinates": [126.835662, 35.208216]}, "properties": {"addr": "광산구 월계로16번길 14-19", "cnt": 1}}, {"type": "Feature", "geometry": {"type": "Point", "coordinates": [126.797911, 35.144858]}, "properties": {"addr": "광산구 송정공원로11번길 22-2", "cnt": 2}}, {"type": "Feature", "geometry": {"type": "Point", "coordinates": [126.797911, 35.144858]}, "properties": {"addr": "광산구 송정공원로11번길 22-2", "cnt": 1}}, {"type": "Feature", "geometry": {"type": "Point", "coordinates": [126.837875, 35.193235]}, "properties": {"addr": "광산구 신창로86번길 7-10", "cnt": 2}}, {"type": "Feature", "geometry": {"type": "Point", "coordinates": [126.837875, 35.193235]}, "properties": {"addr": "광산구 신창로86번길 7-10", "cnt": 1}}, {"type": "Feature", "geometry": {"type": "Point", "coordinates": [126.813977, 35.194512]}, "properties": {"addr": "광산구 장덕로40번길 13-6", "cnt": 1}}, {"type": "Feature", "geometry": {"type": "Point", "coordinates": [126.813977, 35.194512]}, "properties": {"addr": "광산구 장덕로40번길 13-6", "cnt": 2}}, {"type": "Feature", "geometry": {"type": "Point", "coordinates": [126.816941, 35.216362]}, "properties": {"addr": "광산구 도천북길 55", "cnt": 1}}, {"type": "Feature", "geometry": {"type": "Point", "coordinates": [126.816941, 35.216362]}, "properties": {"addr": "광산구 도천북길 55", "cnt": 2}}, {"type": "Feature", "geometry": {"type": "Point", "coordinates": [126.821121, 35.211369]}, "properties": {"addr": "광산구 도천남길 150", "cnt": 1}}, {"type": "Feature", "geometry": {"type": "Point", "coordinates": [126.821121, 35.211369]}, "properties": {"addr": "광산구 도천남길 150", "cnt": 2}}, {"type": "Feature", "geometry": {"type": "Point", "coordinates": [126.800977, 35.151615]}, "properties": {"addr": "광산구 금봉로 23", "cnt": 1}}, {"type": "Feature", "geometry": {"type": "Point", "coordinates": [126.800977, 35.151615]}, "properties": {"addr": "광산구 금봉로 23", "cnt": 2}}, {"type": "Feature", "geometry": {"type": "Point", "coordinates": [126.806457, 35.152865]}, "properties": {"addr": "광산구 사암로95번길 13", "cnt": 1}}, {"type": "Feature", "geometry": {"type": "Point", "coordinates": [126.806457, 35.152865]}, "properties": {"addr": "광산구 사암로95번길 13", "cnt": 1}}, {"type": "Feature", "geometry": {"type": "Point", "coordinates": [126.806457, 35.152865]}, "properties": {"addr": "광산구 사암로95번길 13", "cnt": 1}}, {"type": "Feature", "geometry": {"type": "Point", "coordinates": [126.834424, 35.208789]}, "properties": {"addr": "광산구 월계로16번길 11", "cnt": 1}}, {"type": "Feature", "geometry": {"type": "Point", "coordinates": [126.834424, 35.208789]}, "properties": {"addr": "광산구 월계로16번길 11", "cnt": 2}}, {"type": "Feature", "geometry": {"type": "Point", "coordinates": [126.833542, 35.210048]}, "properties": {"addr": "광산구 월계로34번길 15", "cnt": 1}}, {"type": "Feature", "geometry": {"type": "Point", "coordinates": [126.833542, 35.210048]}, "properties": {"addr": "광산구 월계로34번길 15", "cnt": 1}}, {"type": "Feature", "geometry": {"type": "Point", "coordinates": [126.833542, 35.210048]}, "properties": {"addr": "광산구 월계로34번길 15", "cnt": 2}}, {"type": "Feature", "geometry": {"type": "Point", "coordinates": [126.839782, 35.18384]}, "properties": {"addr": "광산구 수등로 280", "cnt": 1}}, {"type": "Feature", "geometry": {"type": "Point", "coordinates": [126.839782, 35.18384]}, "properties": {"addr": "광산구 수등로 280", "cnt": 1}}, {"type": "Feature", "geometry": {"type": "Point", "coordinates": [126.794996, 35.149268]}, "properties": {"addr": "광산구 소촌로46번길 15", "cnt": 1}}, {"type": "Feature", "geometry": {"type": "Point", "coordinates": [126.794996, 35.149268]}, "properties": {"addr": "광산구 소촌로46번길 15", "cnt": 1}}, {"type": "Feature", "geometry": {"type": "Point", "coordinates": [126.794996, 35.149268]}, "properties": {"addr": "광산구 소촌로46번길 15", "cnt": 1}}, {"type": "Feature", "geometry": {"type": "Point", "coordinates": [126.829993, 35.187815]}, "properties": {"addr": "광산구 수완로48번길 42", "cnt": 1}}, {"type": "Feature", "geometry": {"type": "Point", "coordinates": [126.829993, 35.187815]}, "properties": {"addr": "광산구 수완로48번길 42", "cnt": 1}}, {"type": "Feature", "geometry": {"type": "Point", "coordinates": [126.829993, 35.187815]}, "properties": {"addr": "광산구 수완로48번길 42", "cnt": 1}}, {"type": "Feature", "geometry": {"type": "Point", "coordinates": [126.835043, 35.19046]}, "properties": {"addr": "광산구 신창동 1217", "cnt": 1}}, {"type": "Feature", "geometry": {"type": "Point", "coordinates": [126.835043, 35.19046]}, "properties": {"addr": "광산구 신창동 1217", "cnt": 1}}, {"type": "Feature", "geometry": {"type": "Point", "coordinates": [126.835043, 35.19046]}, "properties": {"addr": "광산구 신창동 1217", "cnt": 1}}, {"type": "Feature", "geometry": {"type": "Point", "coordinates": [126.813402, 35.171358]}, "properties": {"addr": "광산구 월곡반월로76번길 5-7", "cnt": 1}}, {"type": "Feature", "geometry": {"type": "Point", "coordinates": [126.813402, 35.171358]}, "properties": {"addr": "광산구 월곡반월로76번길 5-7", "cnt": 1}}, {"type": "Feature", "geometry": {"type": "Point", "coordinates": [126.828618, 35.194371]}, "properties": {"addr": "광산구 수완로73번길 24-56", "cnt": 1}}, {"type": "Feature", "geometry": {"type": "Point", "coordinates": [126.828618, 35.194371]}, "properties": {"addr": "광산구 수완로73번길 24-56", "cnt": 1}}, {"type": "Feature", "geometry": {"type": "Point", "coordinates": [126.828618, 35.194371]}, "properties": {"addr": "광산구 수완로73번길 24-56", "cnt": 1}}, {"type": "Feature", "geometry": {"type": "Point", "coordinates": [126.814573, 35.155718]}, "properties": {"addr": "광산구 사암로118번길 127-6", "cnt": 2}}, {"type": "Feature", "geometry": {"type": "Point", "coordinates": [126.814573, 35.155718]}, "properties": {"addr": "광산구 사암로118번길 127-6", "cnt": 1}}, {"type": "Feature", "geometry": {"type": "Point", "coordinates": [126.817192, 35.182408]}, "properties": {"addr": "광산구 수등로76번길 35", "cnt": 1}}, {"type": "Feature", "geometry": {"type": "Point", "coordinates": [126.817192, 35.182408]}, "properties": {"addr": "광산구 수등로76번길 35", "cnt": 2}}, {"type": "Feature", "geometry": {"type": "Point", "coordinates": [126.815108, 35.194491]}, "properties": {"addr": "광산구 장덕로50번길 5", "cnt": 1}}, {"type": "Feature", "geometry": {"type": "Point", "coordinates": [126.815108, 35.194491]}, "properties": {"addr": "광산구 장덕로50번길 5", "cnt": 1}}, {"type": "Feature", "geometry": {"type": "Point", "coordinates": [126.912233, 35.128374]}, "properties": {"addr": "남구 봉선중앙로82번길 9-1", "cnt": 2}}, {"type": "Feature", "geometry": {"type": "Point", "coordinates": [126.912233, 35.128374]}, "properties": {"addr": "남구 봉선중앙로82번길 9-1", "cnt": 1}}, {"type": "Feature", "geometry": {"type": "Point", "coordinates": [126.912233, 35.128374]}, "properties": {"addr": "남구 봉선중앙로82번길 9-1", "cnt": 1}}, {"type": "Feature", "geometry": {"type": "Point", "coordinates": [126.840547, 35.188226]}, "properties": {"addr": "광산구 신가매결길 72", "cnt": 1}}, {"type": "Feature", "geometry": {"type": "Point", "coordinates": [126.840547, 35.188226]}, "properties": {"addr": "광산구 신가매결길 72", "cnt": 1}}, {"type": "Feature", "geometry": {"type": "Point", "coordinates": [126.840547, 35.188226]}, "properties": {"addr": "광산구 신가매결길 72", "cnt": 1}}, {"type": "Feature", "geometry": {"type": "Point", "coordinates": [126.816266, 35.198934]}, "properties": {"addr": "광산구 풍영로 312", "cnt": 2}}, {"type": "Feature", "geometry": {"type": "Point", "coordinates": [126.816266, 35.198934]}, "properties": {"addr": "광산구 풍영로 312", "cnt": 2}}, {"type": "Feature", "geometry": {"type": "Point", "coordinates": [126.809484, 35.156477]}, "properties": {"addr": "광산구 우산로 86", "cnt": 1}}, {"type": "Feature", "geometry": {"type": "Point", "coordinates": [126.809484, 35.156477]}, "properties": {"addr": "광산구 우산로 86", "cnt": 1}}, {"type": "Feature", "geometry": {"type": "Point", "coordinates": [126.809484, 35.156477]}, "properties": {"addr": "광산구 우산로 86", "cnt": 1}}, {"type": "Feature", "geometry": {"type": "Point", "coordinates": [126.809484, 35.156477]}, "properties": {"addr": "광산구 우산로 86", "cnt": 1}}, {"type": "Feature", "geometry": {"type": "Point", "coordinates": [126.826626, 35.225459]}, "properties": {"addr": "광산구 비아동 산56-4", "cnt": 4}}, {"type": "Feature", "geometry": {"type": "Point", "coordinates": [126.929207, 35.157213]}, "properties": {"addr": "동구 산수길 28", "cnt": 1}}, {"type": "Feature", "geometry": {"type": "Point", "coordinates": [126.929207, 35.157213]}, "properties": {"addr": "동구 산수길 28", "cnt": 2}}, {"type": "Feature", "geometry": {"type": "Point", "coordinates": [126.930052, 35.154224]}, "properties": {"addr": "동구 필문대로192번길 6-9", "cnt": 1}}, {"type": "Feature", "geometry": {"type": "Point", "coordinates": [126.930052, 35.154224]}, "properties": {"addr": "동구 필문대로192번길 6-9", "cnt": 2}}, {"type": "Feature", "geometry": {"type": "Point", "coordinates": [126.922856, 35.143377]}, "properties": {"addr": "동구 백서로 147", "cnt": 1}}, {"type": "Feature", "geometry": {"type": "Point", "coordinates": [126.922856, 35.143377]}, "properties": {"addr": "동구 백서로 147", "cnt": 2}}, {"type": "Feature", "geometry": {"type": "Point", "coordinates": [126.894452, 35.121418]}, "properties": {"addr": "남구 광복마을4길 40", "cnt": 1}}, {"type": "Feature", "geometry": {"type": "Point", "coordinates": [126.894452, 35.121418]}, "properties": {"addr": "남구 광복마을4길 40", "cnt": 3}}, {"type": "Feature", "geometry": {"type": "Point", "coordinates": [126.884927, 35.099915]}, "properties": {"addr": "남구 효우2로 70", "cnt": 1}}, {"type": "Feature", "geometry": {"type": "Point", "coordinates": [126.884927, 35.099915]}, "properties": {"addr": "남구 효우2로 70", "cnt": 2}}, {"type": "Feature", "geometry": {"type": "Point", "coordinates": [126.904331, 35.144122]}, "properties": {"addr": "남구 서동로2번길 8", "cnt": 1}}, {"type": "Feature", "geometry": {"type": "Point", "coordinates": [126.904331, 35.144122]}, "properties": {"addr": "남구 서동로2번길 8", "cnt": 1}}, {"type": "Feature", "geometry": {"type": "Point", "coordinates": [126.901776, 35.114271]}, "properties": {"addr": "남구 서문대로654번길 45", "cnt": 1}}, {"type": "Feature", "geometry": {"type": "Point", "coordinates": [126.901776, 35.114271]}, "properties": {"addr": "남구 서문대로654번길 45", "cnt": 2}}, {"type": "Feature", "geometry": {"type": "Point", "coordinates": [126.833262, 35.08137]}, "properties": {"addr": "남구 고싸움로152번길 1", "cnt": 1}}, {"type": "Feature", "geometry": {"type": "Point", "coordinates": [126.833262, 35.08137]}, "properties": {"addr": "남구 고싸움로152번길 1", "cnt": 2}}, {"type": "Feature", "geometry": {"type": "Point", "coordinates": [126.900088, 35.132359]}, "properties": {"addr": "남구 서문대로 827", "cnt": 1}}, {"type": "Feature", "geometry": {"type": "Point", "coordinates": [126.900088, 35.132359]}, "properties": {"addr": "남구 서문대로 827", "cnt": 2}}, {"type": "Feature", "geometry": {"type": "Point", "coordinates": [126.86591, 35.210027]}, "properties": {"addr": "북구 첨단연신로108번길 86", "cnt": 2}}, {"type": "Feature", "geometry": {"type": "Point", "coordinates": [126.935374, 35.181758]}, "properties": {"addr": "북구 각화대로39번길 10", "cnt": 1}}, {"type": "Feature", "geometry": {"type": "Point", "coordinates": [126.935374, 35.181758]}, "properties": {"addr": "북구 각화대로39번길 10", "cnt": 2}}, {"type": "Feature", "geometry": {"type": "Point", "coordinates": [126.951227, 35.206248]}, "properties": {"addr": "북구 석곡로 527", "cnt": 1}}, {"type": "Feature", "geometry": {"type": "Point", "coordinates": [126.951227, 35.206248]}, "properties": {"addr": "북구 석곡로 527", "cnt": 1}}, {"type": "Feature", "geometry": {"type": "Point", "coordinates": [126.89879, 35.163296]}, "properties": {"addr": "북구 서림로 113", "cnt": 1}}, {"type": "Feature", "geometry": {"type": "Point", "coordinates": [126.89879, 35.163296]}, "properties": {"addr": "북구 서림로 113", "cnt": 2}}, {"type": "Feature", "geometry": {"type": "Point", "coordinates": [126.91387, 35.172694]}, "properties": {"addr": "북구 향토문화로 65", "cnt": 1}}, {"type": "Feature", "geometry": {"type": "Point", "coordinates": [126.91387, 35.172694]}, "properties": {"addr": "북구 향토문화로 65", "cnt": 2}}, {"type": "Feature", "geometry": {"type": "Point", "coordinates": [126.893498, 35.193628]}, "properties": {"addr": "북구 초당로 25", "cnt": 1}}, {"type": "Feature", "geometry": {"type": "Point", "coordinates": [126.893498, 35.193628]}, "properties": {"addr": "북구 초당로 25", "cnt": 4}}, {"type": "Feature", "geometry": {"type": "Point", "coordinates": [126.92346, 35.179022]}, "properties": {"addr": "북구 면앙로 99", "cnt": 1}}, {"type": "Feature", "geometry": {"type": "Point", "coordinates": [126.92346, 35.179022]}, "properties": {"addr": "북구 면앙로 99", "cnt": 4}}, {"type": "Feature", "geometry": {"type": "Point", "coordinates": [126.922231, 35.189302]}, "properties": {"addr": "북구 대천로169번길 7", "cnt": 1}}, {"type": "Feature", "geometry": {"type": "Point", "coordinates": [126.922231, 35.189302]}, "properties": {"addr": "북구 대천로169번길 7", "cnt": 4}}, {"type": "Feature", "geometry": {"type": "Point", "coordinates": [126.931582, 35.174068]}, "properties": {"addr": "북구 군왕로 135", "cnt": 1}}, {"type": "Feature", "geometry": {"type": "Point", "coordinates": [126.931582, 35.174068]}, "properties": {"addr": "북구 군왕로 135", "cnt": 2}}, {"type": "Feature", "geometry": {"type": "Point", "coordinates": [126.921648, 35.183672]}, "properties": {"addr": "북구 문산로 17", "cnt": 1}}, {"type": "Feature", "geometry": {"type": "Point", "coordinates": [126.921648, 35.183672]}, "properties": {"addr": "북구 문산로 17", "cnt": 2}}, {"type": "Feature", "geometry": {"type": "Point", "coordinates": [126.880583, 35.214799]}, "properties": {"addr": "북구 본촌택지로30번길 22", "cnt": 1}}, {"type": "Feature", "geometry": {"type": "Point", "coordinates": [126.880583, 35.214799]}, "properties": {"addr": "북구 본촌택지로30번길 22", "cnt": 2}}, {"type": "Feature", "geometry": {"type": "Point", "coordinates": [126.901153, 35.200531]}, "properties": {"addr": "북구 송해로 21", "cnt": 1}}, {"type": "Feature", "geometry": {"type": "Point", "coordinates": [126.901153, 35.200531]}, "properties": {"addr": "북구 송해로 21", "cnt": 2}}, {"type": "Feature", "geometry": {"type": "Point", "coordinates": [126.935753, 35.166477]}, "properties": {"addr": "북구 밤실로208번길 55", "cnt": 1}}, {"type": "Feature", "geometry": {"type": "Point", "coordinates": [126.935753, 35.166477]}, "properties": {"addr": "북구 밤실로208번길 55", "cnt": 2}}, {"type": "Feature", "geometry": {"type": "Point", "coordinates": [126.914946, 35.244359]}, "properties": {"addr": "북구 하서로 985", "cnt": 1}}, {"type": "Feature", "geometry": {"type": "Point", "coordinates": [126.914946, 35.244359]}, "properties": {"addr": "북구 하서로 985", "cnt": 3}}, {"type": "Feature", "geometry": {"type": "Point", "coordinates": [126.905234, 35.18786]}, "properties": {"addr": "북구 우치로 263", "cnt": 1}}, {"type": "Feature", "geometry": {"type": "Point", "coordinates": [126.905234, 35.18786]}, "properties": {"addr": "북구 우치로 263", "cnt": 3}}, {"type": "Feature", "geometry": {"type": "Point", "coordinates": [126.858767, 35.209944]}, "properties": {"addr": "북구 첨단연신로 232-10", "cnt": 1}}, {"type": "Feature", "geometry": {"type": "Point", "coordinates": [126.858767, 35.209944]}, "properties": {"addr": "북구 첨단연신로 232-10", "cnt": 4}}, {"type": "Feature", "geometry": {"type": "Point", "coordinates": [126.880533, 35.209204]}, "properties": {"addr": "북구 자라봉로63번길 16", "cnt": 1}}, {"type": "Feature", "geometry": {"type": "Point", "coordinates": [126.880533, 35.209204]}, "properties": {"addr": "북구 자라봉로63번길 16", "cnt": 3}}, {"type": "Feature", "geometry": {"type": "Point", "coordinates": [126.872425, 35.197101]}, "properties": {"addr": "북구 하서로229번길 47", "cnt": 1}}, {"type": "Feature", "geometry": {"type": "Point", "coordinates": [126.872425, 35.197101]}, "properties": {"addr": "북구 하서로229번길 47", "cnt": 3}}, {"type": "Feature", "geometry": {"type": "Point", "coordinates": [126.87094, 35.179495]}, "properties": {"addr": "북구 서강로 79-14", "cnt": 1}}, {"type": "Feature", "geometry": {"type": "Point", "coordinates": [126.87094, 35.179495]}, "properties": {"addr": "북구 서강로 79-14", "cnt": 2}}, {"type": "Feature", "geometry": {"type": "Point", "coordinates": [126.894332, 35.20642]}, "properties": {"addr": "북구 일곡택지로 45", "cnt": 1}}, {"type": "Feature", "geometry": {"type": "Point", "coordinates": [126.894332, 35.20642]}, "properties": {"addr": "북구 일곡택지로 45", "cnt": 3}}, {"type": "Feature", "geometry": {"type": "Point", "coordinates": [126.894419, 35.211307]}, "properties": {"addr": "북구 일곡마을로 187", "cnt": 1}}, {"type": "Feature", "geometry": {"type": "Point", "coordinates": [126.894419, 35.211307]}, "properties": {"addr": "북구 일곡마을로 187", "cnt": 1}}, {"type": "Feature", "geometry": {"type": "Point", "coordinates": [126.913817, 35.161112]}, "properties": {"addr": "북구 경양로197번길 25", "cnt": 1}}, {"type": "Feature", "geometry": {"type": "Point", "coordinates": [126.913817, 35.161112]}, "properties": {"addr": "북구 경양로197번길 25", "cnt": 3}}, {"type": "Feature", "geometry": {"type": "Point", "coordinates": [126.885483, 35.229663]}, "properties": {"addr": "북구 하서로 637", "cnt": 1}}, {"type": "Feature", "geometry": {"type": "Point", "coordinates": [126.885483, 35.229663]}, "properties": {"addr": "북구 하서로 637", "cnt": 2}}, {"type": "Feature", "geometry": {"type": "Point", "coordinates": [126.928961, 35.167779]}, "properties": {"addr": "북구 군왕로51번길 77", "cnt": 1}}, {"type": "Feature", "geometry": {"type": "Point", "coordinates": [126.928961, 35.167779]}, "properties": {"addr": "북구 군왕로51번길 77", "cnt": 2}}, {"type": "Feature", "geometry": {"type": "Point", "coordinates": [126.871222, 35.215496]}, "properties": {"addr": "북구 임방울대로1041번길 25", "cnt": 1}}, {"type": "Feature", "geometry": {"type": "Point", "coordinates": [126.871222, 35.215496]}, "properties": {"addr": "북구 임방울대로1041번길 25", "cnt": 3}}, {"type": "Feature", "geometry": {"type": "Point", "coordinates": [126.912589, 35.168679]}, "properties": {"addr": "북구 서양로 99", "cnt": 1}}, {"type": "Feature", "geometry": {"type": "Point", "coordinates": [126.912589, 35.168679]}, "properties": {"addr": "북구 서양로 99", "cnt": 2}}, {"type": "Feature", "geometry": {"type": "Point", "coordinates": [126.902013, 35.160396]}, "properties": {"addr": "북구 서림로 153", "cnt": 1}}, {"type": "Feature", "geometry": {"type": "Point", "coordinates": [126.902013, 35.160396]}, "properties": {"addr": "북구 서림로 153", "cnt": 3}}, {"type": "Feature", "geometry": {"type": "Point", "coordinates": [126.907394, 35.16101]}, "properties": {"addr": "북구 경열로 242", "cnt": 1}}, {"type": "Feature", "geometry": {"type": "Point", "coordinates": [126.907394, 35.16101]}, "properties": {"addr": "북구 경열로 242", "cnt": 4}}, {"type": "Feature", "geometry": {"type": "Point", "coordinates": [126.865391, 35.176174]}, "properties": {"addr": "북구 유림로160번길 15", "cnt": 1}}, {"type": "Feature", "geometry": {"type": "Point", "coordinates": [126.865391, 35.176174]}, "properties": {"addr": "북구 유림로160번길 15", "cnt": 3}}, {"type": "Feature", "geometry": {"type": "Point", "coordinates": [126.906607, 35.159257]}, "properties": {"addr": "북구 중가로 59", "cnt": 1}}, {"type": "Feature", "geometry": {"type": "Point", "coordinates": [126.906607, 35.159257]}, "properties": {"addr": "북구 중가로 59", "cnt": 3}}, {"type": "Feature", "geometry": {"type": "Point", "coordinates": [126.914776, 35.170023]}, "properties": {"addr": "북구 우치로40번길 25", "cnt": 1}}, {"type": "Feature", "geometry": {"type": "Point", "coordinates": [126.914776, 35.170023]}, "properties": {"addr": "북구 우치로40번길 25", "cnt": 2}}, {"type": "Feature", "geometry": {"type": "Point", "coordinates": [126.790885, 35.126797]}, "properties": {"addr": "광산구 송정외로 6", "cnt": 2}}, {"type": "Feature", "geometry": {"type": "Point", "coordinates": [126.796837, 35.132309]}, "properties": {"addr": "광산구 송도로208번길 25", "cnt": 2}}, {"type": "Feature", "geometry": {"type": "Point", "coordinates": [126.788483, 35.13067]}, "properties": {"addr": "광산구 상무대로 114", "cnt": 3}}, {"type": "Feature", "geometry": {"type": "Point", "coordinates": [126.805248, 35.144651]}, "properties": {"addr": "광산구 사암로27번길 58", "cnt": 3}}, {"type": "Feature", "geometry": {"type": "Point", "coordinates": [126.812341, 35.172805]}, "properties": {"addr": "광산구 목련로 123", "cnt": 2}}, {"type": "Feature", "geometry": {"type": "Point", "coordinates": [126.823318, 35.176182]}, "properties": {"addr": "광산구 목련로219번길 104", "cnt": 3}}, {"type": "Feature", "geometry": {"type": "Point", "coordinates": [126.814586, 35.173253]}, "properties": {"addr": "광산구 목련로153번길 20", "cnt": 1}}, {"type": "Feature", "geometry": {"type": "Point", "coordinates": [126.814067, 35.184397]}, "properties": {"addr": "광산구 풍영로101번길 22", "cnt": 3}}, {"type": "Feature", "geometry": {"type": "Point", "coordinates": [126.83234, 35.218498]}, "properties": {"addr": "광산구 첨단중앙로181번길 70", "cnt": 2}}, {"type": "Feature", "geometry": {"type": "Point", "coordinates": [126.835446, 35.22298]}, "properties": {"addr": "광산구 첨단과기로 104", "cnt": 3}}, {"type": "Feature", "geometry": {"type": "Point", "coordinates": [126.845087, 35.208828]}, "properties": {"addr": "광산구 산월로 57", "cnt": 2}}, {"type": "Feature", "geometry": {"type": "Point", "coordinates": [126.849516, 35.208838]}, "properties": {"addr": "광산구 산월로 101", "cnt": 2}}, {"type": "Feature", "geometry": {"type": "Point", "coordinates": [126.756771, 35.125965]}, "properties": {"addr": "광산구 평동로 741", "cnt": 3}}, {"type": "Feature", "geometry": {"type": "Point", "coordinates": [126.773606, 35.098623]}, "properties": {"addr": "광산구 동곡로 151-17", "cnt": 3}}, {"type": "Feature", "geometry": {"type": "Point", "coordinates": [126.701379, 35.164041]}, "properties": {"addr": "광산구 용진로 9", "cnt": 2}}, {"type": "Feature", "geometry": {"type": "Point", "coordinates": [126.824857, 35.194116]}, "properties": {"addr": "광산구 임방울대로378번길 37", "cnt": 2}}, {"type": "Feature", "geometry": {"type": "Point", "coordinates": [126.824177, 35.186909]}, "properties": {"addr": "광산구 수완로73번길 24-24", "cnt": 4}}, {"type": "Feature", "geometry": {"type": "Point", "coordinates": [126.838433, 35.213669]}, "properties": {"addr": "광산구 월계로 117-8", "cnt": 4}}, {"type": "Feature", "geometry": {"type": "Point", "coordinates": [126.834183, 35.186277]}, "properties": {"addr": "광산구 신창로35번길 80", "cnt": 4}}, {"type": "Feature", "geometry": {"type": "Point", "coordinates": [126.812391, 35.165041]}, "properties": {"addr": "광산구 월곡산정로 108", "cnt": 2}}, {"type": "Feature", "geometry": {"type": "Point", "coordinates": [126.852843, 35.220608]}, "properties": {"addr": "광산구 앰코로 21", "cnt": 2}}, {"type": "Feature", "geometry": {"type": "Point", "coordinates": [126.835414, 35.185577]}, "properties": {"addr": "광산구 수등로243번길 11", "cnt": 4}}, {"type": "Feature", "geometry": {"type": "Point", "coordinates": [126.829911, 35.186226]}, "properties": {"addr": "광산구 수완로12번길 15", "cnt": 3}}, {"type": "Feature", "geometry": {"type": "Point", "coordinates": [126.836739, 35.210825]}, "properties": {"addr": "광산구 첨단내촌로 45-8", "cnt": 3}}, {"type": "Feature", "geometry": {"type": "Point", "coordinates": [126.83842, 35.208885]}, "properties": {"addr": "광산구 산월로 11", "cnt": 3}}, {"type": "Feature", "geometry": {"type": "Point", "coordinates": [126.83842, 35.208885]}, "properties": {"addr": "광산구 산월로 11", "cnt": 1}}, {"type": "Feature", "geometry": {"type": "Point", "coordinates": [126.812627, 35.167035]}, "properties": {"addr": "광산구 월곡반월로 18", "cnt": 4}}, {"type": "Feature", "geometry": {"type": "Point", "coordinates": [126.830322, 35.212663]}, "properties": {"addr": "광산구 월계동 762-1", "cnt": 2}}, {"type": "Feature", "geometry": {"type": "Point", "coordinates": [126.829914, 35.214356]}, "properties": {"addr": "광산구 월계동 762-2", "cnt": 3}}, {"type": "Feature", "geometry": {"type": "Point", "coordinates": [126.71678, 35.158737]}, "properties": {"addr": "광산구 지평동 409-11", "cnt": 2}}, {"type": "Feature", "geometry": {"type": "Point", "coordinates": [126.844137, 35.196118]}, "properties": {"addr": "광산구 신창로162번길 64-21", "cnt": 2}}, {"type": "Feature", "geometry": {"type": "Point", "coordinates": [126.841816, 35.209276]}, "properties": {"addr": "광산구 산월로41번길 8-2", "cnt": 3}}, {"type": "Feature", "geometry": {"type": "Point", "coordinates": [126.841816, 35.209276]}, "properties": {"addr": "광산구 산월로41번길 8-2", "cnt": 1}}, {"type": "Feature", "geometry": {"type": "Point", "coordinates": [126.917773, 35.145256]}, "properties": {"addr": "동구 백서로137번길 37", "cnt": 3}}, {"type": "Feature", "geometry": {"type": "Point", "coordinates": [126.918353, 35.147432]}, "properties": {"addr": "동구 금남로 250-8", "cnt": 3}}, {"type": "Feature", "geometry": {"type": "Point", "coordinates": [126.91265, 35.152953]}, "properties": {"addr": "동구 금남로169번길 6-6", "cnt": 4}}, {"type": "Feature", "geometry": {"type": "Point", "coordinates": [126.936321, 35.155775]}, "properties": {"addr": "동구 밤실로92번길 1", "cnt": 3}}, {"type": "Feature", "geometry": {"type": "Point", "coordinates": [126.941969, 35.091261]}, "properties": {"addr": "동구 내남동 59", "cnt": 3}}, {"type": "Feature", "geometry": {"type": "Point", "coordinates": [126.920428, 35.14435]}, "properties": {"addr": "동구 문화전당로16번길 5", "cnt": 3}}, {"type": "Feature", "geometry": {"type": "Point", "coordinates": [126.923847, 35.15465]}, "properties": {"addr": "동구 경양로321번길 8-1", "cnt": 3}}, {"type": "Feature", "geometry": {"type": "Point", "coordinates": [126.917926, 35.142502]}, "properties": {"addr": "동구 백서로119번길 12", "cnt": 3}}, {"type": "Feature", "geometry": {"type": "Point", "coordinates": [126.919187, 35.160568]}, "properties": {"addr": "동구 중흥로227번길 14-12", "cnt": 3}}, {"type": "Feature", "geometry": {"type": "Point", "coordinates": [126.929464, 35.154932]}, "properties": {"addr": "동구 경양로367번길 8", "cnt": 2}}, {"type": "Feature", "geometry": {"type": "Point", "coordinates": [126.939147, 35.09428]}, "properties": {"addr": "동구 남계길 34", "cnt": 3}}, {"type": "Feature", "geometry": {"type": "Point", "coordinates": [126.936489, 35.123381]}, "properties": {"addr": "동구 소태동 440-3", "cnt": 3}}, {"type": "Feature", "geometry": {"type": "Point", "coordinates": [126.936728, 35.124332]}, "properties": {"addr": "동구 소태동 457", "cnt": 3}}, {"type": "Feature", "geometry": {"type": "Point", "coordinates": [126.892144, 35.156149]}, "properties": {"addr": "서구 발산로 3-1", "cnt": 3}}, {"type": "Feature", "geometry": {"type": "Point", "coordinates": [126.892263, 35.156815]}, "properties": {"addr": "서구 발산로5번길 4-12", "cnt": 2}}, {"type": "Feature", "geometry": {"type": "Point", "coordinates": [126.877613, 35.146314]}, "properties": {"addr": "서구 화정로179번길 10-23", "cnt": 3}}, {"type": "Feature", "geometry": {"type": "Point", "coordinates": [126.874997, 35.143095]}, "properties": {"addr": "서구 월드컵4강로68번길 5", "cnt": 4}}, {"type": "Feature", "geometry": {"type": "Point", "coordinates": [126.876404, 35.148767]}, "properties": {"addr": "서구 화정로179번길 39-2", "cnt": 3}}, {"type": "Feature", "geometry": {"type": "Point", "coordinates": [126.869982, 35.140108]}, "properties": {"addr": "서구 염화로57번길 16", "cnt": 3}}, {"type": "Feature", "geometry": {"type": "Point", "coordinates": [126.871716, 35.143706]}, "properties": {"addr": "서구 월드컵4강로81번길 17-1", "cnt": 2}}, {"type": "Feature", "geometry": {"type": "Point", "coordinates": [126.891565, 35.155172]}, "properties": {"addr": "서구 상무대로1189번길 1", "cnt": 2}}, {"type": "Feature", "geometry": {"type": "Point", "coordinates": [126.891565, 35.155172]}, "properties": {"addr": "서구 상무대로1189번길 1", "cnt": 1}}, {"type": "Feature", "geometry": {"type": "Point", "coordinates": [126.89042, 35.156133]}, "properties": {"addr": "서구 월산로225번길 6", "cnt": 4}}, {"type": "Feature", "geometry": {"type": "Point", "coordinates": [126.889672, 35.156978]}, "properties": {"addr": "서구 월산로235번길 3", "cnt": 4}}, {"type": "Feature", "geometry": {"type": "Point", "coordinates": [126.889092, 35.157834]}, "properties": {"addr": "서구 상무대로1189번길 35-1", "cnt": 2}}, {"type": "Feature", "geometry": {"type": "Point", "coordinates": [126.888769, 35.158648]}, "properties": {"addr": "서구 월산로255번길 1", "cnt": 3}}, {"type": "Feature", "geometry": {"type": "Point", "coordinates": [126.886719, 35.15819]}, "properties": {"addr": "서구 내방로418번길 18", "cnt": 4}}, {"type": "Feature", "geometry": {"type": "Point", "coordinates": [126.88761, 35.157303]}, "properties": {"addr": "서구 월산로245번길 20-15", "cnt": 2}}, {"type": "Feature", "geometry": {"type": "Point", "coordinates": [126.888255, 35.157363]}, "properties": {"addr": "서구 월산로245번길 14", "cnt": 4}}, {"type": "Feature", "geometry": {"type": "Point", "coordinates": [126.918981, 35.164226]}, "properties": {"addr": "동구 중앙로363번길 5", "cnt": 3}}, {"type": "Feature", "geometry": {"type": "Point", "coordinates": [126.919528, 35.162004]}, "properties": {"addr": "동구 무등로333번길 3", "cnt": 4}}, {"type": "Feature", "geometry": {"type": "Point", "coordinates": [126.891988, 35.188009]}, "properties": {"addr": "북구 매곡로69번길 41", "cnt": 3}}, {"type": "Feature", "geometry": {"type": "Point", "coordinates": [126.888922, 35.18743]}, "properties": {"addr": "북구 서하로 72", "cnt": 3}}, {"type": "Feature", "geometry": {"type": "Point", "coordinates": [126.894389, 35.187358]}, "properties": {"addr": "북구 서하로 128", "cnt": 3}}, {"type": "Feature", "geometry": {"type": "Point", "coordinates": [126.890044, 35.178583]}, "properties": {"addr": "북구 용봉택지로 25", "cnt": 4}}, {"type": "Feature", "geometry": {"type": "Point", "coordinates": [126.899979, 35.198928]}, "properties": {"addr": "북구 설죽로 447", "cnt": 3}}, {"type": "Feature", "geometry": {"type": "Point", "coordinates": [126.897798, 35.213822]}, "properties": {"addr": "북구 일곡동 815-3", "cnt": 3}}, {"type": "Feature", "geometry": {"type": "Point", "coordinates": [126.896949, 35.172165]}, "properties": {"addr": "북구 설죽로 136", "cnt": 2}}, {"type": "Feature", "geometry": {"type": "Point", "coordinates": [126.900078, 35.19667]}, "properties": {"addr": "북구 삼각동 838", "cnt": 4}}, {"type": "Feature", "geometry": {"type": "Point", "coordinates": [126.801717, 35.142673]}, "properties": {"addr": "광산구 광산로 105", "cnt": 1}}, {"type": "Feature", "geometry": {"type": "Point", "coordinates": [126.801228, 35.134359]}, "properties": {"addr": "광산구 송정로85번길 10", "cnt": 2}}, {"type": "Feature", "geometry": {"type": "Point", "coordinates": [126.795635, 35.140153]}, "properties": {"addr": "광산구 송정동 793-31", "cnt": 4}}, {"type": "Feature", "geometry": {"type": "Point", "coordinates": [126.807769, 35.159671]}, "properties": {"addr": "광산구 사암로 167", "cnt": 2}}, {"type": "Feature", "geometry": {"type": "Point", "coordinates": [126.812556, 35.163116]}, "properties": {"addr": "광산구 풍영철길로 15", "cnt": 4}}, {"type": "Feature", "geometry": {"type": "Point", "coordinates": [126.833775, 35.198114]}, "properties": {"addr": "광산구 왕버들로 220", "cnt": 1}}, {"type": "Feature", "geometry": {"type": "Point", "coordinates": [126.826272, 35.190186]}, "properties": {"addr": "광산구 수완동 1431", "cnt": 3}}, {"type": "Feature", "geometry": {"type": "Point", "coordinates": [126.842757, 35.221905]}, "properties": {"addr": "광산구 첨단중앙로182번길 16", "cnt": 2}}, {"type": "Feature", "geometry": {"type": "Point", "coordinates": [126.849919, 35.213362]}, "properties": {"addr": "광산구 월계로 217", "cnt": 1}}, {"type": "Feature", "geometry": {"type": "Point", "coordinates": [126.850761, 35.215619]}, "properties": {"addr": "광산구 첨단강변로99번길 34", "cnt": 3}}, {"type": "Feature", "geometry": {"type": "Point", "coordinates": [126.917258, 35.158209]}, "properties": {"addr": "동구 계림동 489-4", "cnt": 4}}, {"type": "Feature", "geometry": {"type": "Point", "coordinates": [126.85275, 35.126166]}, "properties": {"addr": "서구 금호동 923", "cnt": 3}}, {"type": "Feature", "geometry": {"type": "Point", "coordinates": [126.85275, 35.126166]}, "properties": {"addr": "서구 금호동 923", "cnt": 1}}, {"type": "Feature", "geometry": {"type": "Point", "coordinates": [126.899255, 35.132879]}, "properties": {"addr": "남구 서문대로823번길 11-9", "cnt": 2}}, {"type": "Feature", "geometry": {"type": "Point", "coordinates": [126.890959, 35.139337]}, "properties": {"addr": "남구 봉주2길 32-1", "cnt": 2}}, {"type": "Feature", "geometry": {"type": "Point", "coordinates": [126.894967, 35.118402]}, "properties": {"addr": "남구 서문대로663번길 34-2", "cnt": 1}}, {"type": "Feature", "geometry": {"type": "Point", "coordinates": [126.894967, 35.118402]}, "properties": {"addr": "남구 서문대로663번길 34-2", "cnt": 1}}, {"type": "Feature", "geometry": {"type": "Point", "coordinates": [126.883922, 35.100598]}, "properties": {"addr": "남구 행암동 560", "cnt": 1}}, {"type": "Feature", "geometry": {"type": "Point", "coordinates": [126.883922, 35.100598]}, "properties": {"addr": "남구 행암동 560", "cnt": 1}}, {"type": "Feature", "geometry": {"type": "Point", "coordinates": [126.897915, 35.16065]}, "properties": {"addr": "북구 서림로118번길 17", "cnt": 4}}, {"type": "Feature", "geometry": {"type": "Point", "coordinates": [126.791711, 35.132389]}, "properties": {"addr": "광산구 신도산길 66-22", "cnt": 2}}, {"type": "Feature", "geometry": {"type": "Point", "coordinates": [126.797739, 35.142468]}, "properties": {"addr": "광산구 광산로67번길 42-11", "cnt": 1}}, {"type": "Feature", "geometry": {"type": "Point", "coordinates": [126.797739, 35.142468]}, "properties": {"addr": "광산구 광산로67번길 42-11", "cnt": 1}}, {"type": "Feature", "geometry": {"type": "Point", "coordinates": [126.865562, 35.237352]}, "properties": {"addr": "북구 삼소로270번길 24", "cnt": 4}}, {"type": "Feature", "geometry": {"type": "Point", "coordinates": [126.861985, 35.232703]}, "properties": {"addr": "북구 첨단벤처소로38번길 19-2", "cnt": 4}}, {"type": "Feature", "geometry": {"type": "Point", "coordinates": [126.851239, 35.225133]}, "properties": {"addr": "북구 첨단과기로208번길 43", "cnt": 3}}, {"type": "Feature", "geometry": {"type": "Point", "coordinates": [126.862671, 35.204875]}, "properties": {"addr": "북구 첨단연신로77번길 13", "cnt": 3}}, {"type": "Feature", "geometry": {"type": "Point", "coordinates": [126.860599, 35.200555]}, "properties": {"addr": "북구 첨단연신로29번길 15", "cnt": 4}}, {"type": "Feature", "geometry": {"type": "Point", "coordinates": [126.865451, 35.200784]}, "properties": {"addr": "북구 연제동 1074", "cnt": 3}}, {"type": "Feature", "geometry": {"type": "Point", "coordinates": [126.900843, 35.191472]}, "properties": {"addr": "북구 오치동 884", "cnt": 4}}, {"type": "Feature", "geometry": {"type": "Point", "coordinates": [126.874698, 35.141961]}, "properties": {"addr": "서구 화정동 1713", "cnt": 2}}, {"type": "Feature", "geometry": {"type": "Point", "coordinates": [126.874843, 35.141733]}, "properties": {"addr": "서구 화정동 1713", "cnt": 2}}, {"type": "Feature", "geometry": {"type": "Point", "coordinates": [126.873303, 35.139279]}, "properties": {"addr": "서구 염화로 56", "cnt": 2}}, {"type": "Feature", "geometry": {"type": "Point", "coordinates": [126.873666, 35.139191]}, "properties": {"addr": "서구 염화로 56", "cnt": 2}}, {"type": "Feature", "geometry": {"type": "Point", "coordinates": [126.807227, 35.170595]}, "properties": {"addr": "광산구 산정공원로10번길 21-12", "cnt": 4}}, {"type": "Feature", "geometry": {"type": "Point", "coordinates": [126.807622, 35.17177]}, "properties": {"addr": "광산구 산정공원로50번길 26", "cnt": 2}}, {"type": "Feature", "geometry": {"type": "Point", "coordinates": [126.805567, 35.170492]}, "properties": {"addr": "광산구 산정공원로 27-22", "cnt": 4}}, {"type": "Feature", "geometry": {"type": "Point", "coordinates": [126.806099, 35.171175]}, "properties": {"addr": "광산구 산정로54번길 27", "cnt": 4}}, {"type": "Feature", "geometry": {"type": "Point", "coordinates": [126.8043, 35.1709]}, "properties": {"addr": "광산구 산정로 49", "cnt": 4}}, {"type": "Feature", "geometry": {"type": "Point", "coordinates": [126.804828, 35.171749]}, "properties": {"addr": "광산구 산정로 58-9", "cnt": 3}}, {"type": "Feature", "geometry": {"type": "Point", "coordinates": [126.83572, 35.212449]}, "properties": {"addr": "광산구 첨단내촌로57번길 14-19", "cnt": 3}}, {"type": "Feature", "geometry": {"type": "Point", "coordinates": [126.743559, 35.251293]}, "properties": {"addr": "광산구 광산동 229-1", "cnt": 2}}, {"type": "Feature", "geometry": {"type": "Point", "coordinates": [126.7688, 35.0868]}, "properties": {"addr": "광산구 본덕동 산97-9", "cnt": 1}}, {"type": "Feature", "geometry": {"type": "Point", "coordinates": [126.8851, 35.1611]}, "properties": {"addr": "서구 무진대로 956", "cnt": 2}}, {"type": "Feature", "geometry": {"type": "Point", "coordinates": [126.8785, 35.1522]}, "properties": {"addr": "서구 상무대로 1066", "cnt": 2}}, {"type": "Feature", "geometry": {"type": "Point", "coordinates": [126.822309, 35.176678]}, "properties": {"addr": "광산구 목련로273번안길 61", "cnt": 2}}, {"type": "Feature", "geometry": {"type": "Point", "coordinates": [126.848817, 35.2189]}, "properties": {"addr": "광산구 쌍암동 693", "cnt": 4}}, {"type": "Feature", "geometry": {"type": "Point", "coordinates": [126.783435, 35.152601]}, "properties": {"addr": "광산구 어등대로 551", "cnt": 3}}, {"type": "Feature", "geometry": {"type": "Point", "coordinates": [126.822645, 35.223794]}, "properties": {"addr": "광산구 아산길35번길 2", "cnt": 5}}, {"type": "Feature", "geometry": {"type": "Point", "coordinates": [126.835436, 35.225174]}, "properties": {"addr": "광산구 첨단과기로 91-2", "cnt": 2}}, {"type": "Feature", "geometry": {"type": "Point", "coordinates": [126.845951, 35.214786]}, "properties": {"addr": "광산구 첨단중앙로106번길 60", "cnt": 4}}, {"type": "Feature", "geometry": {"type": "Point", "coordinates": [126.797613, 35.153253]}, "properties": {"addr": "광산구 소촌동 783-222", "cnt": 3}}, {"type": "Feature", "geometry": {"type": "Point", "coordinates": [126.804522, 35.196687]}, "properties": {"addr": "광산구 하남산단5번로 80", "cnt": 4}}, {"type": "Feature", "geometry": {"type": "Point", "coordinates": [126.821731, 35.222509]}, "properties": {"addr": "광산구 비아로34번길 54-20", "cnt": 4}}, {"type": "Feature", "geometry": {"type": "Point", "coordinates": [126.795637, 35.129222]}, "properties": {"addr": "광산구 도산동 795-3", "cnt": 3}}, {"type": "Feature", "geometry": {"type": "Point", "coordinates": [126.808538, 35.146007]}, "properties": {"addr": "광산구 사암로24번길 25", "cnt": 3}}, {"type": "Feature", "geometry": {"type": "Point", "coordinates": [126.803467, 35.143231]}, "properties": {"addr": "광산구 송도로 343", "cnt": 3}}, {"type": "Feature", "geometry": {"type": "Point", "coordinates": [126.782237, 35.156263]}, "properties": {"addr": "광산구 어등대로533번길 46", "cnt": 3}}, {"type": "Feature", "geometry": {"type": "Point", "coordinates": [126.721838, 35.124533]}, "properties": {"addr": "광산구 명화동 478-1", "cnt": 4}}, {"type": "Feature", "geometry": {"type": "Point", "coordinates": [126.931489, 35.128034]}, "properties": {"addr": "동구 남문로634번길 1-7", "cnt": 3}}, {"type": "Feature", "geometry": {"type": "Point", "coordinates": [126.916209, 35.158897]}, "properties": {"addr": "동구 경양로223번길 10", "cnt": 3}}, {"type": "Feature", "geometry": {"type": "Point", "coordinates": [126.916648, 35.159648]}, "properties": {"addr": "동구 경양로223번길 17", "cnt": 4}}, {"type": "Feature", "geometry": {"type": "Point", "coordinates": [126.924839, 35.163333]}, "properties": {"addr": "동구 필문대로 52", "cnt": 3}}, {"type": "Feature", "geometry": {"type": "Point", "coordinates": [126.926937, 35.154704]}, "properties": {"addr": "동구 산수길3번길 13", "cnt": 3}}, {"type": "Feature", "geometry": {"type": "Point", "coordinates": [126.927045, 35.119615]}, "properties": {"addr": "동구 용산동 316-2", "cnt": 3}}, {"type": "Feature", "geometry": {"type": "Point", "coordinates": [126.936152, 35.104223]}, "properties": {"addr": "동구 월남동 220-4", "cnt": 3}}, {"type": "Feature", "geometry": {"type": "Point", "coordinates": [126.942548, 35.131873]}, "properties": {"addr": "동구 의재로136번길 2-1", "cnt": 3}}, {"type": "Feature", "geometry": {"type": "Point", "coordinates": [126.933433, 35.148126]}, "properties": {"addr": "동구 지산로52번길 7", "cnt": 2}}, {"type": "Feature", "geometry": {"type": "Point", "coordinates": [126.933379, 35.151224]}, "properties": {"addr": "동구 지산로 82-7", "cnt": 4}}, {"type": "Feature", "geometry": {"type": "Point", "coordinates": [126.928683, 35.161932]}, "properties": {"addr": "동구 참판로 29-3", "cnt": 2}}, {"type": "Feature", "geometry": {"type": "Point", "coordinates": [126.933075, 35.155685]}, "properties": {"addr": "동구 필문대로171번길 9-1", "cnt": 2}}, {"type": "Feature", "geometry": {"type": "Point", "coordinates": [126.924796, 35.141861]}, "properties": {"addr": "동구 필문대로329번길 6", "cnt": 2}}, {"type": "Feature", "geometry": {"type": "Point", "coordinates": [126.932783, 35.15496]}, "properties": {"addr": "동구 무등로 484", "cnt": 3}}, {"type": "Feature", "geometry": {"type": "Point", "coordinates": [126.932783, 35.15496]}, "properties": {"addr": "동구 무등로 484", "cnt": 1}}, {"type": "Feature", "geometry": {"type": "Point", "coordinates": [126.932869, 35.134193]}, "properties": {"addr": "동구 학동 712-7", "cnt": 3}}, {"type": "Feature", "geometry": {"type": "Point", "coordinates": [126.935796, 35.151572]}, "properties": {"addr": "동구 밤실로43번길 10", "cnt": 3}}, {"type": "Feature", "geometry": {"type": "Point", "coordinates": [126.909722, 35.159422]}, "properties": {"addr": "북구 경열로234번길 45", "cnt": 4}}, {"type": "Feature", "geometry": {"type": "Point", "coordinates": [126.913392, 35.16412]}, "properties": {"addr": "북구 독립로367번길 40-5", "cnt": 4}}, {"type": "Feature", "geometry": {"type": "Point", "coordinates": [126.909731, 35.168663]}, "properties": {"addr": "북구 서양로 82-14", "cnt": 2}}, {"type": "Feature", "geometry": {"type": "Point", "coordinates": [126.908689, 35.168272]}, "properties": {"addr": "북구 서암대로223번길 11", "cnt": 3}}, {"type": "Feature", "geometry": {"type": "Point", "coordinates": [126.908689, 35.168272]}, "properties": {"addr": "북구 서암대로223번길 11", "cnt": 1}}, {"type": "Feature", "geometry": {"type": "Point", "coordinates": [126.914523, 35.166782]}, "properties": {"addr": "북구 당뫼로8번길 18", "cnt": 4}}, {"type": "Feature", "geometry": {"type": "Point", "coordinates": [126.91652, 35.170744]}, "properties": {"addr": "북구 와우로 12-1", "cnt": 4}}, {"type": "Feature", "geometry": {"type": "Point", "coordinates": [126.902233, 35.170675]}, "properties": {"addr": "북구 서암대로159번길 36", "cnt": 2}}, {"type": "Feature", "geometry": {"type": "Point", "coordinates": [126.902282, 35.182419]}, "properties": {"addr": "북구 용봉동 1152-35", "cnt": 4}}, {"type": "Feature", "geometry": {"type": "Point", "coordinates": [126.897368, 35.161662]}, "properties": {"addr": "북구 임동로16번길 8-2", "cnt": 3}}, {"type": "Feature", "geometry": {"type": "Point", "coordinates": [126.905529, 35.163299]}, "properties": {"addr": "북구 중흥로 105", "cnt": 5}}, {"type": "Feature", "geometry": {"type": "Point", "coordinates": [126.893052, 35.181442]}, "properties": {"addr": "북구 저불로73번길 42-3", "cnt": 3}}, {"type": "Feature", "geometry": {"type": "Point", "coordinates": [126.898365, 35.180541]}, "properties": {"addr": "북구 용주로 2", "cnt": 3}}, {"type": "Feature", "geometry": {"type": "Point", "coordinates": [126.885992, 35.175881]}, "properties": {"addr": "북구 금호로 80", "cnt": 3}}, {"type": "Feature", "geometry": {"type": "Point", "coordinates": [126.868505, 35.185138]}, "properties": {"addr": "북구 동림동 26-8", "cnt": 2}}, {"type": "Feature", "geometry": {"type": "Point", "coordinates": [126.864616, 35.185152]}, "properties": {"addr": "북구 북문대로 235", "cnt": 2}}, {"type": "Feature", "geometry": {"type": "Point", "coordinates": [126.932322, 35.18308]}, "properties": {"addr": "북구 동문대로 238-8", "cnt": 2}}, {"type": "Feature", "geometry": {"type": "Point", "coordinates": [126.927755, 35.17988]}, "properties": {"addr": "북구 두암동 564-1", "cnt": 4}}, {"type": "Feature", "geometry": {"type": "Point", "coordinates": [126.934934, 35.17585]}, "properties": {"addr": "북구 군왕로168번길 23", "cnt": 4}}, {"type": "Feature", "geometry": {"type": "Point", "coordinates": [126.929673, 35.174219]}, "properties": {"addr": "북구 금녕길61번길 21", "cnt": 4}}, {"type": "Feature", "geometry": {"type": "Point", "coordinates": [126.935942, 35.171381]}, "properties": {"addr": "북구 삼정소로길 52", "cnt": 4}}, {"type": "Feature", "geometry": {"type": "Point", "coordinates": [126.907478, 35.186125]}, "properties": {"addr": "북구 우치로228번길 36", "cnt": 3}}, {"type": "Feature", "geometry": {"type": "Point", "coordinates": [126.88192, 35.214078]}, "properties": {"addr": "북구 양산택지로 89", "cnt": 4}}, {"type": "Feature", "geometry": {"type": "Point", "coordinates": [126.893152, 35.225669]}, "properties": {"addr": "북구 지내마을길 68-3", "cnt": 3}}, {"type": "Feature", "geometry": {"type": "Point", "coordinates": [126.876191, 35.195719]}, "properties": {"addr": "북구 하서로229번길 9", "cnt": 3}}, {"type": "Feature", "geometry": {"type": "Point", "coordinates": [126.866747, 35.214685]}, "properties": {"addr": "북구 복룡길 4", "cnt": 3}}, {"type": "Feature", "geometry": {"type": "Point", "coordinates": [126.894522, 35.124903]}, "properties": {"addr": "남구 서문대로749번다길 14", "cnt": 4}}, {"type": "Feature", "geometry": {"type": "Point", "coordinates": [126.914403, 35.130115]}, "properties": {"addr": "남구 봉선중길 30-1", "cnt": 3}}, {"type": "Feature", "geometry": {"type": "Point", "coordinates": [126.888278, 35.145662]}, "properties": {"addr": "남구 군분로148번길 6-2", "cnt": 4}}, {"type": "Feature", "geometry": {"type": "Point", "coordinates": [126.881806, 35.143405]}, "properties": {"addr": "서구 화정동 893", "cnt": 1}}, {"type": "Feature", "geometry": {"type": "Point", "coordinates": [126.881806, 35.143405]}, "properties": {"addr": "서구 화정동 893", "cnt": 1}}, {"type": "Feature", "geometry": {"type": "Point", "coordinates": [126.881806, 35.143405]}, "properties": {"addr": "서구 화정동 893", "cnt": 2}}, {"type": "Feature", "geometry": {"type": "Point", "coordinates": [126.879815, 35.174489]}, "properties": {"addr": "북구 북문대로49번길 29", "cnt": 1}}, {"type": "Feature", "geometry": {"type": "Point", "coordinates": [126.879815, 35.174489]}, "properties": {"addr": "북구 북문대로49번길 29", "cnt": 1}}, {"type": "Feature", "geometry": {"type": "Point", "coordinates": [126.879815, 35.174489]}, "properties": {"addr": "북구 북문대로49번길 29", "cnt": 1}}, {"type": "Feature", "geometry": {"type": "Point", "coordinates": [126.885934, 35.152845]}, "properties": {"addr": "서구 농성동 671-2", "cnt": 4}}, {"type": "Feature", "geometry": {"type": "Point", "coordinates": [126.922072, 35.175113]}, "properties": {"addr": "북구 동문대로121번길 72", "cnt": 4}}, {"type": "Feature", "geometry": {"type": "Point", "coordinates": [126.934264, 35.166492]}, "properties": {"addr": "북구 탁영로 14", "cnt": 3}}, {"type": "Feature", "geometry": {"type": "Point", "coordinates": [126.939084, 35.168942]}, "properties": {"addr": "북구 삼정로66번길 41", "cnt": 3}}, {"type": "Feature", "geometry": {"type": "Point", "coordinates": [126.930634, 35.163077]}, "properties": {"addr": "북구 참판로 50", "cnt": 4}}, {"type": "Feature", "geometry": {"type": "Point", "coordinates": [126.899978, 35.188392]}, "properties": {"addr": "북구 설죽로 324-9", "cnt": 3}}, {"type": "Feature", "geometry": {"type": "Point", "coordinates": [126.903774, 35.189949]}, "properties": {"addr": "북구 우치로275번길 30-10", "cnt": 3}}, {"type": "Feature", "geometry": {"type": "Point", "coordinates": [126.920043, 35.187664]}, "properties": {"addr": "북구 서하로355번길 19", "cnt": 3}}, {"type": "Feature", "geometry": {"type": "Point", "coordinates": [126.928573, 35.189561]}, "properties": {"addr": "북구 문산로74번길 121", "cnt": 3}}, {"type": "Feature", "geometry": {"type": "Point", "coordinates": [126.899129, 35.167482]}, "properties": {"addr": "북구 자산로 67", "cnt": 4}}, {"type": "Feature", "geometry": {"type": "Point", "coordinates": [126.896596, 35.166]}, "properties": {"addr": "북구 중흥로17번길 8", "cnt": 2}}, {"type": "Feature", "geometry": {"type": "Point", "coordinates": [126.89817, 35.163208]}, "properties": {"addr": "북구 임동 29-2", "cnt": 3}}, {"type": "Feature", "geometry": {"type": "Point", "coordinates": [126.981537, 35.162547]}, "properties": {"addr": "북구 금곡동 919-2", "cnt": 3}}, {"type": "Feature", "geometry": {"type": "Point", "coordinates": [126.935823, 35.169892]}, "properties": {"addr": "북구 삼정로87번길 24", "cnt": 3}}, {"type": "Feature", "geometry": {"type": "Point", "coordinates": [126.868858, 35.182067]}, "properties": {"addr": "북구 북문대로169번길 52", "cnt": 3}}, {"type": "Feature", "geometry": {"type": "Point", "coordinates": [126.869616, 35.184372]}, "properties": {"addr": "북구 북문대로187번길 9", "cnt": 4}}, {"type": "Feature", "geometry": {"type": "Point", "coordinates": [126.913511, 35.176936]}, "properties": {"addr": "북구 면앙로6번길 75", "cnt": 4}}, {"type": "Feature", "geometry": {"type": "Point", "coordinates": [126.904402, 35.181928]}, "properties": {"addr": "북구 용주로30번길 94", "cnt": 3}}, {"type": "Feature", "geometry": {"type": "Point", "coordinates": [126.877406, 35.20869]}, "properties": {"addr": "북구 양지마을길 17-2", "cnt": 2}}, {"type": "Feature", "geometry": {"type": "Point", "coordinates": [126.869137, 35.200708]}, "properties": {"addr": "북구 양산제로 70", "cnt": 4}}, {"type": "Feature", "geometry": {"type": "Point", "coordinates": [126.868968, 35.207363]}, "properties": {"addr": "북구 연양로23번길 15", "cnt": 4}}, {"type": "Feature", "geometry": {"type": "Point", "coordinates": [126.876041, 35.142342]}, "properties": {"addr": "서구 염화로104번길 6", "cnt": 4}}, {"type": "Feature", "geometry": {"type": "Point", "coordinates": [126.881269, 35.145263]}, "properties": {"addr": "서구 화운로 61-13", "cnt": 3}}, {"type": "Feature", "geometry": {"type": "Point", "coordinates": [126.877578, 35.156726]}, "properties": {"addr": "서구 내방로338번길 8-1", "cnt": 3}}, {"type": "Feature", "geometry": {"type": "Point", "coordinates": [126.889569, 35.160613]}, "properties": {"addr": "서구 천변좌로 98", "cnt": 3}}, {"type": "Feature", "geometry": {"type": "Point", "coordinates": [126.856814, 35.133171]}, "properties": {"addr": "서구 금화로73번길 10", "cnt": 3}}, {"type": "Feature", "geometry": {"type": "Point", "coordinates": [126.865741, 35.147479]}, "properties": {"addr": "서구 쌍촌로20번길 7-13", "cnt": 4}}, {"type": "Feature", "geometry": {"type": "Point", "coordinates": [126.883943, 35.125021]}, "properties": {"addr": "서구 풍암중앙로86번길 16", "cnt": 3}}, {"type": "Feature", "geometry": {"type": "Point", "coordinates": [126.890031, 35.147326]}, "properties": {"addr": "남구 금화로441번길 23", "cnt": 2}}, {"type": "Feature", "geometry": {"type": "Point", "coordinates": [126.913723, 35.137813]}, "properties": {"addr": "남구 백서로51번길 2", "cnt": 3}}, {"type": "Feature", "geometry": {"type": "Point", "coordinates": [126.907716, 35.142997]}, "properties": {"addr": "남구 제중로 124-10", "cnt": 3}}, {"type": "Feature", "geometry": {"type": "Point", "coordinates": [126.90171, 35.110381]}, "properties": {"addr": "남구 효덕로 314-44", "cnt": 3}}, {"type": "Feature", "geometry": {"type": "Point", "coordinates": [126.891236, 35.134975]}, "properties": {"addr": "남구 주월동 54-26", "cnt": 4}}, {"type": "Feature", "geometry": {"type": "Point", "coordinates": [126.897678, 35.130821]}, "properties": {"addr": "남구 서문대로795번길 12-2", "cnt": 2}}, {"type": "Feature", "geometry": {"type": "Point", "coordinates": [126.916214, 35.126815]}, "properties": {"addr": "남구 봉선동 170", "cnt": 3}}, {"type": "Feature", "geometry": {"type": "Point", "coordinates": [126.831047, 35.085659]}, "properties": {"addr": "남구 지석동 386", "cnt": 2}}, {"type": "Feature", "geometry": {"type": "Point", "coordinates": [126.922707, 35.121303]}, "properties": {"addr": "남구 봉선동 54-1", "cnt": 2}}, {"type": "Feature", "geometry": {"type": "Point", "coordinates": [126.882285, 35.099337]}, "properties": {"addr": "남구 행암동 560", "cnt": 4}}, {"type": "Feature", "geometry": {"type": "Point", "coordinates": [126.912034, 35.123685]}, "properties": {"addr": "남구 봉선동 484-4", "cnt": 2}}, {"type": "Feature", "geometry": {"type": "Point", "coordinates": [126.917062, 35.123309]}, "properties": {"addr": "남구 봉선로 195", "cnt": 3}}, {"type": "Feature", "geometry": {"type": "Point", "coordinates": [126.909899, 35.139739]}, "properties": {"addr": "남구 서동 292", "cnt": 2}}, {"type": "Feature", "geometry": {"type": "Point", "coordinates": [126.90171, 35.110381]}, "properties": {"addr": "남구 효덕로 314-44", "cnt": 2}}, {"type": "Feature", "geometry": {"type": "Point", "coordinates": [126.893934, 35.13893]}, "properties": {"addr": "남구 군분로62번길 10", "cnt": 1}}, {"type": "Feature", "geometry": {"type": "Point", "coordinates": [126.827957, 35.088325]}, "properties": {"addr": "남구 압촌동 415-32", "cnt": 3}}, {"type": "Feature", "geometry": {"type": "Point", "coordinates": [126.826856, 35.084405]}, "properties": {"addr": "남구 압촌동 429-34", "cnt": 3}}, {"type": "Feature", "geometry": {"type": "Point", "coordinates": [126.825676, 35.082052]}, "properties": {"addr": "남구 압촌동 433-1", "cnt": 3}}, {"type": "Feature", "geometry": {"type": "Point", "coordinates": [126.828327, 35.083825]}, "properties": {"addr": "남구 압촌동 429-18", "cnt": 3}}, {"type": "Feature", "geometry": {"type": "Point", "coordinates": [126.8282, 35.08083]}, "properties": {"addr": "남구 지석동 산22-3", "cnt": 4}}, {"type": "Feature", "geometry": {"type": "Point", "coordinates": [126.826307, 35.079447]}, "properties": {"addr": "남구 대지동 541-1", "cnt": 3}}, {"type": "Feature", "geometry": {"type": "Point", "coordinates": [126.8287, 35.07747]}, "properties": {"addr": "남구 지석동 400-1", "cnt": 3}}, {"type": "Feature", "geometry": {"type": "Point", "coordinates": [126.827, 35.07511]}, "properties": {"addr": "남구 대지동 757-12", "cnt": 2}}, {"type": "Feature", "geometry": {"type": "Point", "coordinates": [126.85258, 35.140386]}, "properties": {"addr": "서구 마륵동 97-45", "cnt": 2}}, {"type": "Feature", "geometry": {"type": "Point", "coordinates": [126.85379, 35.140098]}, "properties": {"addr": "서구 마륵동 97-90", "cnt": 2}}, {"type": "Feature", "geometry": {"type": "Point", "coordinates": [126.834115, 35.2091]}, "properties": {"addr": "광산구 월계동 786-8", "cnt": 3}}, {"type": "Feature", "geometry": {"type": "Point", "coordinates": [126.83841, 35.20925]}, "properties": {"addr": "광산구 월계동 844-7", "cnt": 3}}, {"type": "Feature", "geometry": {"type": "Point", "coordinates": [126.842303, 35.209585]}, "properties": {"addr": "광산구 월계동 898-4", "cnt": 3}}, {"type": "Feature", "geometry": {"type": "Point", "coordinates": [126.838781, 35.213215]}, "properties": {"addr": "광산구 월계동 819-1", "cnt": 3}}, {"type": "Feature", "geometry": {"type": "Point", "coordinates": [126.838342, 35.211855]}, "properties": {"addr": "광산구 월계동 833-1", "cnt": 4}}, {"type": "Feature", "geometry": {"type": "Point", "coordinates": [126.865836, 35.175381]}, "properties": {"addr": "북구 동림동 290-2", "cnt": 4}}, {"type": "Feature", "geometry": {"type": "Point", "coordinates": [126.916722, 35.168889]}, "properties": {"addr": "북구 중흥동 526-2", "cnt": 2}}, {"type": "Feature", "geometry": {"type": "Point", "coordinates": [126.916888, 35.16876]}, "properties": {"addr": "북구 중흥동 526-2", "cnt": 2}}, {"type": "Feature", "geometry": {"type": "Point", "coordinates": [126.919952, 35.171316]}, "properties": {"addr": "북구 우산동 264-28", "cnt": 2}}, {"type": "Feature", "geometry": {"type": "Point", "coordinates": [126.920128, 35.171715]}, "properties": {"addr": "북구 우산동 264-28", "cnt": 2}}, {"type": "Feature", "geometry": {"type": "Point", "coordinates": [126.920252, 35.171508]}, "properties": {"addr": "북구 우산동 264-28", "cnt": 2}}, {"type": "Feature", "geometry": {"type": "Point", "coordinates": [126.920933, 35.170644]}, "properties": {"addr": "북구 우산동 259-2", "cnt": 2}}, {"type": "Feature", "geometry": {"type": "Point", "coordinates": [126.921288, 35.170505]}, "properties": {"addr": "북구 우산동 259-2", "cnt": 2}}, {"type": "Feature", "geometry": {"type": "Point", "coordinates": [126.916508, 35.168381]}, "properties": {"addr": "북구 중흥동 526-2", "cnt": 2}}, {"type": "Feature", "geometry": {"type": "Point", "coordinates": [126.916591, 35.168583]}, "properties": {"addr": "북구 중흥동 526-2", "cnt": 2}}, {"type": "Feature", "geometry": {"type": "Point", "coordinates": [126.874301, 35.152825]}, "properties": {"addr": "서구 화운로155번길 24-10", "cnt": 3}}, {"type": "Feature", "geometry": {"type": "Point", "coordinates": [126.87535, 35.153077]}, "properties": {"addr": "서구 화운로155번길 24-36", "cnt": 3}}, {"type": "Feature", "geometry": {"type": "Point", "coordinates": [126.880087, 35.153374]}, "properties": {"addr": "서구 상무대로 지하 1050", "cnt": 4}}, {"type": "Feature", "geometry": {"type": "Point", "coordinates": [126.879582, 35.153987]}, "properties": {"addr": "서구 화정동 791-1", "cnt": 3}}, {"type": "Feature", "geometry": {"type": "Point", "coordinates": [126.824091, 35.208277]}, "properties": {"addr": "광산구 도천동 277-19", "cnt": 1}}, {"type": "Feature", "geometry": {"type": "Point", "coordinates": [126.898922, 35.121225]}, "properties": {"addr": "남구 서문대로 692", "cnt": 2}}, {"type": "Feature", "geometry": {"type": "Point", "coordinates": [126.916196, 35.15317]}, "properties": {"addr": "동구 제봉로 191-1", "cnt": 1}}, {"type": "Feature", "geometry": {"type": "Point", "coordinates": [126.907738, 35.214881]}, "properties": {"addr": "북구 일곡동 산23-2", "cnt": 2}}, {"type": "Feature", "geometry": {"type": "Point", "coordinates": [126.937688, 35.168658]}, "properties": {"addr": "북구 삼정로74번길 8-1", "cnt": 4}}, {"type": "Feature", "geometry": {"type": "Point", "coordinates": [126.937012, 35.170633]}, "properties": {"addr": "북구 삼정로95번길 8", "cnt": 4}}, {"type": "Feature", "geometry": {"type": "Point", "coordinates": [126.87179, 35.205798]}, "properties": {"addr": "북구 연양로40번길 9", "cnt": 3}}, {"type": "Feature", "geometry": {"type": "Point", "coordinates": [126.958126, 35.132834]}, "properties": {"addr": "동구 증심사길30번길 27", "cnt": 3}}, {"type": "Feature", "geometry": {"type": "Point", "coordinates": [126.953548, 35.134548]}, "properties": {"addr": "동구 성촌길 12", "cnt": 2}}, {"type": "Feature", "geometry": {"type": "Point", "coordinates": [126.932442, 35.152134]}, "properties": {"addr": "동구 필문대로205번길 12-1", "cnt": 3}}, {"type": "Feature", "geometry": {"type": "Point", "coordinates": [126.926428, 35.148349]}, "properties": {"addr": "동구 장동로43번길 10", "cnt": 2}}, {"type": "Feature", "geometry": {"type": "Point", "coordinates": [126.91934, 35.156239]}, "properties": {"addr": "동구 경양로271번길 9-2", "cnt": 2}}, {"type": "Feature", "geometry": {"type": "Point", "coordinates": [126.82092, 35.106711]}, "properties": {"addr": "서구 눌재로 250", "cnt": 3}}, {"type": "Feature", "geometry": {"type": "Point", "coordinates": [126.897019, 35.157901]}, "properties": {"addr": "서구 천변좌로 174-12", "cnt": 2}}, {"type": "Feature", "geometry": {"type": "Point", "coordinates": [126.875993, 35.152667]}, "properties": {"addr": "서구 화운로155번길 6-2", "cnt": 3}}, {"type": "Feature", "geometry": {"type": "Point", "coordinates": [126.881496, 35.150763]}, "properties": {"addr": "서구 군분로229번길 7", "cnt": 4}}, {"type": "Feature", "geometry": {"type": "Point", "coordinates": [126.912355, 35.145699]}, "properties": {"addr": "남구 천변좌로 370", "cnt": 3}}, {"type": "Feature", "geometry": {"type": "Point", "coordinates": [126.88848, 35.146996]}, "properties": {"addr": "남구 월산동 919-21", "cnt": 4}}, {"type": "Feature", "geometry": {"type": "Point", "coordinates": [126.911558, 35.145985]}, "properties": {"addr": "남구 천변좌로364번길 4", "cnt": 4}}, {"type": "Feature", "geometry": {"type": "Point", "coordinates": [126.901535, 35.137067]}, "properties": {"addr": "남구 회재로 1299", "cnt": 4}}, {"type": "Feature", "geometry": {"type": "Point", "coordinates": [126.908273, 35.144897]}, "properties": {"addr": "남구 중앙로95번길 3", "cnt": 4}}, {"type": "Feature", "geometry": {"type": "Point", "coordinates": [126.922114, 35.134466]}, "properties": {"addr": "남구 천변좌로524번가길 2", "cnt": 2}}, {"type": "Feature", "geometry": {"type": "Point", "coordinates": [126.906679, 35.10836]}, "properties": {"addr": "남구 노대동 826", "cnt": 3}}, {"type": "Feature", "geometry": {"type": "Point", "coordinates": [126.905969, 35.098734]}, "properties": {"addr": "남구 노대마을4길 12", "cnt": 2}}, {"type": "Feature", "geometry": {"type": "Point", "coordinates": [126.873939, 35.220787]}, "properties": {"addr": "북구 용두동 555-4", "cnt": 2}}, {"type": "Feature", "geometry": {"type": "Point", "coordinates": [126.916578, 35.169314]}, "properties": {"addr": "북구 효죽로 14-3", "cnt": 3}}, {"type": "Feature", "geometry": {"type": "Point", "coordinates": [126.906512, 35.20074]}, "properties": {"addr": "북구 삼각외촌길 33", "cnt": 2}}, {"type": "Feature", "geometry": {"type": "Point", "coordinates": [126.914908, 35.163727]}, "properties": {"addr": "북구 독립로367번길 10-10", "cnt": 3}}, {"type": "Feature", "geometry": {"type": "Point", "coordinates": [126.903018, 35.188887]}, "properties": {"addr": "북구 안산로 20-11", "cnt": 3}}, {"type": "Feature", "geometry": {"type": "Point", "coordinates": [126.879851, 35.21102]}, "properties": {"addr": "북구 양산택지로51번길 4", "cnt": 3}}, {"type": "Feature", "geometry": {"type": "Point", "coordinates": [126.892169, 35.210334]}, "properties": {"addr": "북구 일곡마을로 166", "cnt": 4}}, {"type": "Feature", "geometry": {"type": "Point", "coordinates": [126.942095, 35.178965]}, "properties": {"addr": "북구 각화동 산145-1", "cnt": 3}}, {"type": "Feature", "geometry": {"type": "Point", "coordinates": [126.892305, 35.192023]}, "properties": {"addr": "북구 매곡로 81", "cnt": 3}}, {"type": "Feature", "geometry": {"type": "Point", "coordinates": [126.808728, 35.170706]}, "properties": {"addr": "광산구 산정공원로2번길 33", "cnt": 2}}, {"type": "Feature", "geometry": {"type": "Point", "coordinates": [126.815514, 35.196145]}, "properties": {"addr": "광산구 장덕동 1051", "cnt": 4}}, {"type": "Feature", "geometry": {"type": "Point", "coordinates": [126.828228, 35.191742]}, "properties": {"addr": "광산구 수완로73번길 7", "cnt": 4}}, {"type": "Feature", "geometry": {"type": "Point", "coordinates": [126.81379, 35.196325]}, "properties": {"addr": "광산구 장덕동 1048", "cnt": 3}}, {"type": "Feature", "geometry": {"type": "Point", "coordinates": [126.835471, 35.186696]}, "properties": {"addr": "광산구 신가삼효로 29", "cnt": 4}}, {"type": "Feature", "geometry": {"type": "Point", "coordinates": [126.828831, 35.186347]}, "properties": {"addr": "광산구 수완로 14", "cnt": 4}}, {"type": "Feature", "geometry": {"type": "Point", "coordinates": [126.810897, 35.196825]}, "properties": {"addr": "광산구 장덕동 1047", "cnt": 4}}, {"type": "Feature", "geometry": {"type": "Point", "coordinates": [126.722317, 35.135306]}, "properties": {"addr": "광산구 평동봉정길 275", "cnt": 3}}, {"type": "Feature", "geometry": {"type": "Point", "coordinates": [126.798664, 35.134098]}, "properties": {"addr": "광산구 송정로 75", "cnt": 2}}, {"type": "Feature", "geometry": {"type": "Point", "coordinates": [126.806316, 35.17276]}, "properties": {"addr": "광산구 산정공원로60번길 4", "cnt": 4}}, {"type": "Feature", "geometry": {"type": "Point", "coordinates": [126.806635, 35.172878]}, "properties": {"addr": "광산구 산정공원로60번길 5", "cnt": 2}}, {"type": "Feature", "geometry": {"type": "Point", "coordinates": [126.824855, 35.203757]}, "properties": {"addr": "광산구 왕버들로 113-37", "cnt": 3}}, {"type": "Feature", "geometry": {"type": "Point", "coordinates": [126.811784, 35.15367]}, "properties": {"addr": "광산구 사암로106번길 85", "cnt": 4}}, {"type": "Feature", "geometry": {"type": "Point", "coordinates": [126.815362, 35.198535]}, "properties": {"addr": "광산구 장덕동 1048", "cnt": 3}}, {"type": "Feature", "geometry": {"type": "Point", "coordinates": [126.827439, 35.191753]}, "properties": {"addr": "광산구 수완로73번길 25", "cnt": 2}}, {"type": "Feature", "geometry": {"type": "Point", "coordinates": [126.895078, 35.169969]}, "properties": {"addr": "북구 들재매길 24", "cnt": 3}}, {"type": "Feature", "geometry": {"type": "Point", "coordinates": [126.9393, 35.1605]}, "properties": {"addr": "북구 무진성길 20", "cnt": 2}}, {"type": "Feature", "geometry": {"type": "Point", "coordinates": [126.9104, 35.1886]}, "properties": {"addr": "북구 서하로257번길 43", "cnt": 5}}, {"type": "Feature", "geometry": {"type": "Point", "coordinates": [126.9003, 35.1905]}, "properties": {"addr": "북구 설죽로348번길 8", "cnt": 3}}, {"type": "Feature", "geometry": {"type": "Point", "coordinates": [126.926459, 35.14736]}, "properties": {"addr": "동구 백서로 219", "cnt": 1}}, {"type": "Feature", "geometry": {"type": "Point", "coordinates": [126.926459, 35.14736]}, "properties": {"addr": "동구 백서로 219", "cnt": 2}}, {"type": "Feature", "geometry": {"type": "Point", "coordinates": [126.9231, 35.150238]}, "properties": {"addr": "동구 동명로 12", "cnt": 1}}, {"type": "Feature", "geometry": {"type": "Point", "coordinates": [126.9231, 35.150238]}, "properties": {"addr": "동구 동명로 12", "cnt": 3}}, {"type": "Feature", "geometry": {"type": "Point", "coordinates": [126.926774, 35.149109]}, "properties": {"addr": "동구 동계천로 162", "cnt": 1}}, {"type": "Feature", "geometry": {"type": "Point", "coordinates": [126.926774, 35.149109]}, "properties": {"addr": "동구 동계천로 162", "cnt": 3}}, {"type": "Feature", "geometry": {"type": "Point", "coordinates": [126.928044, 35.149033]}, "properties": {"addr": "동구 동계천로 170", "cnt": 1}}, {"type": "Feature", "geometry": {"type": "Point", "coordinates": [126.928044, 35.149033]}, "properties": {"addr": "동구 동계천로 170", "cnt": 1}}, {"type": "Feature", "geometry": {"type": "Point", "coordinates": [126.91803, 35.148344]}, "properties": {"addr": "동구 금남로 238", "cnt": 1}}, {"type": "Feature", "geometry": {"type": "Point", "coordinates": [126.91803, 35.148344]}, "properties": {"addr": "동구 금남로 238", "cnt": 2}}, {"type": "Feature", "geometry": {"type": "Point", "coordinates": [126.934945, 35.147802]}, "properties": {"addr": "동구 지호로 51", "cnt": 1}}, {"type": "Feature", "geometry": {"type": "Point", "coordinates": [126.934945, 35.147802]}, "properties": {"addr": "동구 지호로 51", "cnt": 2}}, {"type": "Feature", "geometry": {"type": "Point", "coordinates": [126.936353, 35.155911]}, "properties": {"addr": "동구 밤실로 95", "cnt": 1}}, {"type": "Feature", "geometry": {"type": "Point", "coordinates": [126.936353, 35.155911]}, "properties": {"addr": "동구 밤실로 95", "cnt": 4}}, {"type": "Feature", "geometry": {"type": "Point", "coordinates": [126.918178, 35.150454]}, "properties": {"addr": "동구 중앙로196번길 15-35", "cnt": 1}}, {"type": "Feature", "geometry": {"type": "Point", "coordinates": [126.918178, 35.150454]}, "properties": {"addr": "동구 중앙로196번길 15-35", "cnt": 4}}, {"type": "Feature", "geometry": {"type": "Point", "coordinates": [126.939722, 35.093762]}, "properties": {"addr": "동구 남계길 38", "cnt": 1}}, {"type": "Feature", "geometry": {"type": "Point", "coordinates": [126.939722, 35.093762]}, "properties": {"addr": "동구 남계길 38", "cnt": 2}}, {"type": "Feature", "geometry": {"type": "Point", "coordinates": [126.945971, 35.13287]}, "properties": {"addr": "동구 의재로 149-22", "cnt": 1}}, {"type": "Feature", "geometry": {"type": "Point", "coordinates": [126.945971, 35.13287]}, "properties": {"addr": "동구 의재로 149-22", "cnt": 2}}, {"type": "Feature", "geometry": {"type": "Point", "coordinates": [126.93313, 35.123863]}, "properties": {"addr": "동구 지원로 5", "cnt": 1}}, {"type": "Feature", "geometry": {"type": "Point", "coordinates": [126.93313, 35.123863]}, "properties": {"addr": "동구 지원로 5", "cnt": 1}}, {"type": "Feature", "geometry": {"type": "Point", "coordinates": [126.933041, 35.123693]}, "properties": {"addr": "동구 지원로 4", "cnt": 1}}, {"type": "Feature", "geometry": {"type": "Point", "coordinates": [126.934898, 35.124256]}, "properties": {"addr": "동구 지원로 23", "cnt": 1}}, {"type": "Feature", "geometry": {"type": "Point", "coordinates": [126.934898, 35.124256]}, "properties": {"addr": "동구 지원로 23", "cnt": 2}}, {"type": "Feature", "geometry": {"type": "Point", "coordinates": [126.926224, 35.160112]}, "properties": {"addr": "동구 무등로 398-1", "cnt": 1}}, {"type": "Feature", "geometry": {"type": "Point", "coordinates": [126.926224, 35.160112]}, "properties": {"addr": "동구 무등로 398-1", "cnt": 4}}, {"type": "Feature", "geometry": {"type": "Point", "coordinates": [126.872977, 35.138165]}, "properties": {"addr": "서구 화정동 877", "cnt": 1}}, {"type": "Feature", "geometry": {"type": "Point", "coordinates": [126.872977, 35.138165]}, "properties": {"addr": "서구 화정동 877", "cnt": 1}}, {"type": "Feature", "geometry": {"type": "Point", "coordinates": [126.875023, 35.137899]}, "properties": {"addr": "서구 화정동 888", "cnt": 1}}, {"type": "Feature", "geometry": {"type": "Point", "coordinates": [126.875023, 35.137899]}, "properties": {"addr": "서구 화정동 888", "cnt": 2}}, {"type": "Feature", "geometry": {"type": "Point", "coordinates": [126.881864, 35.15386]}, "properties": {"addr": "서구 죽봉대로 17", "cnt": 1}}, {"type": "Feature", "geometry": {"type": "Point", "coordinates": [126.881864, 35.15386]}, "properties": {"addr": "서구 죽봉대로 17", "cnt": 2}}, {"type": "Feature", "geometry": {"type": "Point", "coordinates": [126.888329, 35.154105]}, "properties": {"addr": "서구 상무대로 1153", "cnt": 1}}, {"type": "Feature", "geometry": {"type": "Point", "coordinates": [126.888329, 35.154105]}, "properties": {"addr": "서구 상무대로 1153", "cnt": 2}}, {"type": "Feature", "geometry": {"type": "Point", "coordinates": [126.863957, 35.171896]}, "properties": {"addr": "서구 하남대로 654", "cnt": 2}}, {"type": "Feature", "geometry": {"type": "Point", "coordinates": [126.863957, 35.171896]}, "properties": {"addr": "서구 하남대로 654", "cnt": 2}}, {"type": "Feature", "geometry": {"type": "Point", "coordinates": [126.86116, 35.134153]}, "properties": {"addr": "서구 금화로115번길 22", "cnt": 2}}, {"type": "Feature", "geometry": {"type": "Point", "coordinates": [126.891764, 35.12964]}, "properties": {"addr": "남구 회재로1186번길 23", "cnt": 1}}, {"type": "Feature", "geometry": {"type": "Point", "coordinates": [126.891764, 35.12964]}, "properties": {"addr": "남구 회재로1186번길 23", "cnt": 3}}, {"type": "Feature", "geometry": {"type": "Point", "coordinates": [126.898418, 35.122279]}, "properties": {"addr": "남구 서문대로701번길 2", "cnt": 1}}, {"type": "Feature", "geometry": {"type": "Point", "coordinates": [126.898418, 35.122279]}, "properties": {"addr": "남구 서문대로701번길 2", "cnt": 2}}, {"type": "Feature", "geometry": {"type": "Point", "coordinates": [126.909256, 35.124432]}, "properties": {"addr": "남구 봉선로121번길 10", "cnt": 1}}, {"type": "Feature", "geometry": {"type": "Point", "coordinates": [126.909256, 35.124432]}, "properties": {"addr": "남구 봉선로121번길 10", "cnt": 2}}, {"type": "Feature", "geometry": {"type": "Point", "coordinates": [126.905103, 35.127721]}, "properties": {"addr": "남구 봉선동 1155-20", "cnt": 1}}, {"type": "Feature", "geometry": {"type": "Point", "coordinates": [126.905103, 35.127721]}, "properties": {"addr": "남구 봉선동 1155-20", "cnt": 3}}, {"type": "Feature", "geometry": {"type": "Point", "coordinates": [126.88509, 35.17451]}, "properties": {"addr": "북구 북문대로8번길 21", "cnt": 2}}, {"type": "Feature", "geometry": {"type": "Point", "coordinates": [126.884759, 35.174156]}, "properties": {"addr": "북구 북문대로8번길 21", "cnt": 1}}, {"type": "Feature", "geometry": {"type": "Point", "coordinates": [126.934735, 35.169862]}, "properties": {"addr": "북구 참판로 130", "cnt": 3}}, {"type": "Feature", "geometry": {"type": "Point", "coordinates": [126.924543, 35.187272]}, "properties": {"addr": "북구 문산로 66", "cnt": 3}}, {"type": "Feature", "geometry": {"type": "Point", "coordinates": [126.914738, 35.179947]}, "properties": {"addr": "북구 면앙로 19", "cnt": 2}}, {"type": "Feature", "geometry": {"type": "Point", "coordinates": [126.875153, 35.183222]}, "properties": {"addr": "북구 서강로 133", "cnt": 2}}, {"type": "Feature", "geometry": {"type": "Point", "coordinates": [126.906551, 35.156103]}, "properties": {"addr": "북구 금남로 99", "cnt": 2}}, {"type": "Feature", "geometry": {"type": "Point", "coordinates": [126.89983, 35.169195]}, "properties": {"addr": "북구 서암대로144번길 11", "cnt": 2}}, {"type": "Feature", "geometry": {"type": "Point", "coordinates": [126.92092, 35.175434]}, "properties": {"addr": "북구 서방로63번길 67", "cnt": 2}}, {"type": "Feature", "geometry": {"type": "Point", "coordinates": [126.899446, 35.187254]}, "properties": {"addr": "북구 서하로 182", "cnt": 3}}, {"type": "Feature", "geometry": {"type": "Point", "coordinates": [126.899292, 35.207662]}, "properties": {"addr": "북구 설죽로 530", "cnt": 2}}, {"type": "Feature", "geometry": {"type": "Point", "coordinates": [126.889987, 35.18868]}, "properties": {"addr": "북구 하백로5번길 10", "cnt": 2}}, {"type": "Feature", "geometry": {"type": "Point", "coordinates": [126.865219, 35.187208]}, "properties": {"addr": "북구 북문대로 246", "cnt": 3}}, {"type": "Feature", "geometry": {"type": "Point", "coordinates": [126.864466, 35.204975]}, "properties": {"addr": "북구 첨단연신로 76", "cnt": 1}}, {"type": "Feature", "geometry": {"type": "Point", "coordinates": [126.864466, 35.204975]}, "properties": {"addr": "북구 첨단연신로 76", "cnt": 3}}, {"type": "Feature", "geometry": {"type": "Point", "coordinates": [126.91508, 35.171487]}, "properties": {"addr": "북구 우치로40번길 25", "cnt": 1}}, {"type": "Feature", "geometry": {"type": "Point", "coordinates": [126.91508, 35.171487]}, "properties": {"addr": "북구 우치로40번길 25", "cnt": 1}}, {"type": "Feature", "geometry": {"type": "Point", "coordinates": [126.882398, 35.210388]}, "properties": {"addr": "북구 양산로71번길 5-1", "cnt": 3}}, {"type": "Feature", "geometry": {"type": "Point", "coordinates": [126.802219, 35.185727]}, "properties": {"addr": "광산구 하남산단1번로 61", "cnt": 3}}, {"type": "Feature", "geometry": {"type": "Point", "coordinates": [126.723224, 35.179217]}, "properties": {"addr": "광산구 남산동 696-8", "cnt": 3}}, {"type": "Feature", "geometry": {"type": "Point", "coordinates": [126.744751, 35.219253]}, "properties": {"addr": "광산구 고봉로 788", "cnt": 3}}, {"type": "Feature", "geometry": {"type": "Point", "coordinates": [126.836041, 35.187052]}, "properties": {"addr": "광산구 신가삼효로 35", "cnt": 3}}, {"type": "Feature", "geometry": {"type": "Point", "coordinates": [126.843973, 35.218536]}, "properties": {"addr": "광산구 첨단중앙로152번길 6-15", "cnt": 1}}, {"type": "Feature", "geometry": {"type": "Point", "coordinates": [126.843973, 35.218536]}, "properties": {"addr": "광산구 첨단중앙로152번길 6-15", "cnt": 2}}, {"type": "Feature", "geometry": {"type": "Point", "coordinates": [126.793469, 35.147267]}, "properties": {"addr": "광산구 어등대로653번길 67", "cnt": 3}}, {"type": "Feature", "geometry": {"type": "Point", "coordinates": [126.833564, 35.183659]}, "properties": {"addr": "광산구 목련로394번길 40-10", "cnt": 4}}, {"type": "Feature", "geometry": {"type": "Point", "coordinates": [126.795943, 35.131179]}, "properties": {"addr": "광산구 송도로208번길 25", "cnt": 2}}, {"type": "Feature", "geometry": {"type": "Point", "coordinates": [126.835545, 35.194549]}, "properties": {"addr": "광산구 신창로105번길 9", "cnt": 2}}, {"type": "Feature", "geometry": {"type": "Point", "coordinates": [126.821702, 35.175015]}, "properties": {"addr": "광산구 운남동 399-4", "cnt": 3}}, {"type": "Feature", "geometry": {"type": "Point", "coordinates": [126.792139, 35.157684]}, "properties": {"addr": "광산구 소촌로152번길 1", "cnt": 4}}, {"type": "Feature", "geometry": {"type": "Point", "coordinates": [126.793251, 35.137827]}, "properties": {"addr": "광산구 광산로 9", "cnt": 4}}, {"type": "Feature", "geometry": {"type": "Point", "coordinates": [126.835084, 35.191654]}, "properties": {"addr": "광산구 신창동 1267", "cnt": 3}}, {"type": "Feature", "geometry": {"type": "Point", "coordinates": [126.823577, 35.220271]}, "properties": {"addr": "광산구 비아로 12", "cnt": 3}}, {"type": "Feature", "geometry": {"type": "Point", "coordinates": [126.797965, 35.182827]}, "properties": {"addr": "광산구 고봉로 89", "cnt": 4}}, {"type": "Feature", "geometry": {"type": "Point", "coordinates": [126.800146, 35.182101]}, "properties": {"addr": "광산구 하남동 1193", "cnt": 4}}, {"type": "Feature", "geometry": {"type": "Point", "coordinates": [126.799958, 35.184625]}, "properties": {"addr": "광산구 흑석동 630", "cnt": 3}}, {"type": "Feature", "geometry": {"type": "Point", "coordinates": [126.809769, 35.191048]}, "properties": {"addr": "광산구 장덕동 993-1", "cnt": 4}}, {"type": "Feature", "geometry": {"type": "Point", "coordinates": [126.846079, 35.220583]}, "properties": {"addr": "광산구 임방울대로801번길 62", "cnt": 4}}, {"type": "Feature", "geometry": {"type": "Point", "coordinates": [126.851587, 35.214462]}, "properties": {"addr": "광산구 월계로 235-9", "cnt": 4}}, {"type": "Feature", "geometry": {"type": "Point", "coordinates": [126.803568, 35.16104]}, "properties": {"addr": "광산구 무진대로212번길 16", "cnt": 3}}, {"type": "Feature", "geometry": {"type": "Point", "coordinates": [126.824311, 35.20017]}, "properties": {"addr": "광산구 왕버들로132번길 35", "cnt": 2}}, {"type": "Feature", "geometry": {"type": "Point", "coordinates": [126.803575, 35.142395]}, "properties": {"addr": "광산구 신촌동 703-2", "cnt": 2}}, {"type": "Feature", "geometry": {"type": "Point", "coordinates": [126.813648, 35.171238]}, "properties": {"addr": "광산구 월곡반월로76번길 5-12", "cnt": 3}}, {"type": "Feature", "geometry": {"type": "Point", "coordinates": [126.795994, 35.133263]}, "properties": {"addr": "광산구 송도로 215", "cnt": 3}}, {"type": "Feature", "geometry": {"type": "Point", "coordinates": [126.802324, 35.138717]}, "properties": {"addr": "광산구 송정동 466-9", "cnt": 4}}, {"type": "Feature", "geometry": {"type": "Point", "coordinates": [126.784327, 35.132666]}, "properties": {"addr": "광산구 도산동 979-4", "cnt": 3}}, {"type": "Feature", "geometry": {"type": "Point", "coordinates": [126.830496, 35.208397]}, "properties": {"addr": "광산구 수완동 267-21", "cnt": 2}}, {"type": "Feature", "geometry": {"type": "Point", "coordinates": [126.815062, 35.156813]}, "properties": {"addr": "광산구 우산로125번길 26", "cnt": 3}}, {"type": "Feature", "geometry": {"type": "Point", "coordinates": [126.804419, 35.185516]}, "properties": {"addr": "광산구 흑석동 691", "cnt": 3}}, {"type": "Feature", "geometry": {"type": "Point", "coordinates": [126.9111, 35.14869]}, "properties": {"addr": "동구 천변우로 361-15", "cnt": 3}}, {"type": "Feature", "geometry": {"type": "Point", "coordinates": [126.9119, 35.14933]}, "properties": {"addr": "동구 천변우로 361-21", "cnt": 4}}, {"type": "Feature", "geometry": {"type": "Point", "coordinates": [126.8497, 35.14435]}, "properties": {"addr": "서구 마륵동 117", "cnt": 4}}, {"type": "Feature", "geometry": {"type": "Point", "coordinates": [126.9108, 35.12227]}, "properties": {"addr": "남구 봉선로144번길 8", "cnt": 1}}, {"type": "Feature", "geometry": {"type": "Point", "coordinates": [126.9108, 35.12227]}, "properties": {"addr": "남구 봉선로144번길 8", "cnt": 2}}, {"type": "Feature", "geometry": {"type": "Point", "coordinates": [126.9215, 35.13365]}, "properties": {"addr": "남구 큰방림길 11", "cnt": 1}}, {"type": "Feature", "geometry": {"type": "Point", "coordinates": [126.9215, 35.13365]}, "properties": {"addr": "남구 큰방림길 11", "cnt": 2}}, {"type": "Feature", "geometry": {"type": "Point", "coordinates": [126.9036, 35.1082]}, "properties": {"addr": "남구 효우로60번길 12", "cnt": 1}}, {"type": "Feature", "geometry": {"type": "Point", "coordinates": [126.9036, 35.1082]}, "properties": {"addr": "남구 효우로60번길 12", "cnt": 2}}, {"type": "Feature", "geometry": {"type": "Point", "coordinates": [126.9167, 35.12602]}, "properties": {"addr": "남구 봉선2로 98", "cnt": 1}}, {"type": "Feature", "geometry": {"type": "Point", "coordinates": [126.9167, 35.12602]}, "properties": {"addr": "남구 봉선2로 98", "cnt": 2}}, {"type": "Feature", "geometry": {"type": "Point", "coordinates": [126.9301, 35.18458]}, "properties": {"addr": "북구 문흥동 1022", "cnt": 1}}, {"type": "Feature", "geometry": {"type": "Point", "coordinates": [126.9301, 35.18458]}, "properties": {"addr": "북구 문흥동 1022", "cnt": 2}}, {"type": "Feature", "geometry": {"type": "Point", "coordinates": [126.9197, 35.17106]}, "properties": {"addr": "북구 중흥동 12-1", "cnt": 1}}, {"type": "Feature", "geometry": {"type": "Point", "coordinates": [126.9197, 35.17106]}, "properties": {"addr": "북구 중흥동 12-1", "cnt": 3}}, {"type": "Feature", "geometry": {"type": "Point", "coordinates": [126.9172, 35.16762]}, "properties": {"addr": "북구 우산동 510-26", "cnt": 1}}, {"type": "Feature", "geometry": {"type": "Point", "coordinates": [126.9172, 35.16762]}, "properties": {"addr": "북구 우산동 510-26", "cnt": 3}}, {"type": "Feature", "geometry": {"type": "Point", "coordinates": [126.9171, 35.18811]}, "properties": {"addr": "북구 능안로30번길 3", "cnt": 2}}, {"type": "Feature", "geometry": {"type": "Point", "coordinates": [126.8858, 35.16864]}, "properties": {"addr": "북구 천변우로 11", "cnt": 1}}, {"type": "Feature", "geometry": {"type": "Point", "coordinates": [126.8858, 35.16864]}, "properties": {"addr": "북구 천변우로 11", "cnt": 2}}, {"type": "Feature", "geometry": {"type": "Point", "coordinates": [126.9317, 35.18402]}, "properties": {"addr": "북구 동문대로 260", "cnt": 1}}, {"type": "Feature", "geometry": {"type": "Point", "coordinates": [126.9317, 35.18402]}, "properties": {"addr": "북구 동문대로 260", "cnt": 2}}, {"type": "Feature", "geometry": {"type": "Point", "coordinates": [126.8051, 35.13613]}, "properties": {"addr": "광산구 송정동 75-38", "cnt": 3}}, {"type": "Feature", "geometry": {"type": "Point", "coordinates": [126.8106, 35.15474]}, "properties": {"addr": "광산구 사암로118번길 56", "cnt": 2}}, {"type": "Feature", "geometry": {"type": "Point", "coordinates": [126.8158, 35.16292]}, "properties": {"addr": "광산구 풍영철길로 20-20", "cnt": 3}}, {"type": "Feature", "geometry": {"type": "Point", "coordinates": [126.8086, 35.16605]}, "properties": {"addr": "광산구 월곡산정로 50", "cnt": 4}}, {"type": "Feature", "geometry": {"type": "Point", "coordinates": [126.8034, 35.17257]}, "properties": {"addr": "광산구 산정동 1055", "cnt": 4}}, {"type": "Feature", "geometry": {"type": "Point", "coordinates": [126.8229, 35.17472]}, "properties": {"addr": "광산구 목련로219번길 69", "cnt": 4}}, {"type": "Feature", "geometry": {"type": "Point", "coordinates": [126.8032, 35.18036]}, "properties": {"addr": "광산구 하남대로 83", "cnt": 2}}, {"type": "Feature", "geometry": {"type": "Point", "coordinates": [126.7982, 35.18082]}, "properties": {"addr": "광산구 단전둘레길 15", "cnt": 3}}, {"type": "Feature", "geometry": {"type": "Point", "coordinates": [126.8193, 35.19658]}, "properties": {"addr": "광산구 장덕로95번길 15", "cnt": 2}}, {"type": "Feature", "geometry": {"type": "Point", "coordinates": [126.8346, 35.19386]}, "properties": {"addr": "광산구 신창로71번길 33", "cnt": 2}}, {"type": "Feature", "geometry": {"type": "Point", "coordinates": [126.869153, 35.10318]}, "properties": {"addr": "남구 효천중앙로 4", "cnt": 4}}, {"type": "Feature", "geometry": {"type": "Point", "coordinates": [126.8922, 35.101505]}, "properties": {"addr": "남구 효우2로 5", "cnt": 4}}, {"type": "Feature", "geometry": {"type": "Point", "coordinates": [126.921761, 35.133071]}, "properties": {"addr": "남구 큰방림길 20", "cnt": 4}}, {"type": "Feature", "geometry": {"type": "Point", "coordinates": [126.865008, 35.210259]}, "properties": {"addr": "북구 첨단연신로108번길 104", "cnt": 4}}, {"type": "Feature", "geometry": {"type": "Point", "coordinates": [126.848986, 35.23256]}, "properties": {"addr": "북구 앰코로 127", "cnt": 4}}, {"type": "Feature", "geometry": {"type": "Point", "coordinates": [126.894169, 35.216314]}, "properties": {"addr": "북구 모룡대길 61", "cnt": 4}}, {"type": "Feature", "geometry": {"type": "Point", "coordinates": [126.877026, 35.155427]}, "properties": {"addr": "서구 화운로194번길 6", "cnt": 4}}, {"type": "Feature", "geometry": {"type": "Point", "coordinates": [126.83602, 35.168498]}, "properties": {"addr": "서구 유덕로 177", "cnt": 4}}, {"type": "Feature", "geometry": {"type": "Point", "coordinates": [126.836182, 35.182612]}, "properties": {"addr": "광산구 목련로394번길 60-3", "cnt": 4}}, {"type": "Feature", "geometry": {"type": "Point", "coordinates": [126.925248, 35.120885]}, "properties": {"addr": "동구 용산동 719", "cnt": 3}}, {"type": "Feature", "geometry": {"type": "Point", "coordinates": [126.94374, 35.09123]}, "properties": {"addr": "동구 남문로 202", "cnt": 3}}, {"type": "Feature", "geometry": {"type": "Point", "coordinates": [126.925232, 35.140759]}, "properties": {"addr": "동구 필문대로 341-9", "cnt": 2}}, {"type": "Feature", "geometry": {"type": "Point", "coordinates": [126.868569, 35.239951]}, "properties": {"addr": "북구 월출동 965-1", "cnt": 2}}, {"type": "Feature", "geometry": {"type": "Point", "coordinates": [126.863949, 35.238488]}, "properties": {"addr": "북구 월출동 972", "cnt": 2}}, {"type": "Feature", "geometry": {"type": "Point", "coordinates": [126.856934, 35.236159]}, "properties": {"addr": "북구 대촌동 952-2", "cnt": 2}}, {"type": "Feature", "geometry": {"type": "Point", "coordinates": [126.849829, 35.233592]}, "properties": {"addr": "북구 오룡동 1112-1", "cnt": 4}}, {"type": "Feature", "geometry": {"type": "Point", "coordinates": [126.853155, 35.228521]}, "properties": {"addr": "북구 오룡동 1120", "cnt": 4}}, {"type": "Feature", "geometry": {"type": "Point", "coordinates": [126.856413, 35.222263]}, "properties": {"addr": "북구 대촌동 962", "cnt": 2}}, {"type": "Feature", "geometry": {"type": "Point", "coordinates": [126.85907, 35.220364]}, "properties": {"addr": "북구 오룡동 1116", "cnt": 2}}, {"type": "Feature", "geometry": {"type": "Point", "coordinates": [126.866202, 35.200667]}, "properties": {"addr": "북구 연제동 1075", "cnt": 2}}, {"type": "Feature", "geometry": {"type": "Point", "coordinates": [126.86409, 35.200571]}, "properties": {"addr": "북구 연제동 1025", "cnt": 3}}, {"type": "Feature", "geometry": {"type": "Point", "coordinates": [126.917079, 35.162759]}, "properties": {"addr": "동구 무등로307번길 3", "cnt": 4}}, {"type": "Feature", "geometry": {"type": "Point", "coordinates": [126.919361, 35.162922]}, "properties": {"addr": "동구 무등로333번길 13", "cnt": 3}}, {"type": "Feature", "geometry": {"type": "Point", "coordinates": [126.916161, 35.164039]}, "properties": {"addr": "동구 계림동 730", "cnt": 2}}, {"type": "Feature", "geometry": {"type": "Point", "coordinates": [126.873925, 35.150607]}, "properties": {"addr": "서구 화정동 325", "cnt": 3}}, {"type": "Feature", "geometry": {"type": "Point", "coordinates": [126.873658, 35.150415]}, "properties": {"addr": "서구 화정동 325", "cnt": 3}}, {"type": "Feature", "geometry": {"type": "Point", "coordinates": [126.875133, 35.148963]}, "properties": {"addr": "서구 화정동 325", "cnt": 3}}, {"type": "Feature", "geometry": {"type": "Point", "coordinates": [126.874076, 35.149051]}, "properties": {"addr": "서구 화정동 325", "cnt": 3}}, {"type": "Feature", "geometry": {"type": "Point", "coordinates": [126.907818, 35.160393]}, "properties": {"addr": "북구 중가로65번길 32", "cnt": 3}}, {"type": "Feature", "geometry": {"type": "Point", "coordinates": [126.9045, 35.15861]}, "properties": {"addr": "북구 경열로211번길 31", "cnt": 3}}, {"type": "Feature", "geometry": {"type": "Point", "coordinates": [126.8984, 35.16863]}, "properties": {"addr": "북구 들자미길 70", "cnt": 3}}, {"type": "Feature", "geometry": {"type": "Point", "coordinates": [126.9312, 35.16113]}, "properties": {"addr": "북구 군왕로8번길 27-1", "cnt": 3}}, {"type": "Feature", "geometry": {"type": "Point", "coordinates": [126.9324, 35.17474]}, "properties": {"addr": "북구 면앙로192번길 11-1", "cnt": 3}}, {"type": "Feature", "geometry": {"type": "Point", "coordinates": [126.9148, 35.18821]}, "properties": {"addr": "북구 서하로315번길 21", "cnt": 3}}, {"type": "Feature", "geometry": {"type": "Point", "coordinates": [126.9056, 35.18222]}, "properties": {"addr": "북구 용주로40번길 65-11", "cnt": 3}}, {"type": "Feature", "geometry": {"type": "Point", "coordinates": [126.8702, 35.18612]}, "properties": {"addr": "북구 북문대로 194", "cnt": 3}}, {"type": "Feature", "geometry": {"type": "Point", "coordinates": [126.8896, 35.19203]}, "properties": {"addr": "북구 매곡동 274-5", "cnt": 3}}, {"type": "Feature", "geometry": {"type": "Point", "coordinates": [126.8748, 35.19706]}, "properties": {"addr": "북구 하서로241번길 41", "cnt": 2}}, {"type": "Feature", "geometry": {"type": "Point", "coordinates": [126.8596, 35.18137]}, "properties": {"addr": "북구 동림동 1331", "cnt": 3}}, {"type": "Feature", "geometry": {"type": "Point", "coordinates": [126.8783, 35.17288]}, "properties": {"addr": "북구 대자로54번길 10", "cnt": 3}}, {"type": "Feature", "geometry": {"type": "Point", "coordinates": [126.8984, 35.17851]}, "properties": {"addr": "북구 반룡로6번길 22", "cnt": 4}}, {"type": "Feature", "geometry": {"type": "Point", "coordinates": [126.8975, 35.2403]}, "properties": {"addr": "북구 용전마을길 59", "cnt": 4}}, {"type": "Feature", "geometry": {"type": "Point", "coordinates": [126.9003, 35.24042]}, "properties": {"addr": "북구 용전동 1194-25", "cnt": 3}}, {"type": "Feature", "geometry": {"type": "Point", "coordinates": [126.896, 35.24827]}, "properties": {"addr": "북구 하신마을길45번길 6", "cnt": 4}}, {"type": "Feature", "geometry": {"type": "Point", "coordinates": [126.8847, 35.24552]}, "properties": {"addr": "북구 용전동 1113-12", "cnt": 4}}, {"type": "Feature", "geometry": {"type": "Point", "coordinates": [126.873231, 35.19977]}, "properties": {"addr": "북구 양산신촌길 51", "cnt": 3}}, {"type": "Feature", "geometry": {"type": "Point", "coordinates": [126.919518, 35.144973]}, "properties": {"addr": "동구 문화전당로 38", "cnt": 4}}, {"type": "Feature", "geometry": {"type": "Point", "coordinates": [126.918947, 35.146277]}, "properties": {"addr": "동구 문화전당로 38", "cnt": 3}}, {"type": "Feature", "geometry": {"type": "Point", "coordinates": [126.918951, 35.147788]}, "properties": {"addr": "동구 금남로1가 41", "cnt": 4}}, {"type": "Feature", "geometry": {"type": "Point", "coordinates": [126.918492, 35.148086]}, "properties": {"addr": "동구 금남로 246", "cnt": 2}}, {"type": "Feature", "geometry": {"type": "Point", "coordinates": [126.917479, 35.148854]}, "properties": {"addr": "동구 금남로 231", "cnt": 2}}, {"type": "Feature", "geometry": {"type": "Point", "coordinates": [126.917636, 35.148662]}, "properties": {"addr": "동구 금남로 236", "cnt": 2}}, {"type": "Feature", "geometry": {"type": "Point", "coordinates": [126.916438, 35.149416]}, "properties": {"addr": "동구 금남로 224", "cnt": 2}}, {"type": "Feature", "geometry": {"type": "Point", "coordinates": [126.915719, 35.150012]}, "properties": {"addr": "동구 금남로 211", "cnt": 3}}, {"type": "Feature", "geometry": {"type": "Point", "coordinates": [126.914316, 35.149232]}, "properties": {"addr": "동구 중앙로 174-1", "cnt": 3}}, {"type": "Feature", "geometry": {"type": "Point", "coordinates": [126.913518, 35.148436]}, "properties": {"addr": "동구 중앙로 162-1", "cnt": 3}}, {"type": "Feature", "geometry": {"type": "Point", "coordinates": [126.91348, 35.148555]}, "properties": {"addr": "동구 중앙로 161-1", "cnt": 3}}, {"type": "Feature", "geometry": {"type": "Point", "coordinates": [126.914453, 35.149456]}, "properties": {"addr": "동구 충장로 60", "cnt": 4}}, {"type": "Feature", "geometry": {"type": "Point", "coordinates": [126.915337, 35.150177]}, "properties": {"addr": "동구 금남로 208", "cnt": 4}}, {"type": "Feature", "geometry": {"type": "Point", "coordinates": [126.914835, 35.150609]}, "properties": {"addr": "동구 금남로 201-1", "cnt": 2}}, {"type": "Feature", "geometry": {"type": "Point", "coordinates": [126.916714, 35.144942]}, "properties": {"addr": "동구 문화전당로35번길 24", "cnt": 3}}, {"type": "Feature", "geometry": {"type": "Point", "coordinates": [126.920369, 35.153392]}, "properties": {"addr": "동구 중앙로246번길 5", "cnt": 4}}, {"type": "Feature", "geometry": {"type": "Point", "coordinates": [126.917316, 35.145241]}, "properties": {"addr": "동구 문화전당로35번길 15", "cnt": 3}}, {"type": "Feature", "geometry": {"type": "Point", "coordinates": [126.913232, 35.155899]}, "properties": {"addr": "동구 독립로 282-2", "cnt": 2}}, {"type": "Feature", "geometry": {"type": "Point", "coordinates": [126.919224, 35.141942]}, "properties": {"addr": "동구 백서로 126", "cnt": 4}}, {"type": "Feature", "geometry": {"type": "Point", "coordinates": [126.918618, 35.145569]}, "properties": {"addr": "동구 문화전당로35번길 3-2", "cnt": 3}}, {"type": "Feature", "geometry": {"type": "Point", "coordinates": [126.92036, 35.140696]}, "properties": {"addr": "동구 양림로119번길 8", "cnt": 3}}, {"type": "Feature", "geometry": {"type": "Point", "coordinates": [126.932804, 35.127954]}, "properties": {"addr": "동구 남문로622번길 17-21", "cnt": 4}}, {"type": "Feature", "geometry": {"type": "Point", "coordinates": [126.93796, 35.150358]}, "properties": {"addr": "동구 지산동 315-59", "cnt": 3}}, {"type": "Feature", "geometry": {"type": "Point", "coordinates": [126.909998, 35.182349]}, "properties": {"addr": "북구 우치로 172-2", "cnt": 3}}, {"type": "Feature", "geometry": {"type": "Point", "coordinates": [126.913849, 35.176481]}, "properties": {"addr": "북구 우치로100번길 24", "cnt": 2}}, {"type": "Feature", "geometry": {"type": "Point", "coordinates": [126.903031, 35.177811]}, "properties": {"addr": "북구 설죽로214번길 99", "cnt": 3}}, {"type": "Feature", "geometry": {"type": "Point", "coordinates": [126.868722, 35.173471]}, "properties": {"addr": "북구 동운로 165", "cnt": 2}}, {"type": "Feature", "geometry": {"type": "Point", "coordinates": [126.877731, 35.172621]}, "properties": {"addr": "북구 대자로 48-13", "cnt": 4}}, {"type": "Feature", "geometry": {"type": "Point", "coordinates": [126.861409, 35.185599]}, "properties": {"addr": "북구 동림동 164-1", "cnt": 2}}, {"type": "Feature", "geometry": {"type": "Point", "coordinates": [126.864104, 35.186181]}, "properties": {"addr": "북구 북문대로247번길 42", "cnt": 3}}, {"type": "Feature", "geometry": {"type": "Point", "coordinates": [126.926568, 35.250938]}, "properties": {"addr": "북구 태령학림길 10", "cnt": 2}}, {"type": "Feature", "geometry": {"type": "Point", "coordinates": [126.875673, 35.221299]}, "properties": {"addr": "북구 용두마을길40번길 4", "cnt": 3}}, {"type": "Feature", "geometry": {"type": "Point", "coordinates": [126.894823, 35.237091]}, "properties": {"addr": "북구 용전마을길 9", "cnt": 3}}, {"type": "Feature", "geometry": {"type": "Point", "coordinates": [126.903391, 35.25059]}, "properties": {"addr": "북구 용강동 696", "cnt": 3}}, {"type": "Feature", "geometry": {"type": "Point", "coordinates": [126.881095, 35.217678]}, "properties": {"addr": "북구 양산택지로 130", "cnt": 4}}, {"type": "Feature", "geometry": {"type": "Point", "coordinates": [126.869933, 35.241377]}, "properties": {"addr": "북구 금당마을길 18", "cnt": 2}}, {"type": "Feature", "geometry": {"type": "Point", "coordinates": [126.873364, 35.24642]}, "properties": {"addr": "북구 원용산로 50-5", "cnt": 4}}, {"type": "Feature", "geometry": {"type": "Point", "coordinates": [126.929624, 35.250669]}, "properties": {"addr": "북구 신기마을길 17-6", "cnt": 4}}, {"type": "Feature", "geometry": {"type": "Point", "coordinates": [126.883409, 35.232203]}, "properties": {"addr": "북구 지야길 32", "cnt": 3}}, {"type": "Feature", "geometry": {"type": "Point", "coordinates": [126.886534, 35.24334]}, "properties": {"addr": "북구 용산마을길 121", "cnt": 3}}, {"type": "Feature", "geometry": {"type": "Point", "coordinates": [126.911226, 35.241853]}, "properties": {"addr": "북구 우곡길 34", "cnt": 4}}, {"type": "Feature", "geometry": {"type": "Point", "coordinates": [126.873543, 35.214783]}, "properties": {"addr": "북구 하서로447번길 52", "cnt": 3}}, {"type": "Feature", "geometry": {"type": "Point", "coordinates": [126.923105, 35.243676]}, "properties": {"addr": "북구 수곡마을로 41", "cnt": 3}}, {"type": "Feature", "geometry": {"type": "Point", "coordinates": [126.902915, 35.235207]}, "properties": {"addr": "북구 생용동 243-8", "cnt": 4}}, {"type": "Feature", "geometry": {"type": "Point", "coordinates": [126.917045, 35.252715]}, "properties": {"addr": "북구 용강마을길 95", "cnt": 3}}, {"type": "Feature", "geometry": {"type": "Point", "coordinates": [126.86755, 35.204473]}, "properties": {"addr": "북구 양산제로137번길 47", "cnt": 4}}, {"type": "Feature", "geometry": {"type": "Point", "coordinates": [126.87494, 35.184193]}, "properties": {"addr": "북구 서강로 133", "cnt": 2}}, {"type": "Feature", "geometry": {"type": "Point", "coordinates": [126.89547, 35.170795]}, "properties": {"addr": "북구 신안동 242-6", "cnt": 1}}, {"type": "Feature", "geometry": {"type": "Point", "coordinates": [126.863343, 35.238771]}, "properties": {"addr": "북구 삼소로 266", "cnt": 1}}, {"type": "Feature", "geometry": {"type": "Point", "coordinates": [126.860962, 35.228405]}, "properties": {"addr": "북구 첨단과기로 333", "cnt": 1}}, {"type": "Feature", "geometry": {"type": "Point", "coordinates": [126.856705, 35.228794]}, "properties": {"addr": "북구 앰코로 100", "cnt": 1}}, {"type": "Feature", "geometry": {"type": "Point", "coordinates": [126.861394, 35.237502]}, "properties": {"addr": "북구 첨단벤처소로37번길 44", "cnt": 3}}, {"type": "Feature", "geometry": {"type": "Point", "coordinates": [126.857697, 35.228728]}, "properties": {"addr": "북구 첨단벤처로 82", "cnt": 4}}, {"type": "Feature", "geometry": {"type": "Point", "coordinates": [126.859926, 35.226406]}, "properties": {"addr": "북구 첨단벤처로60번길 20", "cnt": 2}}, {"type": "Feature", "geometry": {"type": "Point", "coordinates": [126.859009, 35.223722]}, "properties": {"addr": "북구 첨단벤처로28번길 22", "cnt": 2}}, {"type": "Feature", "geometry": {"type": "Point", "coordinates": [126.848728, 35.222688]}, "properties": {"addr": "북구 첨단과기로208번길 42", "cnt": 3}}, {"type": "Feature", "geometry": {"type": "Point", "coordinates": [126.858839, 35.204951]}, "properties": {"addr": "북구 첨단연신로 293", "cnt": 4}}, {"type": "Feature", "geometry": {"type": "Point", "coordinates": [126.861412, 35.197759]}, "properties": {"addr": "북구 첨단연신로 390", "cnt": 4}}, {"type": "Feature", "geometry": {"type": "Point", "coordinates": [126.867689, 35.195691]}, "properties": {"addr": "북구 연제동 1108", "cnt": 3}}, {"type": "Feature", "geometry": {"type": "Point", "coordinates": [126.850357, 35.232563]}, "properties": {"addr": "북구 오룡동 1109-4", "cnt": 1}}, {"type": "Feature", "geometry": {"type": "Point", "coordinates": [126.851761, 35.229717]}, "properties": {"addr": "북구 오룡동 1109-4", "cnt": 1}}, {"type": "Feature", "geometry": {"type": "Point", "coordinates": [126.852806, 35.226177]}, "properties": {"addr": "북구 첨단과기로208번길 17-15", "cnt": 1}}, {"type": "Feature", "geometry": {"type": "Point", "coordinates": [126.8556, 35.1415]}, "properties": {"addr": "서구 쌍촌동 897-37", "cnt": 2}}, {"type": "Feature", "geometry": {"type": "Point", "coordinates": [126.857338, 35.152805]}, "properties": {"addr": "서구 쌍촌동 1268", "cnt": 3}}, {"type": "Feature", "geometry": {"type": "Point", "coordinates": [126.829548, 35.192442]}, "properties": {"addr": "광산구 수완로74번길 11-19", "cnt": 4}}, {"type": "Feature", "geometry": {"type": "Point", "coordinates": [126.830156, 35.19091]}, "properties": {"addr": "광산구 장신로 183", "cnt": 4}}, {"type": "Feature", "geometry": {"type": "Point", "coordinates": [126.923584, 35.15625]}, "properties": {"addr": "동구 계림로20번길 13", "cnt": 3}}, {"type": "Feature", "geometry": {"type": "Point", "coordinates": [126.922729, 35.154942]}, "properties": {"addr": "동구 산수동 487-21", "cnt": 3}}, {"type": "Feature", "geometry": {"type": "Point", "coordinates": [126.900104, 35.133421]}, "properties": {"addr": "남구 대남대로223번길 5", "cnt": 2}}, {"type": "Feature", "geometry": {"type": "Point", "coordinates": [126.901034, 35.133941]}, "properties": {"addr": "남구 백운동 659-1", "cnt": 3}}, {"type": "Feature", "geometry": {"type": "Point", "coordinates": [126.901739, 35.133981]}, "properties": {"addr": "남구 백운동 659-1", "cnt": 3}}, {"type": "Feature", "geometry": {"type": "Point", "coordinates": [126.902567, 35.133829]}, "properties": {"addr": "남구 백양로 7", "cnt": 2}}, {"type": "Feature", "geometry": {"type": "Point", "coordinates": [126.902129, 35.133091]}, "properties": {"addr": "남구 봉선로 1", "cnt": 2}}, {"type": "Feature", "geometry": {"type": "Point", "coordinates": [126.881436, 35.090108]}, "properties": {"addr": "남구 양과동 191", "cnt": 1}}, {"type": "Feature", "geometry": {"type": "Point", "coordinates": [126.881524, 35.089994]}, "properties": {"addr": "남구 양과동 191", "cnt": 1}}, {"type": "Feature", "geometry": {"type": "Point", "coordinates": [126.878153, 35.089533]}, "properties": {"addr": "남구 양과동 428-3", "cnt": 1}}, {"type": "Feature", "geometry": {"type": "Point", "coordinates": [126.878321, 35.087236]}, "properties": {"addr": "남구 양과동 1280-4", "cnt": 1}}, {"type": "Feature", "geometry": {"type": "Point", "coordinates": [126.919725, 35.143495]}, "properties": {"addr": "동구 문화전당로23번길 5-26", "cnt": 3}}, {"type": "Feature", "geometry": {"type": "Point", "coordinates": [126.919701, 35.142694]}, "properties": {"addr": "동구 금동 168-4", "cnt": 3}}, {"type": "Feature", "geometry": {"type": "Point", "coordinates": [126.917785, 35.143432]}, "properties": {"addr": "동구 백서로125번길 19-9", "cnt": 3}}, {"type": "Feature", "geometry": {"type": "Point", "coordinates": [126.920395, 35.143397]}, "properties": {"addr": "동구 문화전당로 8-6", "cnt": 2}}, {"type": "Feature", "geometry": {"type": "Point", "coordinates": [126.917459, 35.142504]}, "properties": {"addr": "동구 금동 146-6", "cnt": 3}}, {"type": "Feature", "geometry": {"type": "Point", "coordinates": [126.9182, 35.16473]}, "properties": {"addr": "동구 무등로 307번길 29", "cnt": 3}}, {"type": "Feature", "geometry": {"type": "Point", "coordinates": [126.9179, 35.16437]}, "properties": {"addr": "동구 무등로 307번길 25-10", "cnt": 3}}, {"type": "Feature", "geometry": {"type": "Point", "coordinates": [126.9185, 35.16377]}, "properties": {"addr": "동구 무등로 307번길 20-47", "cnt": 3}}, {"type": "Feature", "geometry": {"type": "Point", "coordinates": [126.9179, 35.16333]}, "properties": {"addr": "동구 무등로 307번길 14-15", "cnt": 2}}, {"type": "Feature", "geometry": {"type": "Point", "coordinates": [126.924595, 35.172338]}, "properties": {"addr": "북구 동문대로 102", "cnt": 1}}, {"type": "Feature", "geometry": {"type": "Point", "coordinates": [126.853695, 35.152378]}, "properties": {"addr": "서구 상무번영로 30", "cnt": 2}}, {"type": "Feature", "geometry": {"type": "Point", "coordinates": [126.87729, 35.169397]}, "properties": {"addr": "서구 화운로 337", "cnt": 4}}, {"type": "Feature", "geometry": {"type": "Point", "coordinates": [126.869719, 35.118898]}, "properties": {"addr": "서구 풍암동769-4", "cnt": 2}}, {"type": "Feature", "geometry": {"type": "Point", "coordinates": [126.874975, 35.147192]}, "properties": {"addr": "광주광역시 서구 화정동 368-214", "cnt": 4}}, {"type": "Feature", "geometry": {"type": "Point", "coordinates": [126.858866, 35.161733]}, "properties": {"addr": "서구 무진대로 714", "cnt": 3}}, {"type": "Feature", "geometry": {"type": "Point", "coordinates": [126.841772, 35.152236]}, "properties": {"addr": "서구 상무자유로 69", "cnt": 3}}, {"type": "Feature", "geometry": {"type": "Point", "coordinates": [126.875459, 35.166437]}, "properties": {"addr": "서구 칠성로 163-7", "cnt": 3}}, {"type": "Feature", "geometry": {"type": "Point", "coordinates": [126.896554, 35.158074]}, "properties": {"addr": "서구 천변좌로170번길 7-2", "cnt": 3}}, {"type": "Feature", "geometry": {"type": "Point", "coordinates": [126.881, 35.15732]}, "properties": {"addr": "서구 내방로 367", "cnt": 4}}, {"type": "Feature", "geometry": {"type": "Point", "coordinates": [126.909581, 35.128234]}, "properties": {"addr": "남구 봉선1로 37번길 2-6", "cnt": 3}}, {"type": "Feature", "geometry": {"type": "Point", "coordinates": [126.917098, 35.133489]}, "properties": {"addr": "남구 용대로183번안길 9", "cnt": 3}}, {"type": "Feature", "geometry": {"type": "Point", "coordinates": [126.901103, 35.134234]}, "properties": {"addr": "남구 독립로 5-4", "cnt": 2}}, {"type": "Feature", "geometry": {"type": "Point", "coordinates": [126.907966, 35.129042]}, "properties": {"addr": "남구 봉선로51번길 32", "cnt": 2}}, {"type": "Feature", "geometry": {"type": "Point", "coordinates": [126.891914, 35.145706]}, "properties": {"addr": "남구 월광길 53", "cnt": 3}}, {"type": "Feature", "geometry": {"type": "Point", "coordinates": [126.886683, 35.144915]}, "properties": {"addr": "남구 군분로147번길 10", "cnt": 4}}, {"type": "Feature", "geometry": {"type": "Point", "coordinates": [126.90234, 35.145276]}, "properties": {"addr": "남구 중앙로33번길 11", "cnt": 4}}, {"type": "Feature", "geometry": {"type": "Point", "coordinates": [126.893649, 35.131892]}, "properties": {"addr": "남구 회서로11번길 5", "cnt": 4}}, {"type": "Feature", "geometry": {"type": "Point", "coordinates": [126.903101, 35.114322]}, "properties": {"addr": "남구 진제3길 12", "cnt": 3}}, {"type": "Feature", "geometry": {"type": "Point", "coordinates": [126.898899, 35.112634]}, "properties": {"addr": "남구 화산로17번길 7", "cnt": 3}}, {"type": "Feature", "geometry": {"type": "Point", "coordinates": [126.90007, 35.108368]}, "properties": {"addr": "남구 효우로60번길 50", "cnt": 3}}, {"type": "Feature", "geometry": {"type": "Point", "coordinates": [126.804945, 35.068543]}, "properties": {"addr": "남구 월지길 28", "cnt": 3}}, {"type": "Feature", "geometry": {"type": "Point", "coordinates": [126.803703, 35.065081]}, "properties": {"addr": "남구 포충로 246", "cnt": 4}}, {"type": "Feature", "geometry": {"type": "Point", "coordinates": [126.875995, 35.108049]}, "properties": {"addr": "남구 입하2길 13", "cnt": 4}}, {"type": "Feature", "geometry": {"type": "Point", "coordinates": [126.879001, 35.110244]}, "properties": {"addr": "남구 송암로24번가길 25", "cnt": 4}}, {"type": "Feature", "geometry": {"type": "Point", "coordinates": [126.900839, 35.138363]}, "properties": {"addr": "남구 독립로53번길 10", "cnt": 3}}, {"type": "Feature", "geometry": {"type": "Point", "coordinates": [126.921538, 35.132238]}, "properties": {"addr": "남구 천변좌로566번다길 17", "cnt": 2}}, {"type": "Feature", "geometry": {"type": "Point", "coordinates": [126.90022, 35.131067]}, "properties": {"addr": "남구 주월동 1196-24", "cnt": 3}}, {"type": "Feature", "geometry": {"type": "Point", "coordinates": [126.911703, 35.140882]}, "properties": {"addr": "남구 양림동 108-14", "cnt": 3}}, {"type": "Feature", "geometry": {"type": "Point", "coordinates": [126.903613, 35.114775]}, "properties": {"addr": "남구 진월동 187-3", "cnt": 2}}, {"type": "Feature", "geometry": {"type": "Point", "coordinates": [126.89042, 35.146759]}, "properties": {"addr": "남구 대남대로398번길 5", "cnt": 4}}, {"type": "Feature", "geometry": {"type": "Point", "coordinates": [126.883216, 35.197737]}, "properties": {"addr": "광주광역시 북구 양일로 177", "cnt": 3}}, {"type": "Feature", "geometry": {"type": "Point", "coordinates": [126.874923, 35.200973]}, "properties": {"addr": "광주 북구 하서로 300", "cnt": 3}}, {"type": "Feature", "geometry": {"type": "Point", "coordinates": [126.877757, 35.197837]}, "properties": {"addr": "광주광역시 북구 양일로 111", "cnt": 2}}, {"type": "Feature", "geometry": {"type": "Point", "coordinates": [126.876728, 35.196958]}, "properties": {"addr": "광주 북구 양일로 130", "cnt": 2}}, {"type": "Feature", "geometry": {"type": "Point", "coordinates": [126.877017, 35.194683]}, "properties": {"addr": "광주 북구 하서로 215", "cnt": 3}}, {"type": "Feature", "geometry": {"type": "Point", "coordinates": [126.881099, 35.200866]}, "properties": {"addr": "광주광역시 북구 양일로 137-32", "cnt": 3}}, {"type": "Feature", "geometry": {"type": "Point", "coordinates": [126.881098, 35.197755]}, "properties": {"addr": "광주 북구 양일로 147", "cnt": 4}}, {"type": "Feature", "geometry": {"type": "Point", "coordinates": [126.880899, 35.195044]}, "properties": {"addr": "광주광역시 북구 하서로216번길 37", "cnt": 3}}, {"type": "Feature", "geometry": {"type": "Point", "coordinates": [126.883793, 35.195947]}, "properties": {"addr": "광주 북구 하서로216번길 64", "cnt": 2}}, {"type": "Feature", "geometry": {"type": "Point", "coordinates": [126.91922, 35.154452]}, "properties": {"addr": "동구 구성로238번길 26", "cnt": 4}}, {"type": "Feature", "geometry": {"type": "Point", "coordinates": [126.937114, 35.154345]}, "properties": {"addr": "동구 밤실로 76-12", "cnt": 3}}, {"type": "Feature", "geometry": {"type": "Point", "coordinates": [126.880057, 35.14836]}, "properties": {"addr": "서구 화운로 96-1", "cnt": 2}}, {"type": "Feature", "geometry": {"type": "Point", "coordinates": [126.859571, 35.140878]}, "properties": {"addr": "서구 운천로92번길 7", "cnt": 4}}, {"type": "Feature", "geometry": {"type": "Point", "coordinates": [126.877387, 35.151723]}, "properties": {"addr": "서구 상무대로 1056", "cnt": 3}}, {"type": "Feature", "geometry": {"type": "Point", "coordinates": [126.862804, 35.14509]}, "properties": {"addr": "서구 화정로49번길 3", "cnt": 3}}, {"type": "Feature", "geometry": {"type": "Point", "coordinates": [126.889075, 35.148547]}, "properties": {"addr": "서구 화정로294번길 13", "cnt": 4}}, {"type": "Feature", "geometry": {"type": "Point", "coordinates": [126.892353, 35.149434]}, "properties": {"addr": "남구 금화로482번길 10", "cnt": 4}}, {"type": "Feature", "geometry": {"type": "Point", "coordinates": [126.888956, 35.102296]}, "properties": {"addr": "남구 효우2로26번길 6", "cnt": 4}}, {"type": "Feature", "geometry": {"type": "Point", "coordinates": [126.904315, 35.163761]}, "properties": {"addr": "북구 중흥로 92", "cnt": 3}}, {"type": "Feature", "geometry": {"type": "Point", "coordinates": [126.934832, 35.172576]}, "properties": {"addr": "북구 월동로 8-1", "cnt": 4}}, {"type": "Feature", "geometry": {"type": "Point", "coordinates": [126.919423, 35.174416]}, "properties": {"addr": "북구 서방로51번길 39", "cnt": 4}}, {"type": "Feature", "geometry": {"type": "Point", "coordinates": [126.908726, 35.191764]}, "properties": {"addr": "북구 새터마을길 68", "cnt": 3}}, {"type": "Feature", "geometry": {"type": "Point", "coordinates": [126.896987, 35.18355]}, "properties": {"addr": "북구 비엔날레로 181-10", "cnt": 4}}, {"type": "Feature", "geometry": {"type": "Point", "coordinates": [126.809139, 35.159631]}, "properties": {"addr": "광산구 우산동 1601-6", "cnt": 3}}, {"type": "Feature", "geometry": {"type": "Point", "coordinates": [126.793379, 35.131164]}, "properties": {"addr": "광산구 송정로52번길 95", "cnt": 4}}, {"type": "Feature", "geometry": {"type": "Point", "coordinates": [126.846099, 35.215834]}, "properties": {"addr": "광산구 임방울대로800번길 37", "cnt": 3}}, {"type": "Feature", "geometry": {"type": "Point", "coordinates": [126.673135, 35.182955]}, "properties": {"addr": "광산구 빛중앙12로 4", "cnt": 4}}, {"type": "Feature", "geometry": {"type": "Point", "coordinates": [126.808182, 35.185299]}, "properties": {"addr": "광산구 흑석동800", "cnt": 3}}, {"type": "Feature", "geometry": {"type": "Point", "coordinates": [126.809178, 35.159611]}, "properties": {"addr": "광산구 무진대로 272-8", "cnt": 3}}, {"type": "Feature", "geometry": {"type": "Point", "coordinates": [126.9491, 35.0876]}, "properties": {"addr": "동구 선교동 447", "cnt": 2}}, {"type": "Feature", "geometry": {"type": "Point", "coordinates": [126.8638, 35.1719]}, "properties": {"addr": "서구 유림로 100", "cnt": 2}}, {"type": "Feature", "geometry": {"type": "Point", "coordinates": [126.782525, 35.147358]}, "properties": {"addr": "광산구 선암1로7", "cnt": 4}}, {"type": "Feature", "geometry": {"type": "Point", "coordinates": [126.912485, 35.170131]}, "properties": {"addr": "북구 중흥동 367-59", "cnt": 4}}, {"type": "Feature", "geometry": {"type": "Point", "coordinates": [126.798054, 35.138977]}, "properties": {"addr": "광산구 내상로53번길 31", "cnt": 2}}, {"type": "Feature", "geometry": {"type": "Point", "coordinates": [126.823523, 35.177254]}, "properties": {"addr": "광산구 목련로219번길 130", "cnt": 2}}, {"type": "Feature", "geometry": {"type": "Point", "coordinates": [126.798004, 35.137402]}, "properties": {"addr": "광산구 내상로 56-5", "cnt": 3}}, {"type": "Feature", "geometry": {"type": "Point", "coordinates": [126.754691, 35.12576]}, "properties": {"addr": "평동로 712-37", "cnt": 3}}, {"type": "Feature", "geometry": {"type": "Point", "coordinates": [126.850623, 35.220526]}, "properties": {"addr": "광산구 임방울대로825번길 60-18", "cnt": 4}}, {"type": "Feature", "geometry": {"type": "Point", "coordinates": [126.788115, 35.127663]}, "properties": {"addr": "광산구 서도산길50번길 20-13", "cnt": 3}}, {"type": "Feature", "geometry": {"type": "Point", "coordinates": [126.834764, 35.188628]}, "properties": {"addr": "광산구 신가동 1031", "cnt": 2}}, {"type": "Feature", "geometry": {"type": "Point", "coordinates": [126.802458, 35.137345]}, "properties": {"addr": "광산구 용보로49번안길 4", "cnt": 3}}, {"type": "Feature", "geometry": {"type": "Point", "coordinates": [126.750895, 35.133018]}, "properties": {"addr": "광산구 평동산단외로 65", "cnt": 4}}, {"type": "Feature", "geometry": {"type": "Point", "coordinates": [126.875199, 35.178813]}, "properties": {"addr": "북구 북문대로103번길 15", "cnt": 5}}, {"type": "Feature", "geometry": {"type": "Point", "coordinates": [126.87516, 35.178678]}, "properties": {"addr": "북구 북문대로103번길 15", "cnt": 1}}, {"type": "Feature", "geometry": {"type": "Point", "coordinates": [126.899551, 35.177789]}, "properties": {"addr": "북구 반룡로18번길 31", "cnt": 2}}, {"type": "Feature", "geometry": {"type": "Point", "coordinates": [126.899414, 35.177816]}, "properties": {"addr": "북구 반룡로18번길 32", "cnt": 2}}, {"type": "Feature", "geometry": {"type": "Point", "coordinates": [126.891614, 35.207044]}, "properties": {"addr": "북구 일곡마을로116번길 16-1", "cnt": 3}}, {"type": "Feature", "geometry": {"type": "Point", "coordinates": [126.869781, 35.185522]}, "properties": {"addr": "북구 북문대로201번길 10", "cnt": 2}}, {"type": "Feature", "geometry": {"type": "Point", "coordinates": [126.864803, 35.210027]}, "properties": {"addr": "북구 첨단연신로108번길 114", "cnt": 3}}, {"type": "Feature", "geometry": {"type": "Point", "coordinates": [126.910901, 35.160988]}, "properties": {"addr": "북구 무등로262번길 60", "cnt": 3}}, {"type": "Feature", "geometry": {"type": "Point", "coordinates": [126.910997, 35.161141]}, "properties": {"addr": "북구 무등로262번길 60", "cnt": 1}}, {"type": "Feature", "geometry": {"type": "Point", "coordinates": [126.91692, 35.183882]}, "properties": {"addr": "북구 대천로 86", "cnt": 4}}, {"type": "Feature", "geometry": {"type": "Point", "coordinates": [126.924415, 35.171124]}, "properties": {"addr": "북구 동문대로86번길 19", "cnt": 4}}, {"type": "Feature", "geometry": {"type": "Point", "coordinates": [126.860151, 35.164745]}, "properties": {"addr": "서구 상무버들로 32", "cnt": 3}}, {"type": "Feature", "geometry": {"type": "Point", "coordinates": [126.893446, 35.174449]}, "properties": {"addr": "북구 청계로 15", "cnt": 3}}, {"type": "Feature", "geometry": {"type": "Point", "coordinates": [126.893754, 35.173826]}, "properties": {"addr": "북구 신안동 308-3", "cnt": 3}}, {"type": "Feature", "geometry": {"type": "Point", "coordinates": [126.893902, 35.174534]}, "properties": {"addr": "북구 신안동 304-10", "cnt": 3}}, {"type": "Feature", "geometry": {"type": "Point", "coordinates": [126.893131, 35.172119]}, "properties": {"addr": "북구 신안동 343-2", "cnt": 3}}, {"type": "Feature", "geometry": {"type": "Point", "coordinates": [126.934182, 35.105421]}, "properties": {"addr": "동구 녹동길 85", "cnt": 3}}, {"type": "Feature", "geometry": {"type": "Point", "coordinates": [126.93692, 35.133416]}, "properties": {"addr": "동구 학동 999-13", "cnt": 3}}, {"type": "Feature", "geometry": {"type": "Point", "coordinates": [126.930991, 35.133569]}, "properties": {"addr": "동구 의재로33번길 3-11", "cnt": 2}}, {"type": "Feature", "geometry": {"type": "Point", "coordinates": [126.914317, 35.155641]}, "properties": {"addr": "동구 제봉로222번길 9-1", "cnt": 2}}, {"type": "Feature", "geometry": {"type": "Point", "coordinates": [126.913642, 35.155053]}, "properties": {"addr": "동구 제봉로222번길 1", "cnt": 4}}, {"type": "Feature", "geometry": {"type": "Point", "coordinates": [126.781644, 35.145449]}, "properties": {"addr": "광산구 선암동 73-1", "cnt": 3}}, {"type": "Feature", "geometry": {"type": "Point", "coordinates": [126.781648, 35.145639]}, "properties": {"addr": "광산구 선암동 73-1", "cnt": 2}}, {"type": "Feature", "geometry": {"type": "Point", "coordinates": [126.864107, 35.218591]}, "properties": {"addr": "북구 신용동 639-4", "cnt": 2}}, {"type": "Feature", "geometry": {"type": "Point", "coordinates": [126.864473, 35.219085]}, "properties": {"addr": "북구 신용동 639-4", "cnt": 2}}, {"type": "Feature", "geometry": {"type": "Point", "coordinates": [126.864462, 35.218691]}, "properties": {"addr": "북구 신용동 639-4", "cnt": 2}}, {"type": "Feature", "geometry": {"type": "Point", "coordinates": [126.864946, 35.219135]}, "properties": {"addr": "북구 신용동 639-4", "cnt": 2}}, {"type": "Feature", "geometry": {"type": "Point", "coordinates": [126.864349, 35.21832]}, "properties": {"addr": "북구 신용동 192-1", "cnt": 3}}, {"type": "Feature", "geometry": {"type": "Point", "coordinates": [126.864536, 35.218309]}, "properties": {"addr": "북구 신용동 192-1", "cnt": 2}}, {"type": "Feature", "geometry": {"type": "Point", "coordinates": [126.867721, 35.218084]}, "properties": {"addr": "북구 신용동 산8-6", "cnt": 3}}, {"type": "Feature", "geometry": {"type": "Point", "coordinates": [126.867534, 35.217468]}, "properties": {"addr": "북구 신용동 산8-6", "cnt": 2}}, {"type": "Feature", "geometry": {"type": "Point", "coordinates": [126.867848, 35.218433]}, "properties": {"addr": "북구 신용동 산8-6", "cnt": 2}}, {"type": "Feature", "geometry": {"type": "Point", "coordinates": [126.838794, 35.195962]}, "properties": {"addr": "광산구 신창로106번길 23-20", "cnt": 3}}, {"type": "Feature", "geometry": {"type": "Point", "coordinates": [126.799037, 35.145034]}, "properties": {"addr": "광산구 송정공원로 16", "cnt": 4}}, {"type": "Feature", "geometry": {"type": "Point", "coordinates": [126.8125, 35.191921]}, "properties": {"addr": "광산구 장신로19번길 12", "cnt": 4}}, {"type": "Feature", "geometry": {"type": "Point", "coordinates": [126.831939, 35.192658]}, "properties": {"addr": "광산구 수완로 106번길 50-15", "cnt": 3}}, {"type": "Feature", "geometry": {"type": "Point", "coordinates": [126.814718, 35.195201]}, "properties": {"addr": "광산구 장덕로 47", "cnt": 4}}, {"type": "Feature", "geometry": {"type": "Point", "coordinates": [126.693863, 35.168802]}, "properties": {"addr": "광산구 명도동 222-5", "cnt": 3}}, {"type": "Feature", "geometry": {"type": "Point", "coordinates": [126.839794, 35.195962]}, "properties": {"addr": "광산구 신창로138번길 8-23", "cnt": 2}}, {"type": "Feature", "geometry": {"type": "Point", "coordinates": [126.857101, 35.187293]}, "properties": {"addr": "광산구 신창동 79-34", "cnt": 3}}, {"type": "Feature", "geometry": {"type": "Point", "coordinates": [126.859646, 35.154064]}, "properties": {"addr": "서구 쌍촌동 1302-2번지", "cnt": 4}}, {"type": "Feature", "geometry": {"type": "Point", "coordinates": [126.860057, 35.153957]}, "properties": {"addr": "서구 쌍촌동 1302-2번지", "cnt": 4}}, {"type": "Feature", "geometry": {"type": "Point", "coordinates": [126.861476, 35.152017]}, "properties": {"addr": "서구 상무민주로32번길 10", "cnt": 4}}, {"type": "Feature", "geometry": {"type": "Point", "coordinates": [126.898956, 35.158618]}, "properties": {"addr": "북구 임동 889", "cnt": 3}}, {"type": "Feature", "geometry": {"type": "Point", "coordinates": [126.902271, 35.158197]}, "properties": {"addr": "북구 임동 894", "cnt": 2}}, {"type": "Feature", "geometry": {"type": "Point", "coordinates": [126.884884, 35.16467]}, "properties": {"addr": "서구 죽봉대로 124-16", "cnt": 4}}, {"type": "Feature", "geometry": {"type": "Point", "coordinates": [126.862525, 35.13823]}, "properties": {"addr": "서구 운천로56번길 19", "cnt": 3}}, {"type": "Feature", "geometry": {"type": "Point", "coordinates": [126.857814, 35.14691]}, "properties": {"addr": "서구 운천로154번길 3-17", "cnt": 4}}, {"type": "Feature", "geometry": {"type": "Point", "coordinates": [126.861138, 35.123639]}, "properties": {"addr": "서구 화개2로20번길 28-3", "cnt": 3}}, {"type": "Feature", "geometry": {"type": "Point", "coordinates": [126.816008, 35.096855]}, "properties": {"addr": "서구 용두동 752-22", "cnt": 3}}, {"type": "Feature", "geometry": {"type": "Point", "coordinates": [126.850276, 35.130258]}, "properties": {"addr": "서구 금호동 240-57", "cnt": 2}}, {"type": "Feature", "geometry": {"type": "Point", "coordinates": [126.862598, 35.156024]}, "properties": {"addr": "서구 상무오월로29번길 7", "cnt": 4}}, {"type": "Feature", "geometry": {"type": "Point", "coordinates": [126.860412, 35.13308]}, "properties": {"addr": "서구 금화로115번길 3", "cnt": 2}}, {"type": "Feature", "geometry": {"type": "Point", "coordinates": [126.913164, 35.153777]}, "properties": {"addr": "동구 제봉로213번길 14-1", "cnt": 3}}, {"type": "Feature", "geometry": {"type": "Point", "coordinates": [126.948171, 35.1312]}, "properties": {"addr": "동구 동산길7번길 5", "cnt": 3}}, {"type": "Feature", "geometry": {"type": "Point", "coordinates": [126.932861, 35.159995]}, "properties": {"addr": "동구 필문대로 123번길 15", "cnt": 2}}, {"type": "Feature", "geometry": {"type": "Point", "coordinates": [126.930599, 35.156907]}, "properties": {"addr": "동구 무등로 449번길 7", "cnt": 3}}, {"type": "Feature", "geometry": {"type": "Point", "coordinates": [126.936784, 35.151344]}, "properties": {"addr": "동구 밤실로 43", "cnt": 3}}, {"type": "Feature", "geometry": {"type": "Point", "coordinates": [126.95152, 35.089753]}, "properties": {"addr": "동구 선교동 274-2", "cnt": 4}}, {"type": "Feature", "geometry": {"type": "Point", "coordinates": [126.942626, 35.09186]}, "properties": {"addr": "동구 선교동 486", "cnt": 4}}, {"type": "Feature", "geometry": {"type": "Point", "coordinates": [126.905615, 35.150031]}, "properties": {"addr": "서구 독립로 192", "cnt": 4}}, {"type": "Feature", "geometry": {"type": "Point", "coordinates": [126.905615, 35.150031]}, "properties": {"addr": "서구 독립로204번길 26", "cnt": 4}}, {"type": "Feature", "geometry": {"type": "Point", "coordinates": [126.906756, 35.150086]}, "properties": {"addr": "서구 천변좌로298번길 11", "cnt": 4}}, {"type": "Feature", "geometry": {"type": "Point", "coordinates": [126.871317, 35.168639]}, "properties": {"addr": "서구 천변우하로 469", "cnt": 3}}, {"type": "Feature", "geometry": {"type": "Point", "coordinates": [126.872925, 35.171454]}, "properties": {"addr": "서구 동천동 673", "cnt": 3}}, {"type": "Feature", "geometry": {"type": "Point", "coordinates": [126.861253, 35.169002]}, "properties": {"addr": "서구 동천동 552", "cnt": 4}}, {"type": "Feature", "geometry": {"type": "Point", "coordinates": [126.874542, 35.170544]}, "properties": {"addr": "서구 동림2지구길 21", "cnt": 3}}, {"type": "Feature", "geometry": {"type": "Point", "coordinates": [126.917804, 35.173887]}, "properties": {"addr": "북구 서방로39번길 22", "cnt": 4}}, {"type": "Feature", "geometry": {"type": "Point", "coordinates": [126.908358, 35.161677]}, "properties": {"addr": "북구 경양로147번길 15", "cnt": 3}}, {"type": "Feature", "geometry": {"type": "Point", "coordinates": [126.921889, 35.185927]}, "properties": {"addr": "북구 문산로43-11", "cnt": 4}}, {"type": "Feature", "geometry": {"type": "Point", "coordinates": [126.909912, 35.158381]}, "properties": {"addr": "북구 중가로 89", "cnt": 4}}, {"type": "Feature", "geometry": {"type": "Point", "coordinates": [126.904707, 35.160739]}, "properties": {"addr": "북구 중가로 37번길 17", "cnt": 4}}, {"type": "Feature", "geometry": {"type": "Point", "coordinates": [126.90427, 35.159397]}, "properties": {"addr": "북구 금재로1번길 25", "cnt": 3}}, {"type": "Feature", "geometry": {"type": "Point", "coordinates": [126.895116, 35.208051]}, "properties": {"addr": "북구 일곡로 55", "cnt": 2}}, {"type": "Feature", "geometry": {"type": "Point", "coordinates": [126.8113, 35.09405]}, "properties": {"addr": "서구 용두동 636-8", "cnt": 3}}, {"type": "Feature", "geometry": {"type": "Point", "coordinates": [126.824536, 35.10793]}, "properties": {"addr": "서구 서창동 506-9", "cnt": 3}}, {"type": "Feature", "geometry": {"type": "Point", "coordinates": [126.831145, 35.11668]}, "properties": {"addr": "서구 세하동 402-1", "cnt": 4}}, {"type": "Feature", "geometry": {"type": "Point", "coordinates": [126.836976, 35.139318]}, "properties": {"addr": "서구 월암길 52", "cnt": 3}}, {"type": "Feature", "geometry": {"type": "Point", "coordinates": [126.83684, 35.144764]}, "properties": {"addr": "서구 마륵동 556-4", "cnt": 4}}, {"type": "Feature", "geometry": {"type": "Point", "coordinates": [126.850095, 35.12869]}, "properties": {"addr": "서구 금호동 1058", "cnt": 3}}, {"type": "Feature", "geometry": {"type": "Point", "coordinates": [126.9065, 35.11831]}, "properties": {"addr": "남구 봉선동 산128-12", "cnt": 1}}, {"type": "Feature", "geometry": {"type": "Point", "coordinates": [126.906576, 35.117342]}, "properties": {"addr": "남구 진월동 산82-7", "cnt": 3}}, {"type": "Feature", "geometry": {"type": "Point", "coordinates": [126.906635, 35.117349]}, "properties": {"addr": "남구 진월동 산94-2", "cnt": 2}}, {"type": "Feature", "geometry": {"type": "Point", "coordinates": [126.903325, 35.182748]}, "properties": {"addr": "북구 고운로 42-9", "cnt": 3}}, {"type": "Feature", "geometry": {"type": "Point", "coordinates": [126.905353, 35.181758]}, "properties": {"addr": "북구 용봉동 1205-36", "cnt": 3}}, {"type": "Feature", "geometry": {"type": "Point", "coordinates": [126.913694, 35.179893]}, "properties": {"addr": "북구 호동로79번길 81-1", "cnt": 4}}, {"type": "Feature", "geometry": {"type": "Point", "coordinates": [126.915521, 35.177966]}, "properties": {"addr": "북구 면앙로32번길 32", "cnt": 2}}, {"type": "Feature", "geometry": {"type": "Point", "coordinates": [126.915753, 35.17709]}, "properties": {"addr": "북구 면앙로32번길 53", "cnt": 2}}, {"type": "Feature", "geometry": {"type": "Point", "coordinates": [126.915058, 35.175324]}, "properties": {"addr": "북구 호동로 21-9", "cnt": 3}}, {"type": "Feature", "geometry": {"type": "Point", "coordinates": [126.917442, 35.176342]}, "properties": {"addr": "북구 호동로 52", "cnt": 4}}, {"type": "Feature", "geometry": {"type": "Point", "coordinates": [126.910293, 35.18284]}, "properties": {"addr": "북구 우치로186번길 39", "cnt": 3}}, {"type": "Feature", "geometry": {"type": "Point", "coordinates": [126.897653, 35.177059]}, "properties": {"addr": "북구 용봉동 1114-41", "cnt": 3}}, {"type": "Feature", "geometry": {"type": "Point", "coordinates": [126.913132, 35.180896]}, "properties": {"addr": "북구 면앙로 3-9", "cnt": 4}}, {"type": "Feature", "geometry": {"type": "Point", "coordinates": [126.899923, 35.183106]}, "properties": {"addr": "북구 고운로 13번길 19", "cnt": 3}}, {"type": "Feature", "geometry": {"type": "Point", "coordinates": [126.896684, 35.179875]}, "properties": {"addr": "북구 저불로70번길 12-8", "cnt": 4}}, {"type": "Feature", "geometry": {"type": "Point", "coordinates": [126.887801, 35.170702]}, "properties": {"addr": "북구 무등로 27번길 10", "cnt": 4}}, {"type": "Feature", "geometry": {"type": "Point", "coordinates": [126.882511, 35.173748]}, "properties": {"addr": "북구 북문대로19번길 8", "cnt": 3}}, {"type": "Feature", "geometry": {"type": "Point", "coordinates": [126.882871, 35.175171]}, "properties": {"addr": "북구 비엔날레로3번길 54", "cnt": 3}}, {"type": "Feature", "geometry": {"type": "Point", "coordinates": [126.873408, 35.185298]}, "properties": {"addr": "북구 운암동 1181-80", "cnt": 4}}, {"type": "Feature", "geometry": {"type": "Point", "coordinates": [126.880317, 35.21899]}, "properties": {"addr": "북구 본촌동 322", "cnt": 3}}, {"type": "Feature", "geometry": {"type": "Point", "coordinates": [126.876022, 35.220739]}, "properties": {"addr": "북구 용두마을길33번길 3", "cnt": 4}}, {"type": "Feature", "geometry": {"type": "Point", "coordinates": [126.820175, 35.109114]}, "properties": {"addr": "서구 서창동 1044-17", "cnt": 3}}, {"type": "Feature", "geometry": {"type": "Point", "coordinates": [126.855155, 35.123991]}, "properties": {"addr": "서구 화개2로9번길 23-13", "cnt": 3}}, {"type": "Feature", "geometry": {"type": "Point", "coordinates": [126.854932, 35.134812]}, "properties": {"addr": "서구 금호동 산89-35", "cnt": 2}}, {"type": "Feature", "geometry": {"type": "Point", "coordinates": [126.854943, 35.1357]}, "properties": {"addr": "서구 금호동 341-44", "cnt": 2}}, {"type": "Feature", "geometry": {"type": "Point", "coordinates": [126.854948, 35.136344]}, "properties": {"addr": "서구 금호동 산119", "cnt": 3}}, {"type": "Feature", "geometry": {"type": "Point", "coordinates": [126.85534, 35.13727]}, "properties": {"addr": "서구 금호동 산118", "cnt": 2}}, {"type": "Feature", "geometry": {"type": "Point", "coordinates": [126.854675, 35.138254]}, "properties": {"addr": "서구 금호동 산123", "cnt": 3}}, {"type": "Feature", "geometry": {"type": "Point", "coordinates": [126.853972, 35.138136]}, "properties": {"addr": "서구 금호동 475", "cnt": 2}}, {"type": "Feature", "geometry": {"type": "Point", "coordinates": [126.853227, 35.138477]}, "properties": {"addr": "서구 금호동 산129-1", "cnt": 2}}, {"type": "Feature", "geometry": {"type": "Point", "coordinates": [126.854527, 35.138868]}, "properties": {"addr": "서구 금호동 산124-3", "cnt": 3}}, {"type": "Feature", "geometry": {"type": "Point", "coordinates": [126.854114, 35.139425]}, "properties": {"addr": "서구 마륵동 산22-8", "cnt": 4}}, {"type": "Feature", "geometry": {"type": "Point", "coordinates": [126.853782, 35.141722]}, "properties": {"addr": "서구 마륵동 산8-5", "cnt": 2}}, {"type": "Feature", "geometry": {"type": "Point", "coordinates": [126.853303, 35.142287]}, "properties": {"addr": "서구 마륵동 97-80", "cnt": 3}}, {"type": "Feature", "geometry": {"type": "Point", "coordinates": [126.853419, 35.142589]}, "properties": {"addr": "서구 마륵동 97-77", "cnt": 3}}, {"type": "Feature", "geometry": {"type": "Point", "coordinates": [126.853843, 35.142707]}, "properties": {"addr": "서구 쌍촌동 산102-7", "cnt": 3}}, {"type": "Feature", "geometry": {"type": "Point", "coordinates": [126.852865, 35.144581]}, "properties": {"addr": "서구 쌍촌동 산104-11", "cnt": 2}}, {"type": "Feature", "geometry": {"type": "Point", "coordinates": [126.852917, 35.145616]}, "properties": {"addr": "서구 치평동 산22-16", "cnt": 4}}, {"type": "Feature", "geometry": {"type": "Point", "coordinates": [126.800061, 35.194736]}, "properties": {"addr": "광산구 하남산단4번로 65", "cnt": 3}}, {"type": "Feature", "geometry": {"type": "Point", "coordinates": [126.80102, 35.194308]}, "properties": {"addr": "광산구 하남산단4번로 67", "cnt": 3}}, {"type": "Feature", "geometry": {"type": "Point", "coordinates": [126.80644, 35.189263]}, "properties": {"addr": "광산구 장덕동 992-6", "cnt": 2}}, {"type": "Feature", "geometry": {"type": "Point", "coordinates": [126.806599, 35.188717]}, "properties": {"addr": "광산구 장덕동 992-6", "cnt": 3}}, {"type": "Feature", "geometry": {"type": "Point", "coordinates": [126.806635, 35.189529]}, "properties": {"addr": "광산구 하남산단3번로 113", "cnt": 3}}, {"type": "Feature", "geometry": {"type": "Point", "coordinates": [126.926914, 35.151955]}, "properties": {"addr": "동구 동명로 63-14", "cnt": 2}}, {"type": "Feature", "geometry": {"type": "Point", "coordinates": [126.926713, 35.152081]}, "properties": {"addr": "동구 동명로 63-26", "cnt": 2}}, {"type": "Feature", "geometry": {"type": "Point", "coordinates": [126.930206, 35.152605]}, "properties": {"addr": "동구 필문대로218번길 2-28", "cnt": 4}}, {"type": "Feature", "geometry": {"type": "Point", "coordinates": [126.925887, 35.145657]}, "properties": {"addr": "백서로 198번길 5-1", "cnt": 3}}, {"type": "Feature", "geometry": {"type": "Point", "coordinates": [126.8337, 35.08551]}, "properties": {"addr": "남구 지석동 514", "cnt": 3}}, {"type": "Feature", "geometry": {"type": "Point", "coordinates": [126.833706, 35.085194]}, "properties": {"addr": "남구 지석동 514", "cnt": 3}}, {"type": "Feature", "geometry": {"type": "Point", "coordinates": [126.922679, 35.133748]}, "properties": {"addr": "남구 천변좌로534번길 3", "cnt": 4}}, {"type": "Feature", "geometry": {"type": "Point", "coordinates": [126.903261, 35.128297]}, "properties": {"addr": "남구 봉선로52번길 10", "cnt": 3}}, {"type": "Feature", "geometry": {"type": "Point", "coordinates": [126.926872, 35.180701]}, "properties": {"addr": "면앙로 121번길 84", "cnt": 4}}, {"type": "Feature", "geometry": {"type": "Point", "coordinates": [126.859286, 35.132577]}, "properties": {"addr": "서구 운천로 1", "cnt": 4}}, {"type": "Feature", "geometry": {"type": "Point", "coordinates": [126.869224, 35.120995]}, "properties": {"addr": "서구 풍암동 1044", "cnt": 3}}, {"type": "Feature", "geometry": {"type": "Point", "coordinates": [126.869724, 35.121889]}, "properties": {"addr": "서구 풍암동 1044", "cnt": 2}}, {"type": "Feature", "geometry": {"type": "Point", "coordinates": [126.8536, 35.140785]}, "properties": {"addr": "서구 마륵동 산20-1", "cnt": 2}}, {"type": "Feature", "geometry": {"type": "Point", "coordinates": [126.861395, 35.147919]}, "properties": {"addr": "서구 쌍촌로47번길 41-1", "cnt": 3}}, {"type": "Feature", "geometry": {"type": "Point", "coordinates": [126.861154, 35.147777]}, "properties": {"addr": "서구 쌍촌로47번길 41-1", "cnt": 3}}, {"type": "Feature", "geometry": {"type": "Point", "coordinates": [126.922398, 35.162332]}, "properties": {"addr": "동구 중앙로 350", "cnt": 3}}, {"type": "Feature", "geometry": {"type": "Point", "coordinates": [126.923843, 35.161231]}, "properties": {"addr": "동구 계림동 69-5", "cnt": 3}}, {"type": "Feature", "geometry": {"type": "Point", "coordinates": [126.923938, 35.16075]}, "properties": {"addr": "동구 계림동 66-7", "cnt": 3}}, {"type": "Feature", "geometry": {"type": "Point", "coordinates": [126.874606, 35.18284]}, "properties": {"addr": "북구 서강로 129", "cnt": 1}}, {"type": "Feature", "geometry": {"type": "Point", "coordinates": [126.874606, 35.18284]}, "properties": {"addr": "북구 서강로 129", "cnt": 4}}, {"type": "Feature", "geometry": {"type": "Point", "coordinates": [126.878131, 35.179676]}, "properties": {"addr": "북구 북문대로98번길 18", "cnt": 3}}, {"type": "Feature", "geometry": {"type": "Point", "coordinates": [126.878343, 35.179565]}, "properties": {"addr": "북구 북문대로98번길 18", "cnt": 4}}, {"type": "Feature", "geometry": {"type": "Point", "coordinates": [126.880236, 35.180496]}, "properties": {"addr": "북구 북문대로98번길 18", "cnt": 3}}, {"type": "Feature", "geometry": {"type": "Point", "coordinates": [126.880437, 35.18025]}, "properties": {"addr": "북구 북문대로98번길 18", "cnt": 3}}, {"type": "Feature", "geometry": {"type": "Point", "coordinates": [126.876214, 35.183488]}, "properties": {"addr": "북구 북문대로98번길 50", "cnt": 2}}, {"type": "Feature", "geometry": {"type": "Point", "coordinates": [126.876544, 35.183049]}, "properties": {"addr": "북구 북문대로98번길 50", "cnt": 2}}, {"type": "Feature", "geometry": {"type": "Point", "coordinates": [126.859908, 35.182193]}, "properties": {"addr": "북구 동림동 산 58-23", "cnt": 3}}, {"type": "Feature", "geometry": {"type": "Point", "coordinates": [126.86045, 35.182121]}, "properties": {"addr": "북구 동림동 산 58-23", "cnt": 3}}, {"type": "Feature", "geometry": {"type": "Point", "coordinates": [126.860994, 35.182115]}, "properties": {"addr": "북구 동림동 187-7", "cnt": 3}}, {"type": "Feature", "geometry": {"type": "Point", "coordinates": [126.861212, 35.181875]}, "properties": {"addr": "북구 동림동 187-7", "cnt": 4}}, {"type": "Feature", "geometry": {"type": "Point", "coordinates": [126.866544, 35.186364]}, "properties": {"addr": "북구 동림동 37-54", "cnt": 3}}, {"type": "Feature", "geometry": {"type": "Point", "coordinates": [126.867071, 35.186459]}, "properties": {"addr": "북구 동림동 산34-16", "cnt": 3}}, {"type": "Feature", "geometry": {"type": "Point", "coordinates": [126.867484, 35.186231]}, "properties": {"addr": "북구 동림동 27-5", "cnt": 1}}, {"type": "Feature", "geometry": {"type": "Point", "coordinates": [126.868035, 35.184468]}, "properties": {"addr": "북구 동림동 20-1", "cnt": 3}}, {"type": "Feature", "geometry": {"type": "Point", "coordinates": [126.867086, 35.184027]}, "properties": {"addr": "북구 동림동 202-1", "cnt": 3}}, {"type": "Feature", "geometry": {"type": "Point", "coordinates": [126.866987, 35.18323]}, "properties": {"addr": "북구 동림동 202-2", "cnt": 3}}, {"type": "Feature", "geometry": {"type": "Point", "coordinates": [126.782396, 35.149614]}, "properties": {"addr": "광산구 선암1로 31", "cnt": 4}}, {"type": "Feature", "geometry": {"type": "Point", "coordinates": [126.810754, 35.159352]}, "properties": {"addr": "광산구 사암로172번길 45", "cnt": 4}}, {"type": "Feature", "geometry": {"type": "Point", "coordinates": [126.894663, 35.194188]}, "properties": {"addr": "남구 광복마을3길 25", "cnt": 3}}, {"type": "Feature", "geometry": {"type": "Point", "coordinates": [126.919884, 35.133913]}, "properties": {"addr": "남구 방림로20번길 1-2", "cnt": 3}}, {"type": "Feature", "geometry": {"type": "Point", "coordinates": [126.898773, 35.146447]}, "properties": {"addr": "남구 덕림남1길 2", "cnt": 2}}, {"type": "Feature", "geometry": {"type": "Point", "coordinates": [126.898672, 35.146539]}, "properties": {"addr": "남구 덕림남1길 3", "cnt": 1}}, {"type": "Feature", "geometry": {"type": "Point", "coordinates": [126.805098, 35.145911]}, "properties": {"addr": "광산구 신촌동 1037-20", "cnt": 3}}, {"type": "Feature", "geometry": {"type": "Point", "coordinates": [126.808337, 35.157485]}, "properties": {"addr": "광산구 우산로73번길 11", "cnt": 3}}, {"type": "Feature", "geometry": {"type": "Point", "coordinates": [126.933728, 35.127564]}, "properties": {"addr": "동구 학소로86번길 1", "cnt": 4}}, {"type": "Feature", "geometry": {"type": "Point", "coordinates": [126.92991, 35.119492]}, "properties": {"addr": "동구 화산로335번길 11-6", "cnt": 3}}, {"type": "Feature", "geometry": {"type": "Point", "coordinates": [126.922364, 35.131999]}, "properties": {"addr": "남구 천변좌로542번다길 5", "cnt": 2}}, {"type": "Feature", "geometry": {"type": "Point", "coordinates": [126.922079, 35.13112]}, "properties": {"addr": "남구 천변좌로 566번라길3", "cnt": 3}}, {"type": "Feature", "geometry": {"type": "Point", "coordinates": [126.922414, 35.130483]}, "properties": {"addr": "남구 치마봉 1길 3-1", "cnt": 2}}, {"type": "Feature", "geometry": {"type": "Point", "coordinates": [126.923797, 35.130759]}, "properties": {"addr": "남구 큰방림길 54", "cnt": 3}}, {"type": "Feature", "geometry": {"type": "Point", "coordinates": [126.923436, 35.130153]}, "properties": {"addr": "남구 천변좌로574번길 17-2", "cnt": 4}}, {"type": "Feature", "geometry": {"type": "Point", "coordinates": [126.923206, 35.129753]}, "properties": {"addr": "남구 치마봉길 22", "cnt": 3}}]}